Title,Budget,Cost,Date,Ex/In,Special,Type Expenses,Type In come
luong shopee,64361,"₫64,361",04/12/2024,In-come,,,Salary
xin mẹ tiền ăn,190000,"₫190,000",03/12/2024,In-come,,,Family
xin mẹ tiền tuần,147000,"₫147,000",17/11/2024,In-come,,,Family
xin mẹ tiền tuần,139000,"₫139,000",10/11/2024,In-come,,,Family
lời MFS,819000,"₫819,000",09/11/2024,In-come,,,Invest
xin mẹ tiền tuần,570000,"₫570,000",04/11/2024,In-come,,,Family
xin mẹ tiền tuần,505000,"₫505,000",27/10/2024,In-come,,,Family
xin mẹ tiền tuần,470000,"₫470,000",21/10/2024,In-come,,,Family
xin mẹ tiền xnagw,100000,"₫100,000",20/10/2024,In-come,,,Family
tiền võng,100000,"₫100,000",17/10/2024,In-come,,,Sell old things
DNSE,200000,"₫200,000",17/10/2024,In-come,,,Invest
xin mẹ tiền ăn,801000,"₫801,000",14/10/2024,In-come,,,Family
xin tiền mẹ đánh cầu,80000,"₫80,000",13/10/2024,In-come,,,Family
xin mẹ tiền ăn,470000,"₫470,000",06/10/2024,In-come,,,Family
mẹ cho tiền tuần,496000,"₫496,000",30/09/2024,In-come,,,Family
mẹ cho tiền đổ xăng,74000,"₫74,000",28/09/2024,In-come,,,Family
xin mẹ tiền tuần,350000,"₫350,000",24/09/2024,In-come,,,Family
xin tiền mẹ đi chơi,118000,"₫118,000",23/09/2024,In-come,,,Family
vay vốn sinh viên 2024,40000000,"₫40,000,000",16/09/2024,In-come,"BigY, Vay",,Cho vay
xin mẹ tiền tuần,400000,"₫400,000",10/09/2024,In-come,,,Family
xin tiền mẹ bida,101000,"₫101,000",06/09/2024,In-come,,,Family
dì chín cho tiền học,200000,"₫200,000",04/09/2024,In-come,,,Clan
xin mẹ tiền tuần,300000,"₫300,000",04/09/2024,In-come,,,Family
xin mẹ tiền đi chơi,400000,"₫400,000",04/09/2024,In-come,,,Family
xin mẹ tiền ăn,450000,"₫450,000",26/08/2024,In-come,,,Family
xin tiền mẹ đánh cầu,50000,"₫50,000",25/08/2024,In-come,,,Family
xin mẹ tiền đánh bida,50000,"₫50,000",23/08/2024,In-come,,,Family
xin mẹ tiền tuần ,353000,"₫353,000",20/08/2024,In-come,,,Family
xin mẹ tiền vé show ,200000,"₫200,000",20/08/2024,In-come,,,Family
xin tiền mẹ đi chơi,75000,"₫75,000",17/08/2024,In-come,,,Family
phát bao bida,15000,"₫15,000",17/08/2024,In-come,,,Anh em
lượm,20000,"₫20,000",14/08/2024,In-come,,,Luck
xin mẹ tiền tuần,406000,"₫406,000",12/08/2024,In-come,,,Family
dượng 3 + mợ 5 cho tiền,300000,"₫300,000",11/08/2024,In-come,,,Clan
ứng trước tiền tuần ,200000,"₫200,000",11/08/2024,In-come,,,Family
mẹ cho tiền chơi,15000,"₫15,000",11/08/2024,In-come,,,Family
xin mẹ tiền tuần,570000,"₫570,000",05/08/2024,In-come,,,Family
xin mẹ tiền đánh cầu,130000,"₫130,000",03/08/2024,In-come,,,Family
xin tiền mẹ đóng ktx,1500000,"₫1,500,000",26/07/2024,In-come,,,Family
xin mẹ tiền đánh cầu,385000,"₫385,000",25/07/2024,In-come,,,Family
mẹ cho tiền đi ctho,100000,"₫100,000",23/07/2024,In-come,,,Family
xin mẹ tiền đánh cầu,125000,"₫125,000",22/07/2024,In-come,,,Family
mẹ cho tiền ăn + tiền đóng ktx,300000,"₫300,000",15/07/2024,In-come,,,Family
xin mẹ tiền đi chơi,103000,"₫103,000",14/07/2024,In-come,,,Family
xin mẹ tiền đánh cầu,87000,"₫87,000",12/07/2024,In-come,,,Family
xin tiền trả xe để trả shopeee,250000,"₫250,000",08/07/2024,In-come,,,Family
mẹ cho tiền ăn + xin tiền trả xe để trả shopeee,380000,"₫380,000",08/07/2024,In-come,,,Family
xin tiền mẹ đi chơi,20000,"₫20,000",05/07/2024,In-come,,,Family
xin mẹ tiền tuần,350000,"₫350,000",01/07/2024,In-come,,,Family
mẹ cho tiền đi chơi ,100000,"₫100,000",30/06/2024,In-come,,,Family
xin tiền mẹ đánh bida + du,60000,"₫60,000",30/06/2024,In-come,,,Family
xin tiền mẹ mua đồ ăn,122000,"₫122,000",30/06/2024,In-come,,,Family
mẹ cho tiền đánh cầu,67000,"₫67,000",28/06/2024,In-come,,,Family
mẹ cho tiền ở nhà,210000,"₫210,000",24/06/2024,In-come,,,Family
mẹ hco tiền đánh cầu,50000,"₫50,000",16/06/2024,In-come,,,Family
học phí 1-III,3550000,"₫3,550,000",13/06/2024,In-come,BigY,,Family
mẹ cho tiền ăn snags,50000,"₫50,000",13/06/2024,In-come,,,Family
mẹ cho tiền chơi,220000,"₫220,000",12/06/2024,In-come,,,Family
xin mẹ tiền học phí bù tiền mua ram,500000,"₫500,000",10/06/2024,In-come,,,Family
mẹ cho tiền đi Hoà An,2012000,"₫2,012,000",26/05/2024,In-come,,,Family
mẹ cho tiền đánh cầu,270000,"₫270,000",19/05/2024,In-come,,,Family
mẹ cho tiền đánh cầu,30000,"₫30,000",18/05/2024,In-come,,,Family
mẹ cho tiền đi chơi vs kiên,34000,"₫34,000",16/05/2024,In-come,,,Family
Tổng lương shopee,733327,"₫733,327",15/05/2024,In-come,,,Salary
lụm cổng A,52000,"₫52,000",09/05/2024,In-come,,,Luck
mẹ cho tiền vốn chạy shopee,692000,"₫692,000",06/05/2024,In-come,,,Family
nội cho,200000,"₫200,000",06/05/2024,In-come,,,Clan
mẹ cho tiền đi học,230000,"₫230,000",04/05/2024,In-come,,,Family
mẹ cho tiền đánh cầu,50000,"₫50,000",01/05/2024,In-come,,,Family
mẹ cho tiền ,195000,"₫195,000",29/04/2024,In-come,,,Family
mẹ cho tiền qua ct,156000,"₫156,000",28/04/2024,In-come,,,Family
mẹ cho tiền hớt tóc,66000,"₫66,000",26/04/2024,In-come,,,Family
mẹ cho tiền tuần + mua đồ,526000,"₫526,000",22/04/2024,In-come,,,Family
mẹ cho tiền bida,150000,"₫150,000",20/04/2024,In-come,,,Family
tiền tuần + mua cafe,470000,"₫470,000",14/04/2024,In-come,,,Family
tiền đánh cầu,40000,"₫40,000",13/04/2024,In-come,,,Family
ăn t7 + điện,170000,"₫170,000",13/04/2024,In-come,,,Family
mẹ cho tiền tuần,560000,"₫560,000",08/04/2024,In-come,,,Family
mẹ cho tiền đánh cầu,150000,"₫150,000",07/04/2024,In-come,,,Family
ân bao ép ổi - sn,12000,"₫12,000",03/04/2024,In-come,,,Anh em
mẹ cho tiền tuần,450000,"₫450,000",01/04/2024,In-come,,,Family
mẹ cho tiền cầu lòn,81000,"₫81,000",30/03/2024,In-come,,,Family
mẹ cho tiền ăn,380000,"₫380,000",25/03/2024,In-come,,,Family
mẹ cho tiền đánh cầu,95000,"₫95,000",25/03/2024,In-come,,,Family
mẹ đưa dư tiền mua đồ,100000,"₫100,000",22/03/2024,In-come,,,Family
mẹ cho tiền tuần,450000,"₫450,000",18/03/2024,In-come,,,Family
tiền sư phạm 2023,13327000,"₫13,327,000",16/02/2023,In-come,"BigY, Vay",,Cho vay
mẹ cho tiền quánh cầu,60000,"₫60,000",15/03/2024,In-come,,,Family
tiền tuần,300000,"₫300,000",11/03/2024,In-come,,,Family
học phí 1-II,12250000,"₫12,250,000",11/03/2024,In-come,BigY,,Family
mẹ cho tiền quánh cầu,60000,"₫60,000",10/03/2024,In-come,,,Family
mẹ cho tiền t7,50000,"₫50,000",10/03/2024,In-come,,,Family
mẹ cho tiền tuần,350000,"₫350,000",03/03/2024,In-come,,,Family
mẹ cho ,100000,"₫100,000",02/03/2024,In-come,,,Family
mẹ cho tiền tuần,300000,"₫300,000",25/02/2024,In-come,,,Family
mẹ cho tiền đánh cầu,40000,"₫40,000",24/02/2024,In-come,,,Family
ba cho tiền đi học,63000,"₫63,000",19/02/2024,In-come,,,Family
mẹ cho,87000,"₫87,000",16/02/2024,In-come,,,Family
lương mộc cf,1750000,"₫1,750,000",16/02/2024,In-come,,,Salary
dợng 6 lì xì,50000,"₫50,000",14/02/2024,In-come,,,Clan
dượng 9 lì xì,250000,"₫250,000",14/02/2024,In-come,,,Clan
bà nội lì xì,100000,"₫100,000",14/02/2024,In-come,,,Clan
dì út lì xi,100000,"₫100,000",14/02/2024,In-come,,,Clan
mẹ lì xì,300000,"₫300,000",11/02/2024,In-come,,,Family
mẹ cho ,170000,"₫170,000",07/02/2024,In-come,,,Family
mẹ cho tiền tuần,370000,"₫370,000",28/01/2024,In-come,,,Family
mẹ cho tiền đánh cầu,30000,"₫30,000",28/01/2024,In-come,,,Family
mẹ cho tiền tuần,350000,"₫350,000",22/01/2024,In-come,,,Family
mẹ cho tiền đánh cầu,147000,"₫147,000",20/01/2024,In-come,,,Family
mẹ cho tiền đi an giang,350000,"₫350,000",15/01/2024,In-come,,,Family
mẹ cho tiền tuần,400000,"₫400,000",15/01/2024,In-come,,,Family
mẹ cho tiền,50000,"₫50,000",12/01/2024,In-come,,,Family
mẹ cho tiền ăn,400000,"₫400,000",08/01/2024,In-come,,,Family
mẹ cho,183000,"₫183,000",06/01/2024,In-come,,,Family
mẹ cho tiền ăn ,204000,"₫204,000",02/01/2024,In-come,,,Family
mẹ cho tiền đống tiền học,18100000,"₫18,100,000",29/08/2023,In-come,BigY,,Family
lương tháng 4,3768000,"₫3,768,000",27/04/2023,In-come,,,Salary
mẹ cho tiền tháng 4,3000000,"₫3,000,000",29/03/2023,In-come,,,Family
mẹ cho tiền tháng 3,2600000,"₫2,600,000",02/03/2023,In-come,,,Family
Lương giữ nhà + làm cho a sang,2423000,"₫2,423,000",28/05/2023,In-come,,,Salary
lương tháng mộc tháng 8,2244000,"₫2,244,000",06/09/2023,In-come,,,Salary
mẹ cho tiền tháng 1,2000000,"₫2,000,000",03/01/2023,In-come,,,Family
mẹ cho ,1765000,"₫1,765,000",25/11/2023,In-come,,,Family
mẹ cho tiền ăn,1650000,"₫1,650,000",17/09/2023,In-come,,,Family
Tổng shopee tháng 12,1556869,"₫1,556,869",30/12/2023,In-come,,,Salary
mẹ cho tiền tuần,1550000,"₫1,550,000",26/10/2023,In-come,,,Family
mẹ cho tiền tháng 2,1500000,"₫1,500,000",30/01/2023,In-come,,,Family
Mẹ cho tiền tháng 7,1392000,"₫1,392,000",30/07/2023,In-come,,,Family
lương,1340000,"₫1,340,000",27/01/2023,In-come,,,Salary
Mẹ cho tiền tháng 8,1336000,"₫1,336,000",29/08/2023,In-come,,,Family
mẹ cho tiền tháng 1,1300000,"₫1,300,000",01/01/2023,In-come,,,Family
lấy tiền nhà (tháng 9),1152000,"₫1,152,000",30/09/2023,In-come,,,Family
mẹ cho tiền đóng tiền KTX,1079000,"₫1,079,000",20/12/2023,In-come,,,Family
tiền dư,1006000,"₫1,006,000",01/02/2023,In-come,,,Family
TIỀN XIN MẸ TỪ LÚC VỀ QUÊ (tháng 6),926000,"₫926,000",01/06/2023,In-come,,,Family
"mẹ cho tiền vốn, trả kiên, ăn",906000,"₫906,000",25/12/2023,In-come,,,Family
mẹ cho tiền tuần,890000,"₫890,000",20/11/2023,In-come,,,Family
mẹ cho tiền vốn chạy xe,604000,"₫604,000",09/12/2023,In-come,,,Family
mẹ cho tiền thi đgnl,600000,"₫600,000",27/05/2023,In-come,,,Family
mẹ  cho tiền thi dgnl,500000,"₫500,000",06/02/2023,In-come,,,Family
mẹ cho tiền đóng nguyện vọng,500000,"₫500,000",25/04/2023,In-come,,,Family
mẹ cho tiền trả shopee,500000,"₫500,000",10/11/2023,In-come,,,Family
dượng chín cho tiền,500000,"₫500,000",02/03/2023,In-come,,,Clan
bán bàn & kệ,430000,"₫430,000",03/04/2023,In-come,,,Sell old things
mẹ cho tiền đóng tiền thể dục,428000,"₫428,000",01/10/2023,In-come,,,Family
mẹ cho,390000,"₫390,000",21/10/2023,In-come,,,Family
shopee,383523,"₫383,523",01/10/2023,In-come,,,Salary
TIỀN XIN MẸ TỪ LÚC VỀ QUÊ (tháng 5),321000,"₫321,000",31/05/2023,In-come,,,Family
tiền cầu đánh giải huyện,310000,"₫310,000",22/07/2023,In-come,,,Salary
lì xì (dì 6+ai đó),300000,"₫300,000",23/01/2023,In-come,,,Clan
tiền chạy tháng 11,293789,"₫293,789",10/11/2023,In-come,,,Salary
mẹ cho tiền nộp học bạ ,200000,"₫200,000",31/05/2023,In-come,,,Family
mẹ cho ,200000,"₫200,000",22/01/2023,In-come,,,Family
mẹ cho tiền đi chơi,200000,"₫200,000",21/01/2023,In-come,,,Family
ngoại lì xì,200000,"₫200,000",27/01/2023,In-come,,,Clan
mẹ cho tiền ăn,200000,"₫200,000",16/01/2023,In-come,,,Family
bà ngoại cho,200000,"₫200,000",29/03/2023,In-come,,,Clan
lì xì (dượng 3 + anh thưởng),200000,"₫200,000",22/01/2023,In-come,,,Clan
dượng chín lỳ xì,200000,"₫200,000",30/01/2023,In-come,,,Clan
shop,167277,"₫167,277",12/03/2023,In-come,,,Salary
shopee,163655,"₫163,655",17/02/2023,In-come,,,Salary
shopee,160433,"₫160,433",19/02/2023,In-come,,,Salary
mẹ cho tiền đi thi,150000,"₫150,000",03/12/2023,In-come,,,Family
shop 09-02,146400,"₫146,400",09/02/2023,In-come,,,Salary
shopee 11/02,137175,"₫137,175",11/02/2023,In-come,,,Salary
shop,135440,"₫135,440",21/03/2023,In-come,,,Salary
shop 13/01,131685,"₫131,685",13/02/2023,In-come,,,Salary
mẹ cho ,130000,"₫130,000",03/12/2023,In-come,,,Family
07/01,125356,"₫125,356",07/01/2023,In-come,,,Salary
shopee,123215,"₫123,215",04/03/2023,In-come,,,Salary
shopee,118878,"₫118,878",17/03/2023,In-come,,,Salary
06/01,113050,"₫113,050",06/01/2023,In-come,,,Salary
shopeee,112385,"₫112,385",19/03/2023,In-come,,,Salary
shopee,105825,"₫105,825",09/03/2023,In-come,,,Salary
mượn việt em: việt đền tiền gãy vợt,100000,"₫100,000",19/07/2023,In-come,,,Anh em
dì út cho tiền,100000,"₫100,000",15/11/2023,In-come,,,Clan
nội lì xì,100000,"₫100,000",27/01/2023,In-come,,,Clan
mẹ cho ,100000,"₫100,000",19/01/2023,In-come,,,Family
mẹ cho ,100000,"₫100,000",27/03/2023,In-come,,,Family
shopee 10/02,99444,"₫99,444",10/02/2023,In-come,,,Salary
shopee,99390,"₫99,390",03/01/2023,In-come,,,Salary
shop,92733,"₫92,733",24/02/2023,In-come,,,Salary
mẹ cho tiền ,90000,"₫90,000",01/03/2023,In-come,,,Family
shopeee,89902,"₫89,902",07/03/2023,In-come,,,Salary
shopee,86160,"₫86,160",08/01/2023,In-come,,,Salary
shop,85897,"₫85,897",23/02/2023,In-come,,,Salary
shopee,84860,"₫84,860",16/02/2023,In-come,,,Salary
shopee,83265,"₫83,265",14/02/2023,In-come,,,Salary
shopee,82725,"₫82,725",05/03/2023,In-come,,,Salary
shopee,75419,"₫75,419",20/03/2023,In-come,,,Salary
tiền dư mua kem cho mẹ,75000,"₫75,000",11/01/2023,In-come,,,Family
"tiền rửa xe,..",74000,"₫74,000",30/12/2023,In-come,,,Family
mẹ cho tiền cơm,70000,"₫70,000",15/01/2023,In-come,,,Family
mẹ cho chưa trả,70000,"₫70,000",25/01/2023,In-come,,,Family
shopee 02/02,64920,"₫64,920",02/02/2023,In-come,,,Salary
shopee,64900,"₫64,900",16/03/2023,In-come,,,Salary
shopee,61084,"₫61,084",03/03/2023,In-come,,,Salary
shopee,60678,"₫60,678",11/03/2023,In-come,,,Salary
phi béo trả tiền đổ xăng,56000,"₫56,000",19/08/2023,In-come,,,Anh em
shopee,54254,"₫54,254",14/03/2023,In-come,,,Salary
shoip7-2,54000,"₫54,000",07/02/2023,In-come,,,Salary
tiền mua cafe dư,53000,"₫53,000",28/02/2023,In-come,,,Family
mẹ cho,50000,"₫50,000",18/01/2023,In-come,,,Family
mẹ cho ,50000,"₫50,000",20/01/2023,In-come,,,Family
việt đưa tiền cầu,50000,"₫50,000",03/12/2023,In-come,,,Anh em
mẹ cho tiền đổ xăng,50000,"₫50,000",29/01/2023,In-come,,,Family
shopee,42403,"₫42,403",21/02/2023,In-come,,,Salary
bo,30590,"₫30,590",02/02/2023,In-come,,,Salary
hà trả tiền xe,30000,"₫30,000",30/04/2023,In-come,,,Anh em
mẹ cho,30000,"₫30,000",01/12/2023,In-come,,,Family
cha cho,25000,"₫25,000",17/01/2023,In-come,,,Family
tường em bao cơm,25000,"₫25,000",05/03/2023,In-come,,,Anh em
tiền mua kem dư,25000,"₫25,000",12/01/2023,In-come,,,Family
shope,24971,"₫24,971",23/03/2023,In-come,,,Salary
tường em,24000,"₫24,000",21/11/2023,In-come,,,Anh em
tường cho tiền xăng,23000,"₫23,000",03/01/2023,In-come,,,Anh em
tiền xăng về quê tường em,21000,"₫21,000",29/05/2023,In-come,,,Anh em
lý nước đệ thây bao,20000,"₫20,000",10/06/2023,In-come,,,Anh em
rửa xe,20000,"₫20,000",13/01/2023,In-come,,,Family
tiền nhà,20000,"₫20,000",12/01/2023,In-come,,,Family
tường em trả tiền xăng,20000,"₫20,000",23/03/2023,In-come,,,Anh em
mẹ cho,20000,"₫20,000",13/01/2023,In-come,,,Family
tiền bo quán mốc,17000,"₫17,000",24/08/2023,In-come,,,Salary
lấy tiền mua đồ đư,12000,"₫12,000",08/05/2023,In-come,,,Family
phúc trả tiền xăng,10176,"₫10,176",08/10/2023,In-come,,,Anh em
mẹ cho tiền ăn sáng,10000,"₫10,000",30/01/2023,In-come,,,Family
việt em bao nước,10000,"₫10,000",13/05/2023,In-come,,,Anh em
béo bao tiền cầu,10000,"₫10,000",05/08/2023,In-come,,,Anh em
học phí cyberSoft,18170122,"₫18,170,122",07/09/2022,In-come,BigY,,Family
mẹ cho,5020000,"₫5,020,000",25/09/2022,In-come,,,Family
mẹ cho,4000000,"₫4,000,000",10/10/2022,In-come,,,Family
mẹ cho tiềm trọ vs ăn tháng 12,3000000,"₫3,000,000",02/12/2022,In-come,,,Family
mẹ cho tiền tháng 11,2800000,"₫2,800,000",19/10/2022,In-come,,,Family
tiền lương tháng 11 quán cà phê đá,2143000,"₫2,143,000",05/12/2022,In-come,,,Salary
mẹ cho tiền thêm tháng 12,1179000,"₫1,179,000",16/12/2022,In-come,,,Family
bán giày,550000,"₫550,000",28/10/2022,In-come,,,Sell old things
mình xin tiền ăn đến cuối tháng,500000,"₫500,000",20/11/2022,In-come,,,Family
mẹ cho thêm tiền ăn tới cuối tháng,500000,"₫500,000",08/11/2022,In-come,,,Family
nội cho,500000,"₫500,000",08/11/2022,In-come,,,Family
bà nội cho,400000,"₫400,000",25/09/2022,In-come,,,Family
mẹ cho,340000,"₫340,000",09/10/2022,In-come,,,Family
Mẹ cho đi cắt kinh,327000,"₫327,000",16/10/2022,In-come,,,Family
mua trả tiền mua đồ,314000,"₫314,000",01/12/2022,In-come,,,Family
sách full,300000,"₫300,000",26/09/2022,In-come,,,Sell old things
văn trả tiền trọ,297000,"₫297,000",17/11/2022,In-come,,,Anh em
"Bán sách (3 cuốn sapi, thành phố thông minh)",275000,"₫275,000",26/09/2022,In-come,,,Sell old things
mẹ cho tiền ăn sáng với đổ xăng,200000,"₫200,000",02/12/2022,In-come,,,Family
rút tiền từ zalo,200000,"₫200,000",22/09/2022,In-come,,,Anh em
mẹ cho tiền tháng 11,200000,"₫200,000",19/10/2022,In-come,,,Family
27/12,136949,"₫136,949",27/12/2022,In-come,,,Salary
mẹ cho ,136000,"₫136,000",17/10/2022,In-come,,,Family
13/12,111710,"₫111,710",13/12/2022,In-come,,,Salary
tiền chạy shopee,105000,"₫105,000",06/12/2022,In-come,,,Salary
mẹ cho tiền đi đường,100000,"₫100,000",03/12/2022,In-come,,,Family
nhặt tiền dưới nhà gửi xe,100000,"₫100,000",21/11/2022,In-come,,,Luck
18/12,95768,"₫95,768",18/12/2022,In-come,,,Salary
3 quyển sách,80000,"₫80,000",26/09/2022,In-come,,,Sell old things
tiền chạy,74660,"₫74,660",08/12/2022,In-come,,,Salary
11/12,74364,"₫74,364",11/12/2022,In-come,,,Salary
26/12/2022,68696,"₫68,696",26/12/2022,In-come,,,Salary
18h30-20h40,66565,"₫66,565",09/12/2022,In-come,,,Salary
10/12,61160,"₫61,160",10/12/2022,In-come,,,Salary
5h30-8h30,58360,"₫58,360",19/12/2022,In-come,,,Salary
mẹ cho,50000,"₫50,000",09/10/2022,In-come,,,Family
xăng xe tay ga ở nhà,50000,"₫50,000",22/09/2022,In-come,,,Family
tiền đi khám NVQS,47000,"₫47,000",02/12/2022,In-come,,,Salary
23/12,40000,"₫40,000",23/12/2022,In-come,,,Salary
bo 26/12,40000,"₫40,000",26/12/2022,In-come,,,Salary
21/12,38405,"₫38,405",23/12/2022,In-come,,,Salary
tường bao cơm trả xăng,32000,"₫32,000",28/12/2022,In-come,,,Anh em
xin tiền mẹ mua viết,30000,"₫30,000",30/12/2022,In-come,,,Family
tường bao tiền cơm,25000,"₫25,000",02/10/2022,In-come,,,Anh em
 bo,22000,"₫22,000",19/12/2022,In-come,,,Salary
xăng,-30000,"₫30,000",07/09/2022,Expenses,,DC,
net như ý,-7000,"₫7,000",07/09/2022,Expenses,,Entertainment,
ổ điện,-130000,"₫130,000",07/09/2022,Expenses,,Utility,
xấy xu bắp xe fu2,-700000,"₫700,000",08/09/2022,Expenses,,DC,
tiền quà,-22000,"₫22,000",08/09/2022,Expenses,,RL,
cafe,-47000,"₫47,000",07/09/2022,Expenses,,Coffee,
xăng,-30000,"₫30,000",07/09/2022,Expenses,,DC,
nước cảm sn khang,-25000,"₫25,000",08/09/2022,Expenses,,RL,
đồ dùng trong nhà,-182500,"₫182,500",09/09/2022,Expenses,,Home,
cơm sườn bà mai,-20000,"₫20,000",09/09/2022,Expenses,,AC,
xăng,-30000,"₫30,000",09/09/2022,Expenses,,DC,
sân cầu lông,-8000,"₫8,000",09/09/2022,Expenses,,Badmintion,
hủ tiếu gầm cầu,-15000,"₫15,000",09/09/2022,Expenses,,AC,
viết mực xanh,-30000,"₫30,000",09/09/2022,Expenses,,Study,
xăng đi sg,-100000,"₫100,000",10/09/2022,Expenses,,DC,
nồi cơm điện,-126750,"₫126,750",10/09/2022,Expenses,,Home,
thùng nước lọc lần đầu,-12500,"₫12,500",10/09/2022,Expenses,,AC,
Hủ tiếu gõ,-20000,"₫20,000",10/09/2022,Expenses,,AC,
trái cây + bánh mì,-14000,"₫14,000",10/09/2022,Expenses,,AV,
ăn cơm sáng,-25000,"₫25,000",10/09/2022,Expenses,,AC,
gửi xe Big C,-1000,"₫1,000",03/11/2022,Expenses,,Utility,
tiền chợ,-50000,"₫50,000",03/11/2022,Expenses,,AC,
miếng dán bàn phím,-10000,"₫10,000",02/11/2022,Expenses,,Entertainment,
xăng,-50000,"₫50,000",02/11/2022,Expenses,,DC,
card điện thoại,-10000,"₫10,000",02/11/2022,Expenses,,Utility,
gửi xe cyber,-5000,"₫5,000",02/11/2022,Expenses,,Study,
cafe đường sư vạn hạnh với tường,-29000,"₫29,000",02/11/2022,Expenses,,RL,
gữi xe cầu lông,-6000,"₫6,000",01/11/2022,Expenses,,Badmintion,
tiền nhà tháng 11,-1306000,"₫1,306,000",01/11/2022,Expenses,Monthly,Home,
sữa TH k đường,-37000,"₫37,000",31/10/2022,Expenses,,AC,
tiền chợ,-50000,"₫50,000",31/10/2022,Expenses,,AC,
nước lọc lavi 6lít,-25000,"₫25,000",31/10/2022,Expenses,,AC,
thịt heo,-41000,"₫41,000",31/10/2022,Expenses,,AC,
cà chua,-18000,"₫18,000",31/10/2022,Expenses,,AC,
cafe lupis với đám thảo,-25000,"₫25,000",30/10/2022,Expenses,,RL,
gửi xe cyber,-5000,"₫5,000",30/10/2022,Expenses,,Study,
khăn giấy hỉ mũi,-7000,"₫7,000",30/10/2022,Expenses,,Utility,
hủ tiếu IUH,-20000,"₫20,000",29/10/2022,Expenses,,AC,
gửi xe đi khai giảng,-5000,"₫5,000",29/10/2022,Expenses,,RL,
thùng nước,-7000,"₫7,000",29/10/2022,Expenses,,AC,
tiền nước,-5000,"₫5,000",28/10/2022,Expenses,,AC,
ức gà + trứng,-84019,"₫84,019",28/10/2022,Expenses,,AC,
gửi xe lê thị riêng,-5000,"₫5,000",28/10/2022,Expenses,,AC,
xăng,-75000,"₫75,000",28/10/2022,Expenses,,DC,
gửi xe sư phạm,-2000,"₫2,000",28/10/2022,Expenses,,Study,
giáo trình xác xuất thống kê,-40000,"₫40,000",27/10/2022,Expenses,,Study,
gửi xe sư phạm,-2000,"₫2,000",27/10/2022,Expenses,,Study,
tiền nước,-10000,"₫10,000",27/10/2022,Expenses,,AC,
gửi xe sư phạm,-2000,"₫2,000",26/10/2022,Expenses,,Study,
đồ ăn,-111000,"₫111,000",26/10/2022,Expenses,,AC,
Gói iCloud+,-19000,"₫19,000",26/10/2022,Expenses,Monthly,Utility,
gửi xe big c,-5000,"₫5,000",26/10/2022,Expenses,,AC,
tiền cầu lông tháng 11,-300000,"₫300,000",25/10/2022,Expenses,BigM,Badmintion,
gửi xe sân cầu,-6000,"₫6,000",25/10/2022,Expenses,,Badmintion,
tiền nước,-5000,"₫5,000",24/10/2022,Expenses,,AC,
giày đánh cầu lông,-127000,"₫127,000",24/10/2022,Expenses,,Badmintion,
gửi xe sân cầu lông,-5000,"₫5,000",23/10/2022,Expenses,,Badmintion,
gửi xe sư phạm chủ nhật,-3000,"₫3,000",23/10/2022,Expenses,,Study,
tiền đồ ăn luân mua,-10000,"₫10,000",23/10/2022,Expenses,,AC,
tiền thùng nước,-5000,"₫5,000",23/10/2022,Expenses,,AC,
đồ ăn trong siêu thị,-108000,"₫108,000",22/10/2022,Expenses,,AC,
tiền chợ,-5000,"₫5,000",21/10/2022,Expenses,,AC,
đổ xăng,-30000,"₫30,000",20/10/2022,Expenses,,DC,
khổ trang,-59000,"₫59,000",20/10/2022,Expenses,,Utility,
gửi xe khám sức khỏe,-5000,"₫5,000",20/10/2022,Expenses,,Study,
gửi xe sư phạm,-2000,"₫2,000",20/10/2022,Expenses,,Study,
gửi xe đánh cầu lông,-5000,"₫5,000",20/10/2022,Expenses,,Badmintion,
gửi xe đánh cầu,-2000,"₫2,000",19/10/2022,Expenses,,Badmintion,
sửa xe,-30000,"₫30,000",19/10/2022,Expenses,,Accident,
nước suối,-8000,"₫8,000",19/10/2022,Expenses,,Utility,
hủ tiếu,-20000,"₫20,000",19/10/2022,Expenses,,AC,
xăng,-65000,"₫65,000",19/10/2022,Expenses,,DC,
tiền chợ,-20000,"₫20,000",19/10/2022,Expenses,,AC,
cầu lông,-60000,"₫60,000",19/10/2022,Expenses,,Badmintion,
nước nhỏ măt,-53000,"₫53,000",18/10/2022,Expenses,,Body,
xăng nhà,-30000,"₫30,000",18/10/2022,Expenses,,DC,
photo hồ sơ,-2000,"₫2,000",18/10/2022,Expenses,,Study,
nước suối,-5000,"₫5,000",17/10/2022,Expenses,,Utility,
lăng nách,-55000,"₫55,000",17/10/2022,Expenses,,Utility,
hủ tiếu ăn sáng,-20000,"₫20,000",17/10/2022,Expenses,,AC,
cafe bảo minh,-50000,"₫50,000",17/10/2022,Expenses,,Coffee,
phin cafe,-21000,"₫21,000",17/10/2022,Expenses,,Coffee,
photo thầy hùng,-1000,"₫1,000",17/10/2022,Expenses,,Study,
xăng,-30000,"₫30,000",16/10/2022,Expenses,,DC,
cơm sườn nha mân,-27000,"₫27,000",16/10/2022,Expenses,,AC,
21G 4G,-59000,"₫59,000",16/10/2022,Expenses,,Utility,
Công an Phạt,-150000,"₫150,000",16/10/2022,Expenses,,Accident,
xăng nhà,-30000,"₫30,000",16/10/2022,Expenses,,DC,
kính cận,-507500,"₫507,500",16/10/2022,Expenses,BigM,Body,
cầu lông,-70000,"₫70,000",15/10/2022,Expenses,,Badmintion,
xăng,-50000,"₫50,000",15/10/2022,Expenses,,DC,
vinmart,-72000,"₫72,000",14/10/2022,Expenses,,AC,
coffee sáng tạo 1,-65000,"₫65,000",14/10/2022,Expenses,,Coffee,
gửi xe,-2000,"₫2,000",14/10/2022,Expenses,,Study,
cơm nấm bao lân,-14000,"₫14,000",14/10/2022,Expenses,,RL,
cơm nấm,-14000,"₫14,000",14/10/2022,Expenses,,AC,
sữa tươi,-100000,"₫100,000",14/10/2022,Expenses,,AC,
nộp học phí Sư phạm,-171870,"₫171,870",13/10/2022,Expenses,BigM,Study,
gửi xe đh sư phạm,-2000,"₫2,000",13/10/2022,Expenses,,Study,
hình thẻ 6x4,-32000,"₫32,000",13/10/2022,Expenses,,Study,
hủ tiếu iuh,-20000,"₫20,000",13/10/2022,Expenses,,AC,
gửi xe iuh,-3000,"₫3,000",13/10/2022,Expenses,,Study,
bánh mì,-15000,"₫15,000",13/10/2022,Expenses,,AC,
xăng,-40000,"₫40,000",13/10/2022,Expenses,,DC,
ăn khuya,-28000,"₫28,000",13/10/2022,Expenses,,AC,
chuối,-18000,"₫18,000",13/10/2022,Expenses,,AV,
trứng gà,-29000,"₫29,000",13/10/2022,Expenses,,AC,
ăn trưa circle K,-21000,"₫21,000",13/10/2022,Expenses,,AC,
thịt xoay,-37000,"₫37,000",13/10/2022,Expenses,,AC,
phí rút tiền,-1100,"₫1,100",13/10/2022,Expenses,,Utility,
cầu lông,-40000,"₫40,000",13/10/2022,Expenses,,Badmintion,
khổ trang,-29000,"₫29,000",13/10/2022,Expenses,,Utility,
cafe,-6000,"₫6,000",12/10/2022,Expenses,,AV,
bánh mì dưới nhà,-15000,"₫15,000",12/10/2022,Expenses,,AC,
tiền chợ,-100000,"₫100,000",12/10/2022,Expenses,,AC,
tai nghe redmi bugs 3 lite,-360000,"₫360,000",12/10/2022,Expenses,BigM,Entertainment,
nước mía,-6000,"₫6,000",11/10/2022,Expenses,,AV,
bánh mì ăn sáng,-12000,"₫12,000",11/10/2022,Expenses,,AC,
cài tóc,-15000,"₫15,000",11/10/2022,Expenses,,CL,
sổ màu vàng,-80000,"₫80,000",11/10/2022,Expenses,,Mental,
xăng,-65000,"₫65,000",10/10/2022,Expenses,,DC,
card đt,-10000,"₫10,000",10/10/2022,Expenses,,Utility,
tiền chợ,-50000,"₫50,000",10/10/2022,Expenses,,AC,
phí rút tiền,-1100,"₫1,100",10/10/2022,Expenses,,Utility,
cơm sườn chị mai,-20000,"₫20,000",10/10/2022,Expenses,,AC,
bánh mì vs kiên,-7000,"₫7,000",10/10/2022,Expenses,,AV,
xăng,-50000,"₫50,000",09/10/2022,Expenses,,DC,
dán laptop,-130000,"₫130,000",09/10/2022,Expenses,,Utility,
hớt tóc,-35000,"₫35,000",09/10/2022,Expenses,,Body,
đan vợt,-140000,"₫140,000",09/10/2022,Expenses,BigM,Badmintion,
nguyện vọng trường sư phạm,-30330,"₫30,330",09/10/2022,Expenses,,Accident,
cafe cho mẹ,-17000,"₫17,000",09/10/2022,Expenses,,Utility,
cơm chiên ăn sáng,-29000,"₫29,000",08/10/2022,Expenses,,AC,
quấn cán,-20000,"₫20,000",08/10/2022,Expenses,,Badmintion,
xăng về quê,-69000,"₫69,000",08/10/2022,Expenses,,DC,
phí rút tiền,-1100,"₫1,100",07/10/2022,Expenses,,Utility,
cơm gà xối mở,-25000,"₫25,000",07/10/2022,Expenses,,AC,
tiền chợ,-20000,"₫20,000",07/10/2022,Expenses,,AC,
bún đậu mắn tôm,-33000,"₫33,000",07/10/2022,Expenses,,AC,
hủ tiếu IUH,-20000,"₫20,000",06/10/2022,Expenses,,AC,
hùng mua nước,-3000,"₫3,000",06/10/2022,Expenses,,AV,
xăng,-45000,"₫45,000",06/10/2022,Expenses,,DC,
gà vs nhóm ngân,-50000,"₫50,000",06/10/2022,Expenses,,AC,
photo giấy xác nhận,-2000,"₫2,000",06/10/2022,Expenses,,Study,
tiền chợ,-50000,"₫50,000",05/10/2022,Expenses,,AC,
chai vitamin C,-15000,"₫15,000",04/10/2022,Expenses,,RL,
vớ dài,-28000,"₫28,000",04/10/2022,Expenses,,CL,
hột vịt lộn 8/trứng (sáng,-17000,"₫17,000",04/10/2022,Expenses,,AV,
cơm nấm ministop,-14000,"₫14,000",04/10/2022,Expenses,,AC,
phí rút tiền,-1100,"₫1,100",04/10/2022,Expenses,,Utility,
kệ gỗ decol bàn,-40000,"₫40,000",04/10/2022,Expenses,,Entertainment,
xăng,-40000,"₫40,000",04/10/2022,Expenses,,DC,
hủ tiếu đầu ngõ,-20000,"₫20,000",03/10/2022,Expenses,,AC,
bún đậu mấn tôm,-40000,"₫40,000",03/10/2022,Expenses,,AC,
giữ xe BK,-3000,"₫3,000",02/10/2022,Expenses,,Study,
card đt,-10000,"₫10,000",02/10/2022,Expenses,,Utility,
tiền nhà,-1500000,"₫1,500,000",02/10/2022,Expenses,Monthly,Home,
cafe quán slowe,-30000,"₫30,000",02/10/2022,Expenses,,Coffee,
cafe dĩ an,-25000,"₫25,000",02/10/2022,Expenses,,RL,
phí rút tiền,-1100,"₫1,100",02/10/2022,Expenses,,Utility,
cơm trưa Dĩ An,-25000,"₫25,000",02/10/2022,Expenses,,AC,
2 ngàn mất ngu,-2000,"₫2,000",01/10/2022,Expenses,,Entertainment,
khóa học Cybersoft,-17700000,"₫17,700,000",01/10/2022,Expenses,BigY,Study,
cơm nấm,-15000,"₫15,000",30/09/2022,Expenses,,AC,
hủ tiếu gần trường IUH,-20000,"₫20,000",30/09/2022,Expenses,,AC,
xăng,-30000,"₫30,000",30/09/2022,Expenses,,DC,
cơm trưa,-30000,"₫30,000",30/09/2022,Expenses,,AC,
cơm gà xối mỡ,-25000,"₫25,000",29/09/2022,Expenses,,AC,
nước suối,-10000,"₫10,000",28/09/2022,Expenses,,Utility,
sữa tươi,-36500,"₫36,500",28/09/2022,Expenses,,AC,
bàn phím,-900000,"₫900,000",28/09/2022,Expenses,BigM,Entertainment,
cà chua,-19100,"₫19,100",28/09/2022,Expenses,,AC,
gạo,-10000,"₫10,000",28/09/2022,Expenses,,AC,
trứng,-29500,"₫29,500",28/09/2022,Expenses,,AC,
rau mồng tơi,-15900,"₫15,900",28/09/2022,Expenses,,AC,
nảy chuối cau,-20000,"₫20,000",28/09/2022,Expenses,,AC,
nước lọc,-20000,"₫20,000",28/09/2022,Expenses,,Utility,
hủ tiếu gần trường,-20000,"₫20,000",27/09/2022,Expenses,,AC,
bột chiên gà,-8000,"₫8,000",27/09/2022,Expenses,,AC,
xăng,-50000,"₫50,000",26/09/2022,Expenses,,DC,
mua đồ ăn siêu thị,-66000,"₫66,000",26/09/2022,Expenses,,AC,
ăn cơm làng đại học,-27000,"₫27,000",26/09/2022,Expenses,,AC,
cơm sườn,-20000,"₫20,000",25/09/2022,Expenses,,AC,
ăn trưa (còn say xe),-46000,"₫46,000",25/09/2022,Expenses,,AC,
taxi,-250000,"₫250,000",25/09/2022,Expenses,,Ngu,
vé xe đi sg,-130000,"₫130,000",25/09/2022,Expenses,,DC,
bún đậu mắn tôm,-43000,"₫43,000",24/09/2022,Expenses,,AV,
nước suối,-5000,"₫5,000",24/09/2022,Expenses,,Utility,
nước ép thơm,-20000,"₫20,000",24/09/2022,Expenses,,AV,
đổi sim viettel,-25000,"₫25,000",24/09/2022,Expenses,,Utility,
xăng tayga,-30000,"₫30,000",24/09/2022,Expenses,,DC,
gói iCloud+ 50GB,-19000,"₫19,000",23/09/2022,Expenses,Monthly,Utility,
nước suối,-7000,"₫7,000",22/09/2022,Expenses,,Utility,
xăng xe tay ga,-50000,"₫50,000",22/09/2022,Expenses,,DC,
tiền sân cầu lông,-5000,"₫5,000",22/09/2022,Expenses,,Badmintion,
cầu lông,-18000,"₫18,000",22/09/2022,Expenses,,Badmintion,
cafe dọc đường,-10000,"₫10,000",22/09/2022,Expenses,,Coffee,
nước cam,-20000,"₫20,000",22/09/2022,Expenses,,RL,
xăng luân (nợ),-30000,"₫30,000",22/09/2022,Expenses,,DC,
xăng về nhà (xe luân),-20000,"₫20,000",22/09/2022,Expenses,,DC,
phú rút tiền,-1100,"₫1,100",22/09/2022,Expenses,,Utility,
cơm năm minishop,-13000,"₫13,000",22/09/2022,Expenses,,AC,
đi cafe với phương,-25000,"₫25,000",21/09/2022,Expenses,,RL,
xăng về nhà với kiên,-22500,"₫22,500",21/09/2022,Expenses,,DC,
sữa tươi,-8000,"₫8,000",21/09/2022,Expenses,,AV,
Xăng,-50000,"₫50,000",21/09/2022,Expenses,,DC,
giáo trình,-30000,"₫30,000",21/09/2022,Expenses,,Study,
cà phê,-9000,"₫9,000",20/09/2022,Expenses,,AV,
sữa tươi,-7000,"₫7,000",19/09/2022,Expenses,,AV,
tiền chợ,-200000,"₫200,000",19/09/2022,Expenses,,AC,
xăng,-50000,"₫50,000",17/09/2022,Expenses,,DC,
nước suối,-7000,"₫7,000",17/09/2022,Expenses,,AC,
tiền chợ,-30000,"₫30,000",17/09/2022,Expenses,,AC,
ăn sáng bánh mì,-25000,"₫25,000",16/09/2022,Expenses,,AC,
chụp ảnh 3*4,-45000,"₫45,000",16/09/2022,Expenses,,Utility,
4g,-59000,"₫59,000",16/09/2022,Expenses,,Utility,
hủ tiếu đầu ngỏ,-20000,"₫20,000",16/09/2022,Expenses,,AC,
giữ xe bitexco,-6000,"₫6,000",16/09/2022,Expenses,,Accident,
trà chanh dây Highlands,-39000,"₫39,000",15/09/2022,Expenses,,RL,
ăn sáng xoi gất,-15000,"₫15,000",15/09/2022,Expenses,,AC,
đặt 2 đơn shopee đồ lặt vặt,-52000,"₫52,000",15/09/2022,Expenses,,AC,
xăng,-50000,"₫50,000",15/09/2022,Expenses,,DC,
tiền chợ,-50000,"₫50,000",15/09/2022,Expenses,,AC,
cờ lê số 13,-25000,"₫25,000",15/09/2022,Expenses,,Accident,
Tiền chợ thêm,-20000,"₫20,000",14/09/2022,Expenses,,AC,
cơm + nước suối minishop,-20000,"₫20,000",14/09/2022,Expenses,,AV,
cafe with Văn,-20000,"₫20,000",14/09/2022,Expenses,,RL,
xoài,-6000,"₫6,000",14/09/2022,Expenses,,AV,
sữa bịt TH minishop,-10000,"₫10,000",14/09/2022,Expenses,,AV,
card đt 10k,-2000,"₫2,000",14/09/2022,Expenses,,Utility,
tiền nhà,-1400000,"₫1,400,000",13/09/2022,Expenses,Monthly,Home,
cafe the coffe house,-29000,"₫29,000",13/09/2022,Expenses,,AV,
xăng (xe kiên),-40000,"₫40,000",13/09/2022,Expenses,,DC,
trà teaplus,-5000,"₫5,000",13/09/2022,Expenses,,AV,
Kệ để chén dĩa,-15000,"₫15,000",12/09/2022,Expenses,,Home,
Tiền chợ,-150000,"₫150,000",12/09/2022,Expenses,,AC,
đồ dùng thiết yếu trong nhà,-185750,"₫185,750",11/09/2022,Expenses,BigM,Utility,
gửi đồ,-80000,"₫80,000",11/09/2022,Expenses,,Utility,
bánh mì,-6000,"₫6,000",11/09/2022,Expenses,,AC,
trà MayCha Tân Phú,-15000,"₫15,000",11/09/2022,Expenses,,RL,
cơm nấm,-15000,"₫15,000",11/09/2022,Expenses,,AC,
cơm sườn,-28000,"₫28,000",11/09/2022,Expenses,,AC,
card điện thoại,-10000,"₫10,000",11/09/2022,Expenses,,Utility,
cafe gần chợ,-10000,"₫10,000",11/09/2022,Expenses,,AV,
Aquarius (Circle K),-10000,"₫10,000",11/09/2022,Expenses,,AV,
cơm trưa,-30000,"₫30,000",10/09/2022,Expenses,,AC,
Mua đồ ăn big C,-247000,"₫247,000",03/11/2022,Expenses,,AC,
gửi xe cầu lông,-5000,"₫5,000",03/11/2022,Expenses,,Badmintion,
gửi xe LTRieng,-3000,"₫3,000",05/11/2022,Expenses,,AC,
nước suối,-9000,"₫9,000",05/11/2022,Expenses,,Utility,
Trứng,-30000,"₫30,000",05/11/2022,Expenses,,AC,
hủ tiếu,-20000,"₫20,000",05/11/2022,Expenses,,AC,
gửi xe cyber,-5000,"₫5,000",06/11/2022,Expenses,,Study,
bột chiên gà,-6000,"₫6,000",07/11/2022,Expenses,,AC,
sữa chua propy,-21000,"₫21,000",07/11/2022,Expenses,,AC,
dưa leo,-14000,"₫14,000",07/11/2022,Expenses,,AC,
20 trứng vịt của kiên,-60000,"₫60,000",08/11/2022,Expenses,,AC,
thịt heo,-41000,"₫41,000",08/11/2022,Expenses,,AC,
cà chua,-15000,"₫15,000",09/11/2022,Expenses,,AC,
dưa hấu,-4000,"₫4,000",09/11/2022,Expenses,,AC,
gửi xe big C,-5000,"₫5,000",09/11/2022,Expenses,,AC,
bánh mì chia vs sang,-11000,"₫11,000",09/11/2022,Expenses,,AC,
thịt vai heo,-31000,"₫31,000",09/11/2022,Expenses,,AC,
dưa leo,-10000,"₫10,000",09/11/2022,Expenses,,AC,
gửi xe cầu lông,-6000,"₫6,000",10/11/2022,Expenses,,Badmintion,
gửi xe xem trọ,-4000,"₫4,000",11/11/2022,Expenses,,Home,
hủ tiếu,-20000,"₫20,000",11/11/2022,Expenses,,AC,
tiền chợ,-70000,"₫70,000",11/11/2022,Expenses,,AC,
cafe đá test quán M coffee,-26000,"₫26,000",11/11/2022,Expenses,,Coffee,
nước suối chạy bộ,-6000,"₫6,000",11/11/2022,Expenses,,AC,
tiền cọc trọ quận 7,-400000,"₫400,000",11/11/2022,Expenses,Monthly,Home,
xăng,-68000,"₫68,000",11/11/2022,Expenses,,DC,
lipton chanh gần nhà vs chị Hương,-19000,"₫19,000",12/11/2022,Expenses,,RL,
tiền cọc trọ quận 7,-800000,"₫800,000",12/11/2022,Expenses,Monthly,Home,
tiền nước,-5000,"₫5,000",12/11/2022,Expenses,,AC,
tiền đền xe vision,-21000,"₫21,000",12/11/2022,Expenses,,Accident,
phê đen thecoffee house,-29000,"₫29,000",13/11/2022,Expenses,,Coffee,
gửi xe cyber,-5000,"₫5,000",13/11/2022,Expenses,,Study,
sữa chua,-21000,"₫21,000",14/11/2022,Expenses,,AC,
thịt gà,-36000,"₫36,000",14/11/2022,Expenses,,AC,
cà chua,-15000,"₫15,000",14/11/2022,Expenses,,AC,
đậu đũa,-8000,"₫8,000",14/11/2022,Expenses,,AC,
tiền kem đánh răng,-15000,"₫15,000",14/11/2022,Expenses,,AC,
bánh mì ăn sáng,-21000,"₫21,000",14/11/2022,Expenses,,AC,
xà lách,-15000,"₫15,000",14/11/2022,Expenses,,AC,
cơm sườn,-30000,"₫30,000",15/11/2022,Expenses,,AC,
dưa hấu chia nữa trái với luân,-15000,"₫15,000",15/11/2022,Expenses,,AC,
sữa tươi,-30000,"₫30,000",15/11/2022,Expenses,,AC,
gửi xe hội chợ sách,-3000,"₫3,000",15/11/2022,Expenses,,RL,
xăng,-50000,"₫50,000",16/11/2022,Expenses,,DC,
phí rút tiền,-1100,"₫1,100",16/11/2022,Expenses,,Utility,
gửi xe đi chơi đám hà,-10000,"₫10,000",16/11/2022,Expenses,,RL,
cafe vs đám hà,-34000,"₫34,000",16/11/2022,Expenses,,RL,
tiền quà của thảo,-15000,"₫15,000",16/11/2022,Expenses,,RL,
Nước,-5000,"₫5,000",16/11/2022,Expenses,,AC,
bánh mì kẹp,-21000,"₫21,000",17/11/2022,Expenses,,AC,
cafe the coffee house,-29000,"₫29,000",17/11/2022,Expenses,,Coffee,
cà chua,-13000,"₫13,000",17/11/2022,Expenses,,AC,
phí rút tiền,-1100,"₫1,100",17/11/2022,Expenses,,Utility,
the coffee house,-29000,"₫29,000",18/11/2022,Expenses,,Coffee,
thùng nước,-5000,"₫5,000",18/11/2022,Expenses,,AC,
miếng dán bàn phím,-35000,"₫35,000",18/11/2022,Expenses,,Utility,
the coffee house,-35000,"₫35,000",19/11/2022,Expenses,,Coffee,
cà chua,-16000,"₫16,000",20/11/2022,Expenses,,AC,
xăng,-50000,"₫50,000",20/11/2022,Expenses,,DC,
tiền nước,-5000,"₫5,000",20/11/2022,Expenses,,AC,
filter gà,-32000,"₫32,000",20/11/2022,Expenses,,AC,
chuối,-8000,"₫8,000",20/11/2022,Expenses,,AC,
phí rút tiền,-1100,"₫1,100",20/11/2022,Expenses,,Utility,
bàn học,-300000,"₫300,000",21/11/2022,Expenses,BigM,Utility,
cơm nấm,-16000,"₫16,000",22/11/2022,Expenses,,AC,
bánh mì,-21000,"₫21,000",22/11/2022,Expenses,,AC,
xà lách,-14000,"₫14,000",22/11/2022,Expenses,,AC,
hùng tiền thùng nước,-7000,"₫7,000",22/11/2022,Expenses,,AC,
4 trái táo,-19000,"₫19,000",22/11/2022,Expenses,,AC,
cơn sườn đêm,-32000,"₫32,000",23/11/2022,Expenses,,AC,
gửi xe cyber,-5000,"₫5,000",23/11/2022,Expenses,,Study,
gói iCloud+ 50GB,-19000,"₫19,000",23/11/2022,Expenses,Monthly,Utility,
coffee TCH,-20000,"₫20,000",24/11/2022,Expenses,,Coffee,
nạp tiền điện thoại,-10000,"₫10,000",24/11/2022,Expenses,,Utility,
gói 21G,-59000,"₫59,000",25/11/2022,Expenses,,Utility,
nạp tiền điện thoại,-1000,"₫1,000",25/11/2022,Expenses,,Utility,
xăng,-50000,"₫50,000",25/11/2022,Expenses,,DC,
cafe với tường em,-35000,"₫35,000",25/11/2022,Expenses,,RL,
cơm nấm ministop,-14000,"₫14,000",26/11/2022,Expenses,,AV,
cơm gà phạm văn hai,-25000,"₫25,000",26/11/2022,Expenses,,AC,
phí rút tiền,-1100,"₫1,100",26/11/2022,Expenses,,Utility,
cafe với tường em,-22000,"₫22,000",26/11/2022,Expenses,,Coffee,
gửi xe cyber,-5000,"₫5,000",27/11/2022,Expenses,,Study,
cà chua,-15000,"₫15,000",27/11/2022,Expenses,,AC,
bánh mì que,-18000,"₫18,000",27/11/2022,Expenses,,AC,
trứng gà,-29000,"₫29,000",27/11/2022,Expenses,,AC,
bánh mì kẹp,-21000,"₫21,000",27/11/2022,Expenses,,AC,
thịt gà 500g,-46000,"₫46,000",27/11/2022,Expenses,,AC,
gửi xe nhà sách,-5000,"₫5,000",28/11/2022,Expenses,,AC,
tiền mua đồng phục shopeefood,-450000,"₫450,000",28/11/2022,Expenses,BigM,Utility,
cơm phúc lọc thụ với luân,-25000,"₫25,000",29/11/2022,Expenses,,AC,
rút tiền dùm luân,-1100,"₫1,100",30/11/2022,Expenses,,Utility,
cơm sườn với luân,-25000,"₫25,000",30/11/2022,Expenses,,AC,
xăng,-60000,"₫60,000",30/11/2022,Expenses,,DC,
gửi xe cyber,-5000,"₫5,000",30/11/2022,Expenses,,Study,
mua đồ dùng cho phòng trọ mới,-329000,"₫329,000",01/12/2022,Expenses,BigM,Utility,
hớt tóc,-30000,"₫30,000",02/12/2022,Expenses,,Body,
xăng,-70000,"₫70,000",02/12/2022,Expenses,,DC,
cafe chỗ hớt tóc,-10000,"₫10,000",02/12/2022,Expenses,,Coffee,
cơm gà nha mân,-20000,"₫20,000",02/12/2022,Expenses,,AC,
đi net với nguyên,-18000,"₫18,000",02/12/2022,Expenses,,RL,
cơm sườn chị mai,-20000,"₫20,000",03/12/2022,Expenses,,AC,
thẻ thang máy,-50000,"₫50,000",03/12/2022,Expenses,,Home,
tiền phòng,-2100000,"₫2,100,000",03/12/2022,Expenses,Monthly,Home,
thùng nước 5 lít,-24000,"₫24,000",03/12/2022,Expenses,,Utility,
xăng,-65000,"₫65,000",03/12/2022,Expenses,,DC,
cafe dọc đường lên sg,-10000,"₫10,000",03/12/2022,Expenses,,Coffee,
hủ tiếu,-20000,"₫20,000",03/12/2022,Expenses,,AC,
giữ xe tháng 12,-120000,"₫120,000",03/12/2022,Expenses,Monthly,Home,
thẻ xe,-50000,"₫50,000",03/12/2022,Expenses,,Home,
giữ xe chung cư,-4000,"₫4,000",03/12/2022,Expenses,,Home,
bánh mì,-15000,"₫15,000",04/12/2022,Expenses,,AC,
cafe chung vs bánh mì,-10000,"₫10,000",04/12/2022,Expenses,,Coffee,
xăng,-50000,"₫50,000",04/12/2022,Expenses,,DC,
gửi xe cyber,-5000,"₫5,000",04/12/2022,Expenses,,Study,
bếp hồng ngoại,-300000,"₫300,000",04/12/2022,Expenses,BigM,Utility,
cơm gà phạm văn hai,-25000,"₫25,000",04/12/2022,Expenses,,AC,
bánh mì 2ổ,-5000,"₫5,000",04/12/2022,Expenses,,AC,
cơm sườn gần chỗ mua bếp,-25000,"₫25,000",04/12/2022,Expenses,,AC,
chuối sim,-22000,"₫22,000",04/12/2022,Expenses,,AC,
cơm sườn gần nhà,-33000,"₫33,000",05/12/2022,Expenses,,AC,
thùng nước,-13000,"₫13,000",05/12/2022,Expenses,,Utility,
vỏ thùng nước,-35000,"₫35,000",05/12/2022,Expenses,,Utility,
gửi xe bưu điện hcm,-6000,"₫6,000",05/12/2022,Expenses,,Study,
cơm trưa,-33000,"₫33,000",06/12/2022,Expenses,,AC,
nước suối 1.5l,-10000,"₫10,000",06/12/2022,Expenses,,Utility,
nồi cơm,-260000,"₫260,000",06/12/2022,Expenses,BigM,Home,
thịt gà,-30000,"₫30,000",06/12/2022,Expenses,,AC,
gạo,-77000,"₫77,000",06/12/2022,Expenses,,AC,
bánh mì kẹp,-21000,"₫21,000",06/12/2022,Expenses,,AC,
vĩ nướng,-20000,"₫20,000",06/12/2022,Expenses,,Utility,
card đt 10k,-10000,"₫10,000",06/12/2022,Expenses,,Utility,
tiền điện tháng 12,-150000,"₫150,000",06/12/2022,Expenses,,Home,
xăng,-50000,"₫50,000",06/12/2022,Expenses,,DC,
phí rút tiền,-1100,"₫1,100",07/12/2022,Expenses,,Utility,
gửi xe cyber,-5000,"₫5,000",07/12/2022,Expenses,,Study,
xăng,-60000,"₫60,000",07/12/2022,Expenses,,DC,
cơm sườn bên kia cầu,-30000,"₫30,000",07/12/2022,Expenses,,AC,
phí rút tiền,-1100,"₫1,100",08/12/2022,Expenses,,Utility,
sạn gỗ,-33000,"₫33,000",08/12/2022,Expenses,,Utility,
trứng gà,-28500,"₫28,500",08/12/2022,Expenses,,AC,
fillet gà,-44000,"₫44,000",08/12/2022,Expenses,,AC,
sữa 1l,-28500,"₫28,500",08/12/2022,Expenses,,AC,
dầu gọi đầu,-16000,"₫16,000",08/12/2022,Expenses,,Utility,
dưa leo,-15000,"₫15,000",08/12/2022,Expenses,,AC,
khổ trang,-35000,"₫35,000",08/12/2022,Expenses,,Utility,
thuốc sổ lải,-20000,"₫20,000",08/12/2022,Expenses,,Body,
phí rút tiền,-1100,"₫1,100",09/12/2022,Expenses,,Utility,
xăng,-50000,"₫50,000",09/12/2022,Expenses,,DC,
cafe M coffee,-28000,"₫28,000",09/12/2022,Expenses,,Coffee,
chảo chóng dính,-41500,"₫41,500",09/12/2022,Expenses,,Utility,
gửi xe vạn hạnh mall,-5000,"₫5,000",09/12/2022,Expenses,,RL,
cơm chung với tường,-35000,"₫35,000",09/12/2022,Expenses,,AC,
đồng hồ để bàn,-96500,"₫96,500",09/12/2022,Expenses,,Utility,
chuối,-15000,"₫15,000",10/12/2022,Expenses,,AC,
card điện thoại,-10000,"₫10,000",10/12/2022,Expenses,,Utility,
bành mì,-21000,"₫21,000",10/12/2022,Expenses,,AC,
táo,-18000,"₫18,000",10/12/2022,Expenses,,AC,
cà chua,-10000,"₫10,000",10/12/2022,Expenses,,AC,
cafe HL,-29000,"₫29,000",10/12/2022,Expenses,,RL,
xăng,-40000,"₫40,000",11/12/2022,Expenses,,DC,
card đt,-10000,"₫10,000",11/12/2022,Expenses,,Utility,
cơm sườn,-30000,"₫30,000",12/12/2022,Expenses,,AC,
thùng nước,-15000,"₫15,000",12/12/2022,Expenses,,Utility,
cafe dọc đường,-12000,"₫12,000",13/12/2022,Expenses,,Coffee,
sữa chua,-21000,"₫21,000",13/12/2022,Expenses,,AC,
táo,-14030,"₫14,030",13/12/2022,Expenses,,AC,
xăng,-30000,"₫30,000",13/12/2022,Expenses,,DC,
xà lách,-13410,"₫13,410",13/12/2022,Expenses,,AC,
sữa tươi,-29700,"₫29,700",13/12/2022,Expenses,,AC,
chuối,-10000,"₫10,000",13/12/2022,Expenses,,AC,
bánh mì kẹp,-21000,"₫21,000",13/12/2022,Expenses,,AC,
fillet gà,-43860,"₫43,860",13/12/2022,Expenses,,AC,
cà chua,-25000,"₫25,000",13/12/2022,Expenses,,AC,
trà tắc,-25000,"₫25,000",14/12/2022,Expenses,,RL,
cafe sáng,-13000,"₫13,000",14/12/2022,Expenses,,Coffee,
dĩa hướng dương,-10000,"₫10,000",14/12/2022,Expenses,,RL,
xăng,-30000,"₫30,000",14/12/2022,Expenses,,DC,
bánh mì mè đen,-6000,"₫6,000",16/12/2022,Expenses,,AC,
sữa tươi,-31000,"₫31,000",16/12/2022,Expenses,,AC,
mì 3 miền,-4000,"₫4,000",16/12/2022,Expenses,,AC,
mì hảo hảo,-7400,"₫7,400",16/12/2022,Expenses,,AC,
táo,-32600,"₫32,600",16/12/2022,Expenses,,AC,
cafe,-15000,"₫15,000",17/12/2022,Expenses,,Coffee,
xăng,-40000,"₫40,000",17/12/2022,Expenses,,DC,
thùng nước,-15000,"₫15,000",18/12/2022,Expenses,,Utility,
xào đồ,-143000,"₫143,000",19/12/2022,Expenses,BigM,Home,
cafe,-15000,"₫15,000",19/12/2022,Expenses,,Coffee,
xăng,-50000,"₫50,000",19/12/2022,Expenses,,DC,
"photo, tài liệu, dopamine nation",-60000,"₫60,000",19/12/2022,Expenses,,Study,
card đt,-10000,"₫10,000",19/12/2022,Expenses,,Utility,
giấy A0,-11000,"₫11,000",19/12/2022,Expenses,,Utility,
táo,-20000,"₫20,000",20/12/2022,Expenses,,AV,
chanh không hạt,-7500,"₫7,500",20/12/2022,Expenses,,AC,
cafe,-15000,"₫15,000",20/12/2022,Expenses,,Coffee,
thịt gà,-45000,"₫45,000",20/12/2022,Expenses,,AC,
kem đánh răng,-30000,"₫30,000",20/12/2022,Expenses,,Utility,
trứng gà,-28500,"₫28,500",20/12/2022,Expenses,,AC,
dưa leo,-13000,"₫13,000",20/12/2022,Expenses,,AC,
3 quyển sách oder tikli,-161500,"₫161,500",21/12/2022,Expenses,,Mental,
nước vỉa hè nhà thờ đức bà với tường em,-30000,"₫30,000",21/12/2022,Expenses,,RL,
bear dalat,-32000,"₫32,000",22/12/2022,Expenses,,Entertainment,
giữ xe nhà tường,-15000,"₫15,000",22/12/2022,Expenses,,Home,
xăng,-50000,"₫50,000",22/12/2022,Expenses,,DC,
bánh mì ăn sáng,-23000,"₫23,000",22/12/2022,Expenses,,AC,
cafe dưới nhà,-19000,"₫19,000",23/12/2022,Expenses,,Mental,
xăng,-50000,"₫50,000",24/12/2022,Expenses,,DC,
cơm gà chickenplus,-45000,"₫45,000",24/12/2022,Expenses,,AC,
trà thanh long với hà,-29000,"₫29,000",24/12/2022,Expenses,,AV,
cơm trưa,-33000,"₫33,000",25/12/2022,Expenses,,AC,
cơm trưa,-33000,"₫33,000",26/12/2022,Expenses,,AC,
iCloud+,-19000,"₫19,000",26/12/2022,Expenses,Monthly,Utility,
4g tháng 1,-100000,"₫100,000",26/12/2022,Expenses,Monthly,Utility,
in english grammar in use,-140000,"₫140,000",26/12/2022,Expenses,BigM,Study,
thùng nước,-15000,"₫15,000",27/12/2022,Expenses,,Utility,
dưa leo,-12000,"₫12,000",27/12/2022,Expenses,,AC,
chuối cao,-13000,"₫13,000",27/12/2022,Expenses,,AC,
bánh mì,-21000,"₫21,000",27/12/2022,Expenses,,AC,
cafe go!,-10000,"₫10,000",27/12/2022,Expenses,,Coffee,
bánh mì,-15000,"₫15,000",27/12/2022,Expenses,,AC,
ức gà,-52000,"₫52,000",27/12/2022,Expenses,,AC,
xăng,-50000,"₫50,000",27/12/2022,Expenses,,DC,
xà lách,-13500,"₫13,500",27/12/2022,Expenses,,AC,
thùng sữa 1l,-30500,"₫30,500",27/12/2022,Expenses,,AC,
táo,-20000,"₫20,000",27/12/2022,Expenses,,AC,
cơm nha mân,-32000,"₫32,000",28/12/2022,Expenses,,AC,
cầu lông,-23000,"₫23,000",28/12/2022,Expenses,,Badmintion,
đồ chiên + nước mía,-17000,"₫17,000",28/12/2022,Expenses,,AV,
xăng,-35000,"₫35,000",28/12/2022,Expenses,,DC,
đồ chiên,-30000,"₫30,000",29/12/2022,Expenses,,AV,
xăng,-50000,"₫50,000",29/12/2022,Expenses,,DC,
nước suối,-10000,"₫10,000",29/12/2022,Expenses,,Utility,
cầu lông,-23000,"₫23,000",29/12/2022,Expenses,,Badmintion,
hủ tiếu,-15000,"₫15,000",29/12/2022,Expenses,,AC,
nước đêm công viên vĩnh long,-20000,"₫20,000",29/12/2022,Expenses,,AV,
cầu lông,-14000,"₫14,000",30/12/2022,Expenses,,Badmintion,
cơm sườn ăn sáng,-30000,"₫30,000",30/12/2022,Expenses,,AC,
giữ xe của ngân,-10000,"₫10,000",31/12/2022,Expenses,,RL,
phí rút tiền,-1100,"₫1,100",31/12/2022,Expenses,,Utility,
giữ xe,-10000,"₫10,000",31/12/2022,Expenses,,AV,
viết,-35000,"₫35,000",31/12/2022,Expenses,,Study,
bia,-7000,"₫7,000",31/12/2022,Expenses,,AV,
trà mật ông,-49000,"₫49,000",31/12/2022,Expenses,,AV,
xăng,-60000,"₫60,000",31/12/2022,Expenses,,DC,
mì circle,-15000,"₫15,000",31/12/2022,Expenses,,AC,
cọ,-3000,"₫3,000",31/12/2022,Expenses,,Utility,
cơm trưa,-30000,"₫30,000",31/12/2022,Expenses,,AC,
xăng,-50000,"₫50,000",31/12/2022,Expenses,,DC,
cơm trưa,-30000,"₫30,000",01/01/2023,Expenses,,AC,
bia,-32000,"₫32,000",02/01/2023,Expenses,,Mental,
sữa,-30000,"₫30,000",03/01/2023,Expenses,,AC,
phí rút tiền,-1100,"₫1,100",03/01/2023,Expenses,,Utility,
tiền nhà tháng 1,-2820000,"₫2,820,000",03/01/2023,Expenses,Monthly,Home,
xăng,-50000,"₫50,000",03/01/2023,Expenses,,DC,
thịt gà,-40000,"₫40,000",03/01/2023,Expenses,,AC,
dưa leo,-13000,"₫13,000",03/01/2023,Expenses,,AC,
táo gala,-20000,"₫20,000",03/01/2023,Expenses,,AC,
bánh mì heo quay,-20000,"₫20,000",03/01/2023,Expenses,,AC,
card đt,-10000,"₫10,000",03/01/2023,Expenses,,Utility,
bánh mì kẹp,-21000,"₫21,000",03/01/2023,Expenses,,AC,
cà phê hẻm 58 nguyễn thị thập,-12000,"₫12,000",03/01/2023,Expenses,,Coffee,
cơm,-32000,"₫32,000",03/01/2023,Expenses,,AC,
cafe 100g,-11000,"₫11,000",03/01/2023,Expenses,,Coffee,
gửi xe sư phạm,-2000,"₫2,000",04/01/2023,Expenses,,Study,
cơm sườn,-30000,"₫30,000",04/01/2023,Expenses,,AC,
nước suối,-10000,"₫10,000",04/01/2023,Expenses,,AC,
bia,-32000,"₫32,000",05/01/2023,Expenses,,Mental,
thùng nước,-15000,"₫15,000",07/01/2023,Expenses,,Utility,
xăng,-50000,"₫50,000",07/01/2023,Expenses,,DC,
cơm vs tường,-30000,"₫30,000",07/01/2023,Expenses,,AC,
card đt,-10000,"₫10,000",08/01/2023,Expenses,,Utility,
coffee viva gần nhà,-20000,"₫20,000",08/01/2023,Expenses,,Coffee,
táo,-27000,"₫27,000",08/01/2023,Expenses,,AC,
cafe gói,-12000,"₫12,000",08/01/2023,Expenses,,Coffee,
cafe,-15000,"₫15,000",08/01/2023,Expenses,,Coffee,
ức gà,-54000,"₫54,000",08/01/2023,Expenses,,AC,
bánh mì,-21000,"₫21,000",08/01/2023,Expenses,,AC,
hành,-10000,"₫10,000",08/01/2023,Expenses,,AC,
rút tiền atm,-1100,"₫1,100",08/01/2023,Expenses,,Utility,
chuối,-18000,"₫18,000",08/01/2023,Expenses,,AC,
xăng,-50000,"₫50,000",08/01/2023,Expenses,,DC,
chanh,-7000,"₫7,000",08/01/2023,Expenses,,AC,
dưa leo,-10000,"₫10,000",08/01/2023,Expenses,,AC,
bia,-32000,"₫32,000",09/01/2023,Expenses,,Mental,
gửi xe sư phạm,-2000,"₫2,000",10/01/2023,Expenses,,Study,
cơm lê hồng phong,-30000,"₫30,000",10/01/2023,Expenses,,AC,
xăng,-50000,"₫50,000",10/01/2023,Expenses,,DC,
cafe dưới nhà,-14000,"₫14,000",10/01/2023,Expenses,,Coffee,
bánh mì ăn sáng,-20000,"₫20,000",10/01/2023,Expenses,,AC,
gửi xe phan văn trị,-5000,"₫5,000",10/01/2023,Expenses,,RL,
bánh mì,-12000,"₫12,000",11/01/2023,Expenses,,AC,
cafe dưới nhà,-14000,"₫14,000",11/01/2023,Expenses,,Coffee,
cầu lông,-8000,"₫8,000",11/01/2023,Expenses,,Badmintion,
trà đào cam xã,-25000,"₫25,000",11/01/2023,Expenses,,AV,
cơm nhà mân,-27000,"₫27,000",11/01/2023,Expenses,,AC,
xăng nhà,-50000,"₫50,000",11/01/2023,Expenses,,DC,
nước mía,-5000,"₫5,000",11/01/2023,Expenses,,AV,
photo đơn,-2000,"₫2,000",11/01/2023,Expenses,,Utility,
nước mía + nước suối,-10000,"₫10,000",12/01/2023,Expenses,,AV,
cafe mộc,-14000,"₫14,000",12/01/2023,Expenses,,Coffee,
cơm sườn chị mai,-20000,"₫20,000",12/01/2023,Expenses,,AC,
khổ trang,-10000,"₫10,000",12/01/2023,Expenses,,Utility,
đồ chiên,-15000,"₫15,000",13/01/2023,Expenses,,AV,
xăng,-30000,"₫30,000",13/01/2023,Expenses,,DC,
cafa mộc,-13000,"₫13,000",13/01/2023,Expenses,,Coffee,
trái cầu chưa chia,-10000,"₫10,000",13/01/2023,Expenses,,Badmintion,
chai nước,-10000,"₫10,000",13/01/2023,Expenses,,Utility,
cơm sườn,-20000,"₫20,000",13/01/2023,Expenses,,AC,
cầu,-13000,"₫13,000",13/01/2023,Expenses,,Badmintion,
nước mía,-5000,"₫5,000",14/01/2023,Expenses,,AC,
cầu lông chưa chia,-26000,"₫26,000",15/01/2023,Expenses,,Badmintion,
cài tóc,-20000,"₫20,000",15/01/2023,Expenses,,CL,
cơm sườn,-20000,"₫20,000",15/01/2023,Expenses,,AC,
xăng,-25000,"₫25,000",15/01/2023,Expenses,,DC,
cafe mộc,-13000,"₫13,000",15/01/2023,Expenses,,Coffee,
xăng,-50000,"₫50,000",15/01/2023,Expenses,,DC,
cầu lông,-13000,"₫13,000",15/01/2023,Expenses,,Badmintion,
cafe bình minh,-18000,"₫18,000",16/01/2023,Expenses,,Coffee,
trà ổi Nathan,-35000,"₫35,000",16/01/2023,Expenses,,RL,
bánh mì ăn sáng,-30000,"₫30,000",16/01/2023,Expenses,,AC,
mèo chúa sa đéc,-80000,"₫80,000",16/01/2023,Expenses,,AC,
hớt tóc,-35000,"₫35,000",16/01/2023,Expenses,,Body,
cầu lông,-8000,"₫8,000",17/01/2023,Expenses,,Badmintion,
xăng,-30000,"₫30,000",17/01/2023,Expenses,,DC,
quấn cán,-11000,"₫11,000",17/01/2023,Expenses,,Badmintion,
cơm sườn,-20000,"₫20,000",18/01/2023,Expenses,,AC,
net lan hùng,-20000,"₫20,000",18/01/2023,Expenses,,Entertainment,
bánh mì,-12000,"₫12,000",18/01/2023,Expenses,,AC,
cam quán mộc,-15000,"₫15,000",18/01/2023,Expenses,,RL,
đồ chiên,-10000,"₫10,000",19/01/2023,Expenses,,RL,
cầu lông,-8000,"₫8,000",19/01/2023,Expenses,,Badmintion,
xăng,-50000,"₫50,000",20/01/2023,Expenses,,DC,
cơm sa đéc,-27000,"₫27,000",20/01/2023,Expenses,,AC,
thua bài,-6000,"₫6,000",20/01/2023,Expenses,,RL,
trà chanh với đám trinh,-6000,"₫6,000",20/01/2023,Expenses,,RL,
cơm sườn ăn sáng,-20000,"₫20,000",21/01/2023,Expenses,,AC,
nước ép đào,-41000,"₫41,000",21/01/2023,Expenses,,RL,
bún đậu mắm tôm,-50000,"₫50,000",22/01/2023,Expenses,,AC,
xăng,-50000,"₫50,000",22/01/2023,Expenses,,DC,
cơm trưa cho ba,-25000,"₫25,000",22/01/2023,Expenses,,Family,
cơm trưa,-25000,"₫25,000",22/01/2023,Expenses,,AC,
card điện thoại,-5000,"₫5,000",22/01/2023,Expenses,,Utility,
đá chanh sa đéc,-6000,"₫6,000",22/01/2023,Expenses,,RL,
bánh mì ăn sáng,-15000,"₫15,000",22/01/2023,Expenses,,AC,
sữa tươi,-32000,"₫32,000",23/01/2023,Expenses,,AC,
thua bài,-9000,"₫9,000",23/01/2023,Expenses,,RL,
cơm tấm,-20000,"₫20,000",23/01/2023,Expenses,,AC,
nước dừa,-3000,"₫3,000",23/01/2023,Expenses,,AC,
cà phê muối,-42000,"₫42,000",23/01/2023,Expenses,,RL,
sữa chua,-23000,"₫23,000",23/01/2023,Expenses,,AC,
bánh mì,-12000,"₫12,000",24/01/2023,Expenses,,AC,
cafe fomo,-30000,"₫30,000",24/01/2023,Expenses,,RL,
xăng,-30000,"₫30,000",24/01/2023,Expenses,,DC,
tiền hùng vô nhà xuân,-25000,"₫25,000",25/01/2023,Expenses,,AC,
cơm sườn,-20000,"₫20,000",25/01/2023,Expenses,,AC,
thua bài,-29000,"₫29,000",25/01/2023,Expenses,,Accident,
cầu lông,-33000,"₫33,000",26/01/2023,Expenses,,Badmintion,
hùng tiền ăn đồ chiên,-5000,"₫5,000",26/01/2023,Expenses,,AV,
quấn cán,-10000,"₫10,000",26/01/2023,Expenses,,Badmintion,
cơm sườn,-20000,"₫20,000",27/01/2023,Expenses,,AC,
xăng,-30000,"₫30,000",27/01/2023,Expenses,,DC,
quấn cán,-10000,"₫10,000",27/01/2023,Expenses,,Badmintion,
sữa tươi,-32000,"₫32,000",27/01/2023,Expenses,,AC,
hủ tiếu ăn tối,-15000,"₫15,000",28/01/2023,Expenses,,AC,
nước suối,-9000,"₫9,000",28/01/2023,Expenses,,Utility,
cơm,-20000,"₫20,000",28/01/2023,Expenses,,AC,
cơm sáng,-20000,"₫20,000",29/01/2023,Expenses,,AC,
trà chanh,-6000,"₫6,000",29/01/2023,Expenses,,RL,
gói iCloud+ 50GB,-19000,"₫19,000",29/01/2023,Expenses,Monthly,Utility,
bún đậu,-54000,"₫54,000",29/01/2023,Expenses,,AC,
cafe mộc,-13000,"₫13,000",29/01/2023,Expenses,,Coffee,
bánh mì ăn sáng,-10000,"₫10,000",30/01/2023,Expenses,,AC,
tiền bánh kem UNhi,-25000,"₫25,000",30/01/2023,Expenses,,RL,
hủ tiếu,-15000,"₫15,000",30/01/2023,Expenses,,AC,
trà chanh,-6000,"₫6,000",30/01/2023,Expenses,,RL,
in cuốn achieve ielt,-40000,"₫40,000",30/01/2023,Expenses,,Study,
xăng,-50000,"₫50,000",30/01/2023,Expenses,,DC,
mua đồ cho ba,-60000,"₫60,000",31/01/2023,Expenses,,Family,
cơm trưa cho mẹ,-30000,"₫30,000",31/01/2023,Expenses,,Family,
cơm trưa,-32000,"₫32,000",31/01/2023,Expenses,,AC,
cafe cả tàu,-10000,"₫10,000",31/01/2023,Expenses,,Coffee,
xăng,-30000,"₫30,000",31/01/2023,Expenses,,DC,
4G 21G,-60000,"₫60,000",31/01/2023,Expenses,,Utility,
cầu,-17000,"₫17,000",31/01/2023,Expenses,,Badmintion,
nạp điện thoại cho mẹ,-10000,"₫10,000",31/01/2023,Expenses,,Family,
cafe gần quán mộc,-10000,"₫10,000",01/02/2023,Expenses,,Coffee,
xăng,-40000,"₫40,000",01/02/2023,Expenses,,DC,
cơm nắm + nước suối cicrle K,-22000,"₫22,000",01/02/2023,Expenses,,AV,
xăng sg,-63000,"₫63,000",01/02/2023,Expenses,,DC,
card điện thoại,-10000,"₫10,000",01/02/2023,Expenses,,Utility,
cơm gần nhà,-35000,"₫35,000",01/02/2023,Expenses,,AC,
cơm gà,-20000,"₫20,000",01/02/2023,Expenses,,AC,
tiền nhà tháng 2,-2220000,"₫2,220,000",01/02/2023,Expenses,Monthly,Home,
trứng,-28500,"₫28,500",02/02/2023,Expenses,,AC,
cà chua,-17000,"₫17,000",02/02/2023,Expenses,,AC,
xà lách,-5000,"₫5,000",02/02/2023,Expenses,,AC,
sạc dự phòng,-326900,"₫326,900",02/02/2023,Expenses,BigM,Utility,
dưa leo,-20462,"₫20,462",02/02/2023,Expenses,,AC,
cafe,-12000,"₫12,000",02/02/2023,Expenses,,Coffee,
sữa tươi,-29600,"₫29,600",02/02/2023,Expenses,,AC,
bánh mì kẹp,-21000,"₫21,000",02/02/2023,Expenses,,AC,
bánh mì,-25000,"₫25,000",02/02/2023,Expenses,,AC,
xăng,-50000,"₫50,000",03/02/2023,Expenses,,DC,
bánh mì huỳnh mẫu đạt,-23000,"₫23,000",03/02/2023,Expenses,,AC,
sửa chén cổ xe,-30000,"₫30,000",03/02/2023,Expenses,,Accident,
gửi xe phan văn trị,-15000,"₫15,000",03/02/2023,Expenses,,RL,
gửi xe sư phạm,-2000,"₫2,000",03/02/2023,Expenses,,Study,
mua nước trường sư phạm,-5000,"₫5,000",03/02/2023,Expenses,,AV,
cafe dưới nahf,-15000,"₫15,000",04/02/2023,Expenses,,Coffee,
gửi xe phê la,-5000,"₫5,000",04/02/2023,Expenses,,RL,
trà đào - phê la,-55000,"₫55,000",04/02/2023,Expenses,,RL,
cafe dưới nhà,-15000,"₫15,000",05/02/2023,Expenses,,Coffee,
thùng nước,-15000,"₫15,000",05/02/2023,Expenses,,Utility,
cơm sườn,-35000,"₫35,000",06/02/2023,Expenses,,AC,
photo đề đgnl,-24000,"₫24,000",06/02/2023,Expenses,,Study,
cofe go ngyễn thị thập,-10000,"₫10,000",06/02/2023,Expenses,,Coffee,
phí thi đợt 1 ĐGNL,-303300,"₫303,300",07/02/2023,Expenses,BigM,Study,
dưa leo,-25000,"₫25,000",07/02/2023,Expenses,,AC,
cafe dưới nhà,-14000,"₫14,000",07/02/2023,Expenses,,Coffee,
chuối cau,-27000,"₫27,000",07/02/2023,Expenses,,AC,
cafe dưới nhà,-14000,"₫14,000",08/02/2023,Expenses,,Coffee,
bánh mì kẹp,-21000,"₫21,000",09/02/2023,Expenses,,AC,
cà chua,-18595,"₫18,595",09/02/2023,Expenses,,AC,
xăng,-50000,"₫50,000",09/02/2023,Expenses,,DC,
sữa vinamilk,-29000,"₫29,000",09/02/2023,Expenses,,AC,
dưa leo,-27289,"₫27,289",09/02/2023,Expenses,,AC,
ức gà,-41933,"₫41,933",09/02/2023,Expenses,,AC,
táo,-29547,"₫29,547",09/02/2023,Expenses,,AC,
nước cam go! nguyễn Thị Thập,-15000,"₫15,000",09/02/2023,Expenses,,Mental,
bánh mì bò,-25000,"₫25,000",09/02/2023,Expenses,,AC,
hủ tiếu,-25000,"₫25,000",10/02/2023,Expenses,,AC,
xăng,-80000,"₫80,000",10/02/2023,Expenses,,DC,
cafe dưới nhà,-14000,"₫14,000",10/02/2023,Expenses,,Coffee,
gửi xe tường,-10000,"₫10,000",10/02/2023,Expenses,,Study,
điện thoại,-40000,"₫40,000",10/02/2023,Expenses,,Utility,
xăng,-40000,"₫40,000",11/02/2023,Expenses,,DC,
cafe dưới nhà,-14000,"₫14,000",11/02/2023,Expenses,,Coffee,
thịt xoay,-36000,"₫36,000",12/02/2023,Expenses,,AC,
thùng nước,-12000,"₫12,000",12/02/2023,Expenses,,Utility,
caffe kafai,-17000,"₫17,000",12/02/2023,Expenses,,Coffee,
cơm tắm 175 bùi vưna ba,-25000,"₫25,000",12/02/2023,Expenses,,AC,
sữa chua,-12000,"₫12,000",12/02/2023,Expenses,,AC,
táo,-14000,"₫14,000",13/02/2023,Expenses,,AC,
kiềm,-90000,"₫90,000",13/02/2023,Expenses,,Accident,
bánh mì kẹp,-21000,"₫21,000",13/02/2023,Expenses,,AC,
xăng,-40000,"₫40,000",13/02/2023,Expenses,,DC,
cafe nguyễn thị thập,-12000,"₫12,000",13/02/2023,Expenses,,Coffee,
xà lách,-13000,"₫13,000",13/02/2023,Expenses,,AC,
cươm sườn 1 trần phú q5,-30000,"₫30,000",13/02/2023,Expenses,,AC,
dây chì,-5000,"₫5,000",13/02/2023,Expenses,,Utility,
ức gà,-45000,"₫45,000",13/02/2023,Expenses,,AC,
cà chua,-20000,"₫20,000",13/02/2023,Expenses,,AC,
in tầi liệu,-34000,"₫34,000",14/02/2023,Expenses,,Study,
bia,-32000,"₫32,000",14/02/2023,Expenses,,Mental,
cơm bùi văn ba,-25000,"₫25,000",14/02/2023,Expenses,,AC,
chat GPT,-30000,"₫30,000",15/02/2023,Expenses,,Study,
nước suối,-9000,"₫9,000",15/02/2023,Expenses,,Utility,
trứng,-30000,"₫30,000",15/02/2023,Expenses,,AC,
cafe dưới nhà,-14000,"₫14,000",15/02/2023,Expenses,,Coffee,
rau má với tường em,-12000,"₫12,000",16/02/2023,Expenses,,AV,
làm chìa khóa,-20000,"₫20,000",16/02/2023,Expenses,,Home,
sữa tươi cafe,-25000,"₫25,000",16/02/2023,Expenses,,Coffee,
xăng,-46000,"₫46,000",16/02/2023,Expenses,,DC,
gửi xe cầu lông,-5000,"₫5,000",16/02/2023,Expenses,,Badmintion,
cơm tắm đêm,-30000,"₫30,000",16/02/2023,Expenses,,AC,
xăng,-50000,"₫50,000",17/02/2023,Expenses,,DC,
xoi,-20000,"₫20,000",17/02/2023,Expenses,,AV,
sổ nhật ký,-66500,"₫66,500",17/02/2023,Expenses,,Mental,
coffee kafin,-17000,"₫17,000",17/02/2023,Expenses,,Coffee,
bia,-32000,"₫32,000",18/02/2023,Expenses,,AV,
bia,-32000,"₫32,000",18/02/2023,Expenses,,AV,
cơm,-38000,"₫38,000",18/02/2023,Expenses,,AC,
bánh mì ăn khuya,-16000,"₫16,000",18/02/2023,Expenses,,AC,
cà chua,-25000,"₫25,000",19/02/2023,Expenses,,AC,
coffee kafin,-17000,"₫17,000",19/02/2023,Expenses,,Coffee,
xăng,-30000,"₫30,000",19/02/2023,Expenses,,DC,
cơm bùi văn ba,-25000,"₫25,000",19/02/2023,Expenses,,AC,
bún đậu,-50000,"₫50,000",20/02/2023,Expenses,,AC,
gửi xe trường đại học,-3000,"₫3,000",20/02/2023,Expenses,,Study,
gửi xe phan văn trị,-10000,"₫10,000",20/02/2023,Expenses,,RL,
cơm trưa bách khoa,-25000,"₫25,000",20/02/2023,Expenses,,AC,
nước suối,-6000,"₫6,000",20/02/2023,Expenses,,Utility,
cafe dưới nhà,-17000,"₫17,000",20/02/2023,Expenses,,Coffee,
cơm tắm,-30000,"₫30,000",21/02/2023,Expenses,,AC,
xăng,-40000,"₫40,000",21/02/2023,Expenses,,DC,
nước cam,-15000,"₫15,000",21/02/2023,Expenses,,AV,
phí rút tiền,-1100,"₫1,100",21/02/2023,Expenses,,Utility,
hớt tóc,-80000,"₫80,000",21/02/2023,Expenses,,Body,
cơm bùi văn ba,-25000,"₫25,000",21/02/2023,Expenses,,AC,
cafe,-12000,"₫12,000",22/02/2023,Expenses,,Coffee,
trứng,-28500,"₫28,500",22/02/2023,Expenses,,AC,
thùng nước,-15000,"₫15,000",22/02/2023,Expenses,,Utility,
sữa tươi,-29000,"₫29,000",22/02/2023,Expenses,,AC,
sữa chua,-21500,"₫21,500",22/02/2023,Expenses,,AC,
táo,-27167,"₫27,167",22/02/2023,Expenses,,AC,
dưa leo,-15830,"₫15,830",22/02/2023,Expenses,,AC,
chanh,-8335,"₫8,335",22/02/2023,Expenses,,Utility,
bánh mì kẹp,-21000,"₫21,000",22/02/2023,Expenses,,AC,
xà lách,-8910,"₫8,910",22/02/2023,Expenses,,AC,
cầu lông,-50000,"₫50,000",23/02/2023,Expenses,,Badmintion,
đá me lê thị riêng,-15000,"₫15,000",23/02/2023,Expenses,,RL,
bánh mì,-20000,"₫20,000",23/02/2023,Expenses,,AC,
gói iCloud+,-19000,"₫19,000",23/02/2023,Expenses,Monthly,Utility,
xăng,-50000,"₫50,000",23/02/2023,Expenses,,DC,
cà chua,-5000,"₫5,000",24/02/2023,Expenses,,AC,
thang máy,-2000,"₫2,000",24/02/2023,Expenses,,Home,
hủ tiếu,-25000,"₫25,000",24/02/2023,Expenses,,AC,
ô xi,-10000,"₫10,000",24/02/2023,Expenses,,AV,
thịt,-16000,"₫16,000",24/02/2023,Expenses,,AC,
xăng,-30000,"₫30,000",24/02/2023,Expenses,,DC,
gửi xe phan văn trị,-15000,"₫15,000",25/02/2023,Expenses,,RL,
cafe TAW Phan Văn Trị,-15000,"₫15,000",25/02/2023,Expenses,,Coffee,
bánh mì,-23000,"₫23,000",25/02/2023,Expenses,,AC,
cơm vĩnh viễn,-30000,"₫30,000",25/02/2023,Expenses,,AC,
thang máy,-2000,"₫2,000",25/02/2023,Expenses,,RL,
bánh mì,-23000,"₫23,000",25/02/2023,Expenses,,AC,
gửi xe hồ con rùa,-20000,"₫20,000",25/02/2023,Expenses,,RL,
phí rút tiền,-1100,"₫1,100",25/02/2023,Expenses,,Utility,
bộ bài,-7000,"₫7,000",25/02/2023,Expenses,,RL,
nước hồ con rùa,-25000,"₫25,000",25/02/2023,Expenses,,RL,
bánh mì,-23000,"₫23,000",26/02/2023,Expenses,,AC,
gửi xe phan văn trị,-15000,"₫15,000",26/02/2023,Expenses,,RL,
nước maycha vs nhóm hà,-45000,"₫45,000",26/02/2023,Expenses,,RL,
bánh mì gs25,-16000,"₫16,000",26/02/2023,Expenses,,AC,
cơm tôn đức thắng,-30000,"₫30,000",26/02/2023,Expenses,,AC,
hột vịt lộn,-18000,"₫18,000",26/02/2023,Expenses,,AV,
cafe,-14000,"₫14,000",26/02/2023,Expenses,,Coffee,
cơm trưa,-38000,"₫38,000",27/02/2023,Expenses,,AC,
xăng,-65000,"₫65,000",27/02/2023,Expenses,,DC,
cafe,-12000,"₫12,000",27/02/2023,Expenses,,Coffee,
xăng,-40000,"₫40,000",28/02/2023,Expenses,,DC,
đá bánh vs Việt,-21000,"₫21,000",01/03/2023,Expenses,,Badmintion,
đồ chiên,-15000,"₫15,000",01/03/2023,Expenses,,AV,
nước cam tiệm nhà mình,-25000,"₫25,000",01/03/2023,Expenses,,Entertainment,
xăng nhà,-30000,"₫30,000",01/03/2023,Expenses,,DC,
nước mía,-5000,"₫5,000",01/03/2023,Expenses,,AV,
phở việt,-25000,"₫25,000",01/03/2023,Expenses,,AC,
xăng,-50000,"₫50,000",02/03/2023,Expenses,,DC,
dầu ăn,-53000,"₫53,000",02/03/2023,Expenses,,AC,
nạp tiền 4g,-50000,"₫50,000",02/03/2023,Expenses,,Utility,
cafe dọc đường,-10000,"₫10,000",02/03/2023,Expenses,,Coffee,
cơm sườn chị mai,-20000,"₫20,000",02/03/2023,Expenses,,AC,
coffe bảo mình,-47000,"₫47,000",02/03/2023,Expenses,,Coffee,
băng keo,-5000,"₫5,000",02/03/2023,Expenses,,Utility,
cà chua,-12000,"₫12,000",03/03/2023,Expenses,,AC,
sữa tươi,-30000,"₫30,000",03/03/2023,Expenses,,AC,
bánh mì kẹp,-21000,"₫21,000",03/03/2023,Expenses,,AC,
trứng gà,-28000,"₫28,000",03/03/2023,Expenses,,AC,
táo,-16000,"₫16,000",03/03/2023,Expenses,,AC,
cafe 58B,-12000,"₫12,000",03/03/2023,Expenses,,Coffee,
xăng,-30000,"₫30,000",03/03/2023,Expenses,,DC,
tiền nhà tháng 3,-2220000,"₫2,220,000",03/03/2023,Expenses,Monthly,Home,
bánh mì 3T,-25000,"₫25,000",03/03/2023,Expenses,,AC,
thịt xoay,-39000,"₫39,000",04/03/2023,Expenses,,AC,
cáp sạc,-104000,"₫104,000",04/03/2023,Expenses,,Utility,
cafe dưới nhà,-14000,"₫14,000",04/03/2023,Expenses,,Coffee,
cu ne,-2000,"₫2,000",04/03/2023,Expenses,,AV,
dầu gọi đầu romano,-15000,"₫15,000",04/03/2023,Expenses,,Utility,
cơm đêm trần phú,-30000,"₫30,000",05/03/2023,Expenses,,AC,
cafe phan văn trị,-14000,"₫14,000",05/03/2023,Expenses,,Coffee,
gửi xe,-15000,"₫15,000",05/03/2023,Expenses,,Study,
xăng,-50000,"₫50,000",05/03/2023,Expenses,,DC,
bánh mì huỳnh mẫu đạt,-23000,"₫23,000",05/03/2023,Expenses,,AC,
ăn trưa phạm văn hai,-25000,"₫25,000",05/03/2023,Expenses,,AC,
cơm tắm ông mập,-38000,"₫38,000",06/03/2023,Expenses,,AC,
cơm tắm bình thành,-30000,"₫30,000",07/03/2023,Expenses,,AC,
xăng,-50000,"₫50,000",07/03/2023,Expenses,,DC,
cafe kafin,-17000,"₫17,000",08/03/2023,Expenses,,Coffee,
thùng nước,-12000,"₫12,000",08/03/2023,Expenses,,Utility,
thịt,-37409,"₫37,409",08/03/2023,Expenses,,AC,
táo,-28000,"₫28,000",09/03/2023,Expenses,,AC,
the cúp pi hau,-29000,"₫29,000",09/03/2023,Expenses,,Coffee,
xăng,-30000,"₫30,000",09/03/2023,Expenses,,DC,
cơm tắm 330 Huỳnh Tấn Pháp,-30000,"₫30,000",09/03/2023,Expenses,,AC,
bánh mì kẹp,-21000,"₫21,000",09/03/2023,Expenses,,AC,
sữa chua,-21000,"₫21,000",09/03/2023,Expenses,,AC,
bánh mì bò,-25000,"₫25,000",09/03/2023,Expenses,,AC,
trứng gà,-28000,"₫28,000",09/03/2023,Expenses,,AC,
sữa tươi,-29000,"₫29,000",09/03/2023,Expenses,,AC,
phí rút tiền,-1100,"₫1,100",09/03/2023,Expenses,,Utility,
nạp điện thoại,-10000,"₫10,000",09/03/2023,Expenses,,Utility,
cơm huỳnh tấn phát,-30000,"₫30,000",11/03/2023,Expenses,,AC,
cafe đen đá số 1 lê thị riêng,-32000,"₫32,000",11/03/2023,Expenses,,Coffee,
cơm 175 bùi văn ba,-25000,"₫25,000",11/03/2023,Expenses,,AC,
sim viettel,-35000,"₫35,000",11/03/2023,Expenses,,Accident,
xăng,-40000,"₫40,000",11/03/2023,Expenses,,DC,
ăn trưa,-30000,"₫30,000",12/03/2023,Expenses,,AC,
vớ,-15000,"₫15,000",12/03/2023,Expenses,,CL,
kẹo si gum,-5000,"₫5,000",12/03/2023,Expenses,,AV,
phsi thườn niên,-66000,"₫66,000",12/03/2023,Expenses,,Utility,
xăng,-30000,"₫30,000",12/03/2023,Expenses,,DC,
cơm tối,-30000,"₫30,000",12/03/2023,Expenses,,AC,
cơm bùi văn ba,-25000,"₫25,000",13/03/2023,Expenses,,AC,
cà chua,-18000,"₫18,000",14/03/2023,Expenses,,AC,
thịt xoay,-42000,"₫42,000",14/03/2023,Expenses,,AC,
xăng,-40000,"₫40,000",16/03/2023,Expenses,,DC,
thùng nước,-12000,"₫12,000",16/03/2023,Expenses,,Utility,
thịt bầm,-43000,"₫43,000",16/03/2023,Expenses,,AC,
phí rút tiền,-1100,"₫1,100",16/03/2023,Expenses,,Utility,
nạp điện thoại,-10000,"₫10,000",16/03/2023,Expenses,,Utility,
bánh mì que gs25,-16000,"₫16,000",17/03/2023,Expenses,,AV,
ức gà,-47000,"₫47,000",17/03/2023,Expenses,,AC,
sinh tố mãn cầu,-15000,"₫15,000",17/03/2023,Expenses,,AV,
trứng,-30000,"₫30,000",17/03/2023,Expenses,,AC,
dưa leo,-10000,"₫10,000",17/03/2023,Expenses,,AC,
xăng,-50000,"₫50,000",17/03/2023,Expenses,,DC,
cơm tắm,-30000,"₫30,000",17/03/2023,Expenses,,AC,
sửa tươi,-29600,"₫29,600",19/03/2023,Expenses,,AC,
nước suối,-10000,"₫10,000",19/03/2023,Expenses,,AC,
bánh mì bò,-25000,"₫25,000",19/03/2023,Expenses,,AC,
xăng,-50000,"₫50,000",19/03/2023,Expenses,,DC,
táo,-22464,"₫22,464",19/03/2023,Expenses,,AC,
chuối,-12320,"₫12,320",19/03/2023,Expenses,,AC,
cơm tấm trần phú,-30000,"₫30,000",19/03/2023,Expenses,,AC,
nước rửa chén,-15000,"₫15,000",19/03/2023,Expenses,,Utility,
bánh mì kẹp,-21000,"₫21,000",19/03/2023,Expenses,,AC,
mì hảo hảo,-11100,"₫11,100",19/03/2023,Expenses,,AC,
card điện thoại,-10000,"₫10,000",20/03/2023,Expenses,,Utility,
xăng,-40000,"₫40,000",20/03/2023,Expenses,,DC,
cà chua,-25000,"₫25,000",20/03/2023,Expenses,,AC,
cơm lê hồng phong,-30000,"₫30,000",20/03/2023,Expenses,,AC,
thịt bầm,-37000,"₫37,000",20/03/2023,Expenses,,AC,
cơm bếp xanh tôn ddwcss thắng,-30000,"₫30,000",21/03/2023,Expenses,,AC,
card điện thoại,-10000,"₫10,000",21/03/2023,Expenses,,Utility,
phí rút tiền,-1100,"₫1,100",21/03/2023,Expenses,,Utility,
xăng,-40000,"₫40,000",21/03/2023,Expenses,,DC,
bánh mì thịt,-20000,"₫20,000",23/03/2023,Expenses,,AC,
đồ bào,-2000,"₫2,000",23/03/2023,Expenses,,Study,
photo giấy dự thi,-2000,"₫2,000",23/03/2023,Expenses,,Study,
atlat,-31000,"₫31,000",23/03/2023,Expenses,,Study,
kẹo cune,-2000,"₫2,000",23/03/2023,Expenses,,AV,
viêt chì,-15500,"₫15,500",23/03/2023,Expenses,,Study,
gửi xe nhà sách,-4000,"₫4,000",23/03/2023,Expenses,,AC,
tẩy,-4500,"₫4,500",23/03/2023,Expenses,,Study,
nước lê thị riêng,-15000,"₫15,000",23/03/2023,Expenses,,RL,
thịt bầm,-35000,"₫35,000",25/03/2023,Expenses,,AC,
nước suôi,-5000,"₫5,000",25/03/2023,Expenses,,Utility,
xăng,-30000,"₫30,000",25/03/2023,Expenses,,DC,
thùng nước,-12000,"₫12,000",25/03/2023,Expenses,,Utility,
photo đề,-5000,"₫5,000",25/03/2023,Expenses,,Study,
cơm trưa,-35000,"₫35,000",25/03/2023,Expenses,,AC,
gửi xe thi đgnl,-5000,"₫5,000",26/03/2023,Expenses,,Study,
bánh mì ăn sáng,-20000,"₫20,000",26/03/2023,Expenses,,AC,
nước mía,-5000,"₫5,000",26/03/2023,Expenses,,AV,
cơm bùi văn ba,-25000,"₫25,000",26/03/2023,Expenses,,AC,
xăng dìa quê,-50000,"₫50,000",26/03/2023,Expenses,,DC,
sân cầu,-5000,"₫5,000",26/03/2023,Expenses,,Badmintion,
nước suối,-10000,"₫10,000",26/03/2023,Expenses,,Utility,
xăng,-40000,"₫40,000",27/03/2023,Expenses,,DC,
đá bánh,-10000,"₫10,000",27/03/2023,Expenses,,Body,
hớt tóc,-40000,"₫40,000",27/03/2023,Expenses,,Body,
sân cầu,-5000,"₫5,000",27/03/2023,Expenses,,Badmintion,
đánh cầu,-5000,"₫5,000",28/03/2023,Expenses,,Badmintion,
nước suối,-5000,"₫5,000",28/03/2023,Expenses,,Utility,
hủ tiếu gầm cầu,-15000,"₫15,000",28/03/2023,Expenses,,AC,
đánh cầu,-5000,"₫5,000",28/03/2023,Expenses,,Badmintion,
ô shi,-27000,"₫27,000",30/03/2023,Expenses,,AV,
xăng,-60000,"₫60,000",30/03/2023,Expenses,,DC,
hùng gửi xe,-2000,"₫2,000",30/03/2023,Expenses,,Home,
gà rán,-40000,"₫40,000",30/03/2023,Expenses,,AC,
đèn cầy,-11000,"₫11,000",30/03/2023,Expenses,,RL,
bánh kem,-130000,"₫130,000",30/03/2023,Expenses,,RL,
quà xuân,-25000,"₫25,000",30/03/2023,Expenses,,RL,
bộ bài,-13000,"₫13,000",30/03/2023,Expenses,,RL,
nước đá,-9000,"₫9,000",30/03/2023,Expenses,,RL,
xăng,-40000,"₫40,000",31/03/2023,Expenses,,DC,
sữa tươi,-37000,"₫37,000",31/03/2023,Expenses,,AC,
cơm chiều,-30000,"₫30,000",31/03/2023,Expenses,,AC,
bánh mì bò,-25000,"₫25,000",31/03/2023,Expenses,,AC,
nước cam,-15000,"₫15,000",01/04/2023,Expenses,,AV,
gói iCloud,-19000,"₫19,000",01/04/2023,Expenses,Monthly,Utility,
21G 4g,-60000,"₫60,000",01/04/2023,Expenses,,Utility,
cơm ông mập,-38000,"₫38,000",01/04/2023,Expenses,,AC,
gửi đồ về quê,-80000,"₫80,000",01/04/2023,Expenses,,DC,
xăng,-50000,"₫50,000",02/04/2023,Expenses,,DC,
cơm chiều,-30000,"₫30,000",02/04/2023,Expenses,,AC,
bánh mì bò,-25000,"₫25,000",02/04/2023,Expenses,,AC,
dép,-95000,"₫95,000",02/04/2023,Expenses,,CL,
cơm nguyễn thị thập,-30000,"₫30,000",03/04/2023,Expenses,,AC,
bánh mì,-10000,"₫10,000",03/04/2023,Expenses,,AC,
bánh mì ăn sáng,-15000,"₫15,000",04/04/2023,Expenses,,AC,
cơm chiều,-30000,"₫30,000",04/04/2023,Expenses,,AC,
gửi xe quán ăn,-5000,"₫5,000",04/04/2023,Expenses,,AC,
lệ phí thi ĐGNL đợt 2,-300000,"₫300,000",05/04/2023,Expenses,BigM,Study,
cơm chiều,-30000,"₫30,000",05/04/2023,Expenses,,AC,
bánh mì,-10000,"₫10,000",05/04/2023,Expenses,,AC,
phí đóng tiền ĐGNL,-3300,"₫3,300",05/04/2023,Expenses,,Study,
hủ tiếu,-30000,"₫30,000",06/04/2023,Expenses,,AC,
bánh mì,-10000,"₫10,000",06/04/2023,Expenses,,AC,
coldbrew,-50000,"₫50,000",06/04/2023,Expenses,,RL,
cơm chiều,-30000,"₫30,000",06/04/2023,Expenses,,AC,
tiền giữ,-30000,"₫30,000",07/04/2023,Expenses,,Ngu,
xăng,-60000,"₫60,000",07/04/2023,Expenses,,DC,
bánh mì,-10000,"₫10,000",07/04/2023,Expenses,,AC,
sữa tươi,-10000,"₫10,000",07/04/2023,Expenses,,AV,
cơm,-30000,"₫30,000",08/04/2023,Expenses,,AC,
bánh mì,-15000,"₫15,000",08/04/2023,Expenses,,AC,
sinh tố dừa,-20000,"₫20,000",08/04/2023,Expenses,,AV,
nước suôi,-11000,"₫11,000",09/04/2023,Expenses,,Utility,
sữa tươi,-31000,"₫31,000",09/04/2023,Expenses,,AC,
cam,-22000,"₫22,000",09/04/2023,Expenses,,AC,
bánh mì,-10000,"₫10,000",09/04/2023,Expenses,,AC,
cơm trưa,-38000,"₫38,000",09/04/2023,Expenses,,AC,
cafe phan văn trị,-22000,"₫22,000",09/04/2023,Expenses,,Coffee,
bánh mì kẹp,-21000,"₫21,000",09/04/2023,Expenses,,AC,
cafe trung nguyên,-24000,"₫24,000",09/04/2023,Expenses,,Coffee,
xét học bạ + đgnl UEH,-60000,"₫60,000",09/04/2023,Expenses,,Study,
cơm chiều,-30000,"₫30,000",10/04/2023,Expenses,,AC,
bánh mì,-10000,"₫10,000",10/04/2023,Expenses,,AC,
bánh mì,-10000,"₫10,000",11/04/2023,Expenses,,AC,
cafe 322 trần bình trong,-22000,"₫22,000",11/04/2023,Expenses,,Coffee,
gửi xe sư phạm,-4000,"₫4,000",11/04/2023,Expenses,,Study,
sách một nghệ thuật sống,-55000,"₫55,000",11/04/2023,Expenses,,Study,
xăng,-50000,"₫50,000",11/04/2023,Expenses,,DC,
cơm chiều,-30000,"₫30,000",11/04/2023,Expenses,,AC,
cơm tắm,-30000,"₫30,000",12/04/2023,Expenses,,AC,
đuôi cá gắn quạt,-9000,"₫9,000",12/04/2023,Expenses,,Home,
bánh mì,-10000,"₫10,000",12/04/2023,Expenses,,AC,
cơm chiều,-30000,"₫30,000",13/04/2023,Expenses,,AC,
bánh mì,-10000,"₫10,000",13/04/2023,Expenses,,AC,
bánh mì,-10000,"₫10,000",14/04/2023,Expenses,,AC,
xủi thêm,-10000,"₫10,000",14/04/2023,Expenses,,AC,
cơm chiều,-30000,"₫30,000",14/04/2023,Expenses,,AC,
bánh mì a thành,-13000,"₫13,000",14/04/2023,Expenses,,Accident,
trà xanh toco,-31000,"₫31,000",14/04/2023,Expenses,,AV,
bánh mì,-13000,"₫13,000",15/04/2023,Expenses,,AC,
cơm tắm,-30000,"₫30,000",15/04/2023,Expenses,,AC,
bánh mì kẹp,-21000,"₫21,000",16/04/2023,Expenses,,AC,
sữa tươi,-31500,"₫31,500",16/04/2023,Expenses,,AC,
trà sữa 3h,-52000,"₫52,000",16/04/2023,Expenses,,AV,
cơm tắm,-33000,"₫33,000",16/04/2023,Expenses,,AC,
cafe sáng tạo,-64000,"₫64,000",16/04/2023,Expenses,,Coffee,
gửi xe bưu điện,-3000,"₫3,000",16/04/2023,Expenses,,RL,
táo,-43500,"₫43,500",16/04/2023,Expenses,,AC,
cơm tắm,-30000,"₫30,000",16/04/2023,Expenses,,AC,
trà phúc long,-35000,"₫35,000",17/04/2023,Expenses,,RL,
xăng,-50000,"₫50,000",17/04/2023,Expenses,,DC,
cơm,-30000,"₫30,000",17/04/2023,Expenses,,AC,
hột vịt lộn,-15000,"₫15,000",17/04/2023,Expenses,,AV,
bù cơm trưa,-10000,"₫10,000",18/04/2023,Expenses,,AC,
bánh mì,-10000,"₫10,000",18/04/2023,Expenses,,AC,
cơm chiều,-30000,"₫30,000",18/04/2023,Expenses,,AC,
cơm chiềui,-35000,"₫35,000",19/04/2023,Expenses,,AC,
card điện thoại,-10000,"₫10,000",19/04/2023,Expenses,,Utility,
xăng 4,-40000,"₫40,000",19/04/2023,Expenses,,DC,
bánh mì,-10000,"₫10,000",19/04/2023,Expenses,,AC,
cafe đầu ngõ,-10000,"₫10,000",19/04/2023,Expenses,,Coffee,
phí rút tiền,-1048,"₫1,048",20/04/2023,Expenses,,Utility,
cơm tắm,-30000,"₫30,000",20/04/2023,Expenses,,AC,
bánh mì,-10000,"₫10,000",20/04/2023,Expenses,,AC,
cơm tắm,-30000,"₫30,000",21/04/2023,Expenses,,AC,
cafe,-10000,"₫10,000",21/04/2023,Expenses,,Coffee,
gửi xe sư phạm,-2000,"₫2,000",21/04/2023,Expenses,,Study,
cơm tắm,-30000,"₫30,000",22/04/2023,Expenses,,AC,
hồng trà,-27000,"₫27,000",22/04/2023,Expenses,,AV,
cơm tắm,-30000,"₫30,000",23/04/2023,Expenses,,AC,
sữa tươi,-31500,"₫31,500",23/04/2023,Expenses,,AC,
rút tiền,-1100,"₫1,100",23/04/2023,Expenses,,Utility,
táo,-64500,"₫64,500",23/04/2023,Expenses,,AC,
bánh mì kẹp,-21000,"₫21,000",23/04/2023,Expenses,,AC,
cơm g,-30000,"₫30,000",23/04/2023,Expenses,,AC,
iCloud +,-19000,"₫19,000",23/04/2023,Expenses,Monthly,Utility,
cơm chiều,-30000,"₫30,000",24/04/2023,Expenses,,AC,
xăng,-40000,"₫40,000",24/04/2023,Expenses,,DC,
cơm tắm,-30000,"₫30,000",25/04/2023,Expenses,,AC,
nguyện vọng đgnl,-325000,"₫325,000",26/04/2023,Expenses,BigM,Study,
cơm tắm,-30000,"₫30,000",26/04/2023,Expenses,,AC,
nước suối,-7000,"₫7,000",26/04/2023,Expenses,,AV,
phí đóng lệ phí,-3575,"₫3,575",26/04/2023,Expenses,,Study,
nhớt,-68600,"₫68,600",26/04/2023,Expenses,,Utility,
cơm,-30000,"₫30,000",27/04/2023,Expenses,,AC,
cơm trưa lỡ trả tk phúc,-42500,"₫42,500",27/04/2023,Expenses,,Accident,
musi chặn quảng cáo,-149000,"₫149,000",28/04/2023,Expenses,BigM,Utility,
xăng,-50000,"₫50,000",28/04/2023,Expenses,,DC,
bánh mì,-10000,"₫10,000",28/04/2023,Expenses,,AC,
cơm tắm,-30000,"₫30,000",28/04/2023,Expenses,,AC,
phí rút tiền,-1100,"₫1,100",28/04/2023,Expenses,,Utility,
cơm tắm,-30000,"₫30,000",29/04/2023,Expenses,,AC,
chìa khóa số 17,-35000,"₫35,000",29/04/2023,Expenses,,Utility,
cafe buổi trưa,-13000,"₫13,000",29/04/2023,Expenses,,Coffee,
cơm,-33000,"₫33,000",30/04/2023,Expenses,,AC,
nước dưa hấu ép sa đéc,-35000,"₫35,000",30/04/2023,Expenses,,RL,
bù tiền mua ruột cho ba,-15000,"₫15,000",30/04/2023,Expenses,,Family,
xăng xe 100,-30000,"₫30,000",30/04/2023,Expenses,,DC,
xăng về quê,-70000,"₫70,000",30/04/2023,Expenses,,DC,
hớt tóc,-40000,"₫40,000",30/04/2023,Expenses,,Body,
bánh bao,-20000,"₫20,000",30/04/2023,Expenses,,AC,
phsi rút tiền,-1100,"₫1,100",30/04/2023,Expenses,,Utility,
nước cam,-15000,"₫15,000",30/04/2023,Expenses,,AV,
gửi đồ,-35000,"₫35,000",30/04/2023,Expenses,,DC,
nước suối,-10000,"₫10,000",01/05/2023,Expenses,,Utility,
phí rút tiền,-1100,"₫1,100",01/05/2023,Expenses,,Utility,
xôi,-10000,"₫10,000",01/05/2023,Expenses,,AC,
bida béo,-19000,"₫19,000",01/05/2023,Expenses,,Bida,
cafe số 1 trần phú Sadec,-10000,"₫10,000",01/05/2023,Expenses,,Coffee,
xăng,-30000,"₫30,000",01/05/2023,Expenses,,DC,
thùng bia,-130000,"₫130,000",01/05/2023,Expenses,,RL,
hủ tiếu gầm cầu,-19000,"₫19,000",01/05/2023,Expenses,,AC,
trà chanh,-5000,"₫5,000",01/05/2023,Expenses,,RL,
sân cầu,-5000,"₫5,000",01/05/2023,Expenses,,Badmintion,
tiền đánh cầu + việt em,-10000,"₫10,000",02/05/2023,Expenses,,Badmintion,
nước mia,-5000,"₫5,000",02/05/2023,Expenses,,AV,
nhớt xe,-110000,"₫110,000",02/05/2023,Expenses,BigM,Utility,
nước cam nha mân,-20000,"₫20,000",02/05/2023,Expenses,,AV,
caste xe blade,-47000,"₫47,000",02/05/2023,Expenses,,DC,
cơm sườn chi mai,-20000,"₫20,000",02/05/2023,Expenses,,AC,
bị lấy bóp,-383000,"₫383,000",03/05/2023,Expenses,BigM,Accident,
nước mía + đồ chiên chung với việt,-20000,"₫20,000",03/05/2023,Expenses,,AV,
cơm sườn chị mai,-20000,"₫20,000",03/05/2023,Expenses,,AC,
cầu lông,-21000,"₫21,000",03/05/2023,Expenses,,Badmintion,
sân cầu,-7000,"₫7,000",03/05/2023,Expenses,,Badmintion,
4g 21G,-60000,"₫60,000",04/05/2023,Expenses,,Utility,
sân cầu,-5000,"₫5,000",04/05/2023,Expenses,,Badmintion,
nước mía,-10000,"₫10,000",04/05/2023,Expenses,,AV,
xăng,-30000,"₫30,000",04/05/2023,Expenses,,DC,
công chứng giấy tờ,-17000,"₫17,000",05/05/2023,Expenses,,Study,
xăng,-30000,"₫30,000",05/05/2023,Expenses,,DC,
tem+ bao thơ,-23000,"₫23,000",05/05/2023,Expenses,,Study,
card,-10000,"₫10,000",05/05/2023,Expenses,,Utility,
nước mía,-11000,"₫11,000",05/05/2023,Expenses,,AV,
nước quán đối diện trường,-18000,"₫18,000",05/05/2023,Expenses,,RL,
cầu lông,-12000,"₫12,000",05/05/2023,Expenses,,Badmintion,
sân cầu,-5000,"₫5,000",05/05/2023,Expenses,,Badmintion,
cold brew tiệm nhà mình,-26000,"₫26,000",05/05/2023,Expenses,,RL,
pho to,-2000,"₫2,000",05/05/2023,Expenses,,Study,
hình thẻ,-50000,"₫50,000",05/05/2023,Expenses,,Study,
nước suối,-10000,"₫10,000",06/05/2023,Expenses,,Badmintion,
nước mía,-10000,"₫10,000",06/05/2023,Expenses,,AV,
bida béo,-27000,"₫27,000",06/05/2023,Expenses,,Bida,
sân cầu + tiền cầu,-13000,"₫13,000",06/05/2023,Expenses,,Badmintion,
tiền sân + cầu,-7000,"₫7,000",07/05/2023,Expenses,,Badmintion,
xăng,-30000,"₫30,000",07/05/2023,Expenses,,DC,
nước mía,-10000,"₫10,000",07/05/2023,Expenses,,AV,
đan vợt,-130000,"₫130,000",08/05/2023,Expenses,BigM,Badmintion,
colf brew cam tiệm nhà mình,-26000,"₫26,000",08/05/2023,Expenses,,Mental,
pin bàn phím,-85000,"₫85,000",09/05/2023,Expenses,,Accident,
nước mía,-5000,"₫5,000",10/05/2023,Expenses,,AV,
sân cầu,-11000,"₫11,000",10/05/2023,Expenses,,Badmintion,
nước suối,-10000,"₫10,000",10/05/2023,Expenses,,Badmintion,
sân cầu,-7000,"₫7,000",11/05/2023,Expenses,,Badmintion,
cầu lông,-7000,"₫7,000",12/05/2023,Expenses,,Badmintion,
bánh mì,-12000,"₫12,000",12/05/2023,Expenses,,AC,
nước mía,-5000,"₫5,000",12/05/2023,Expenses,,AV,
nước mía,-10000,"₫10,000",13/05/2023,Expenses,,AV,
sân cầu,-7000,"₫7,000",13/05/2023,Expenses,,Badmintion,
đồ chiên,-15000,"₫15,000",13/05/2023,Expenses,,AV,
phí rút tiền,-1100,"₫1,100",14/05/2023,Expenses,,Utility,
xăng xe 100,-30000,"₫30,000",14/05/2023,Expenses,,DC,
xăng đi cần thơ,-55000,"₫55,000",14/05/2023,Expenses,,DC,
cầu lông,-13000,"₫13,000",18/05/2023,Expenses,,Badmintion,
tiền xăng cho việt em,-16000,"₫16,000",18/05/2023,Expenses,,DC,
đồ chiên,-10000,"₫10,000",18/05/2023,Expenses,,AV,
nước mía,-5000,"₫5,000",18/05/2023,Expenses,,AV,
quấn cán vợt,-22000,"₫22,000",19/05/2023,Expenses,,Badmintion,
sân cầu,-9000,"₫9,000",19/05/2023,Expenses,,Badmintion,
nước mía,-10000,"₫10,000",19/05/2023,Expenses,,AV,
giày cầu long,-140000,"₫140,000",20/05/2023,Expenses,BigM,CL,
đá chanh với đám hiểu,-5000,"₫5,000",20/05/2023,Expenses,,RL,
2 bộ đá banh,-150000,"₫150,000",20/05/2023,Expenses,BigM,CL,
xăng,-30000,"₫30,000",20/05/2023,Expenses,,DC,
bún đậu,-34000,"₫34,000",20/05/2023,Expenses,,AC,
sân cầu + cầu,-23000,"₫23,000",21/05/2023,Expenses,,Badmintion,
cafe 100g,-10000,"₫10,000",21/05/2023,Expenses,,Coffee,
sân cầu,-11000,"₫11,000",22/05/2023,Expenses,,Badmintion,
trả tiền thua cầu cho tín,-12000,"₫12,000",25/05/2023,Expenses,,RL,
thua cầu,-12000,"₫12,000",25/05/2023,Expenses,,Badmintion,
lăng nách,-62000,"₫62,000",25/05/2023,Expenses,,Utility,
iCloud+,-19000,"₫19,000",25/05/2023,Expenses,Monthly,Utility,
tiền sân cầu,-11000,"₫11,000",25/05/2023,Expenses,,Badmintion,
cầu sân,-17000,"₫17,000",26/05/2023,Expenses,,Badmintion,
hớt  tóc,-30000,"₫30,000",26/05/2023,Expenses,,Utility,
nước cho anh Duy vs tường,-94000,"₫94,000",27/05/2023,Expenses,,Home,
cơm,-30000,"₫30,000",27/05/2023,Expenses,,AC,
photo,-2000,"₫2,000",27/05/2023,Expenses,,Study,
thang máy,-2000,"₫2,000",27/05/2023,Expenses,,Home,
"viết, gom",-28000,"₫28,000",27/05/2023,Expenses,,Study,
xăng đi sg đgnl,-100000,"₫100,000",27/05/2023,Expenses,,DC,
hủ tiếu đêm,-25000,"₫25,000",27/05/2023,Expenses,,AC,
gửi đồ về quê,-60000,"₫60,000",28/05/2023,Expenses,,Utility,
cơm sườn,-35000,"₫35,000",28/05/2023,Expenses,,AC,
little cam ở little cam,-50000,"₫50,000",28/05/2023,Expenses,,Mental,
gửi xe thi đgnl,-6000,"₫6,000",28/05/2023,Expenses,,Study,
bánh mì,-10000,"₫10,000",28/05/2023,Expenses,,AC,
gửi xe phan văn trị,-15000,"₫15,000",28/05/2023,Expenses,,RL,
cơm trưa q1,-40000,"₫40,000",28/05/2023,Expenses,,AC,
nước suối,-6000,"₫6,000",29/05/2023,Expenses,,Utility,
cafe phan văn trị,-14000,"₫14,000",29/05/2023,Expenses,,Coffee,
xăng,-50000,"₫50,000",29/05/2023,Expenses,,DC,
bánh mì ăn sáng,-10000,"₫10,000",29/05/2023,Expenses,,AC,
gửi xe,-15000,"₫15,000",29/05/2023,Expenses,,Study,
cafe thủ đức,-19000,"₫19,000",29/05/2023,Expenses,,Coffee,
gửi xe center,-5000,"₫5,000",29/05/2023,Expenses,,RL,
phí rút tiền,-1100,"₫1,100",29/05/2023,Expenses,,Utility,
cơm sườn,-35000,"₫35,000",29/05/2023,Expenses,,AC,
bơm bánh xe,-3000,"₫3,000",29/05/2023,Expenses,,DC,
gửi xe sư phạm,-2000,"₫2,000",29/05/2023,Expenses,,Study,
nươc mía,-10000,"₫10,000",30/05/2023,Expenses,,AV,
cầu lông,-20000,"₫20,000",30/05/2023,Expenses,,Badmintion,
tiền nước mía tường em,-18000,"₫18,000",30/05/2023,Expenses,,RL,
rút tiền,-1100,"₫1,100",30/05/2023,Expenses,,Utility,
xăng,-20000,"₫20,000",30/05/2023,Expenses,,DC,
xăng,-40000,"₫40,000",31/05/2023,Expenses,,DC,
bida,-15000,"₫15,000",31/05/2023,Expenses,,RL,
photo học bạ,-8000,"₫8,000",31/05/2023,Expenses,,Study,
nước mía,-10000,"₫10,000",31/05/2023,Expenses,,AV,
cầu lông,-17000,"₫17,000",31/05/2023,Expenses,,Badmintion,
phí rút tiền,-1100,"₫1,100",31/05/2023,Expenses,,Utility,
nước suối,-10000,"₫10,000",01/06/2023,Expenses,,Badmintion,
nước mía + đồ chiên,-25000,"₫25,000",01/06/2023,Expenses,,AV,
cầu lông,-11000,"₫11,000",01/06/2023,Expenses,,Badmintion,
bánh mì,-12000,"₫12,000",01/06/2023,Expenses,,AC,
gửi xe cần thơ,-2000,"₫2,000",02/06/2023,Expenses,,Study,
sân cầu,-17000,"₫17,000",02/06/2023,Expenses,,Badmintion,
nguyện vọng cần thơ,-150000,"₫150,000",02/06/2023,Expenses,BigM,Study,
xăng,-40000,"₫40,000",02/06/2023,Expenses,,DC,
quấn cán,-12000,"₫12,000",02/06/2023,Expenses,,Badmintion,
quấn cán cho tín em,-12000,"₫12,000",02/06/2023,Expenses,,RL,
cầu lông,-23000,"₫23,000",03/06/2023,Expenses,,Badmintion,
nước mía + đồ chiên,-22000,"₫22,000",03/06/2023,Expenses,,AV,
cầu lông,-11000,"₫11,000",04/06/2023,Expenses,,Badmintion,
sữa tươi,-34000,"₫34,000",05/06/2023,Expenses,,AC,
cầu lông,-11000,"₫11,000",05/06/2023,Expenses,,Badmintion,
nước với thầy dới cả tàu,-20000,"₫20,000",05/06/2023,Expenses,,RL,
xăng,-30000,"₫30,000",05/06/2023,Expenses,,DC,
nước mía,-5000,"₫5,000",06/06/2023,Expenses,,AV,
đèn bàn học,-106000,"₫106,000",06/06/2023,Expenses,,Utility,
cầu lông,-35000,"₫35,000",06/06/2023,Expenses,,Badmintion,
cầu lông sân tân hội,-17000,"₫17,000",07/06/2023,Expenses,,Badmintion,
cầu lông,-11000,"₫11,000",07/06/2023,Expenses,,Badmintion,
bánh bao,-12000,"₫12,000",07/06/2023,Expenses,,Utility,
cầu,-23000,"₫23,000",08/06/2023,Expenses,,Badmintion,
nguyện vọng ĐGNL,-125000,"₫125,000",08/06/2023,Expenses,BigM,Study,
xăng,-30000,"₫30,000",08/06/2023,Expenses,,DC,
phí thanh toán nguyện vọng,-1375,"₫1,375",08/06/2023,Expenses,,Study,
cafe trần phú sa đéc,-13000,"₫13,000",09/06/2023,Expenses,,Coffee,
sân cầu,-23000,"₫23,000",09/06/2023,Expenses,,Badmintion,
xăng,-30000,"₫30,000",09/06/2023,Expenses,,DC,
quấn cán trả việt em,-12000,"₫12,000",09/06/2023,Expenses,,Badmintion,
cầu lông nvh,-23000,"₫23,000",10/06/2023,Expenses,,Badmintion,
xăng,-30000,"₫30,000",10/06/2023,Expenses,,DC,
cầu lông tân hội,-24000,"₫24,000",10/06/2023,Expenses,,Badmintion,
bún đậu,-45000,"₫45,000",10/06/2023,Expenses,,AC,
cafe công viên sadec,-10000,"₫10,000",10/06/2023,Expenses,,Coffee,
4g 21G,-60000,"₫60,000",10/06/2023,Expenses,,Utility,
cầu lông,-10000,"₫10,000",11/06/2023,Expenses,,Badmintion,
cầu lông a thông,-10000,"₫10,000",11/06/2023,Expenses,,Badmintion,
xăng,-20000,"₫20,000",12/06/2023,Expenses,,DC,
nguyện vọng đh KT-CN CT,-60000,"₫60,000",12/06/2023,Expenses,,Study,
cầu lông,-11000,"₫11,000",12/06/2023,Expenses,,Badmintion,
trà chanh lạc cườn,-9000,"₫9,000",12/06/2023,Expenses,,RL,
phí rút tiền,-1100,"₫1,100",13/06/2023,Expenses,,Utility,
nước quán mây,-30000,"₫30,000",13/06/2023,Expenses,,RL,
xăng,-30000,"₫30,000",13/06/2023,Expenses,,DC,
nước mía,-5000,"₫5,000",13/06/2023,Expenses,,AV,
xăng,-20000,"₫20,000",14/06/2023,Expenses,,DC,
cầu,-23000,"₫23,000",14/06/2023,Expenses,,Badmintion,
xăng,-43000,"₫43,000",15/06/2023,Expenses,,DC,
cầu lông,-23000,"₫23,000",15/06/2023,Expenses,,Badmintion,
sân cầu,-21000,"₫21,000",16/06/2023,Expenses,,Badmintion,
tiền giải cầu lông,-150000,"₫150,000",16/06/2023,Expenses,BigM,Badmintion,
cầu lông việt em,-6000,"₫6,000",17/06/2023,Expenses,,Badmintion,
cầu lông,-14000,"₫14,000",17/06/2023,Expenses,,Badmintion,
cầu lông,-11000,"₫11,000",18/06/2023,Expenses,,Badmintion,
quấn cán,-24000,"₫24,000",18/06/2023,Expenses,,Badmintion,
cầu lông,-11000,"₫11,000",19/06/2023,Expenses,,Badmintion,
xăng,-20000,"₫20,000",19/06/2023,Expenses,,DC,
đang lưới cầu lông,-150000,"₫150,000",19/06/2023,Expenses,BigM,Badmintion,
cầu lông,-23000,"₫23,000",20/06/2023,Expenses,,Badmintion,
xăng,-30000,"₫30,000",21/06/2023,Expenses,,DC,
nước mía,-5000,"₫5,000",21/06/2023,Expenses,,AV,
cầu lông,-29000,"₫29,000",21/06/2023,Expenses,,Badmintion,
bánh mì,-12000,"₫12,000",22/06/2023,Expenses,,AC,
cầu lông,-11000,"₫11,000",22/06/2023,Expenses,,Badmintion,
card đt,-10000,"₫10,000",23/06/2023,Expenses,,Utility,
cầu lông,-17000,"₫17,000",23/06/2023,Expenses,,Badmintion,
trả tiền bánh mì cho trang,-11000,"₫11,000",26/06/2023,Expenses,,Ngu,
xăng,-30000,"₫30,000",26/06/2023,Expenses,,DC,
hớt tóc,-50000,"₫50,000",26/06/2023,Expenses,,Body,
cầu lông,-11000,"₫11,000",26/06/2023,Expenses,,Badmintion,
bánh mì,-12000,"₫12,000",26/06/2023,Expenses,,AC,
phí rút tiền,-1100,"₫1,100",26/06/2023,Expenses,,Utility,
cầu lông,-17000,"₫17,000",27/06/2023,Expenses,,Badmintion,
nước mía,-5000,"₫5,000",27/06/2023,Expenses,,AV,
viết,-13000,"₫13,000",27/06/2023,Expenses,,Study,
bánh bao,-15000,"₫15,000",27/06/2023,Expenses,,AC,
cafe mộc,-13000,"₫13,000",27/06/2023,Expenses,,RL,
cầu lông,-11000,"₫11,000",28/06/2023,Expenses,,Badmintion,
soi,-15000,"₫15,000",28/06/2023,Expenses,,AC,
gửi xe,-2000,"₫2,000",28/06/2023,Expenses,,Study,
xăng,-40000,"₫40,000",28/06/2023,Expenses,,DC,
nước mía việt em bao,-10000,"₫10,000",28/06/2023,Expenses,,DC,
cầu lông,-11000,"₫11,000",29/06/2023,Expenses,,Badmintion,
xăng,-20000,"₫20,000",29/06/2023,Expenses,,DC,
gửi xe,-4000,"₫4,000",29/06/2023,Expenses,,Study,
bảo hiểm xe,-86000,"₫86,000",30/06/2023,Expenses,,DC,
iCloud+,-19000,"₫19,000",30/06/2023,Expenses,Monthly,Utility,
phí rút tiền,-1100,"₫1,100",30/06/2023,Expenses,,Utility,
tiền biển số xe,-60000,"₫60,000",30/06/2023,Expenses,,DC,
cafe cho ba,-10000,"₫10,000",30/06/2023,Expenses,,Family,
nước suối,-10000,"₫10,000",30/06/2023,Expenses,,Badmintion,
thuế trước bạ,-57000,"₫57,000",30/06/2023,Expenses,,DC,
cầu lông,-17000,"₫17,000",30/06/2023,Expenses,,Badmintion,
khung gắn biển,-50000,"₫50,000",30/06/2023,Expenses,,DC,
xăng,-90000,"₫90,000",30/06/2023,Expenses,,DC,
bánh mì,-12000,"₫12,000",01/07/2023,Expenses,,AC,
cầu lông,-17000,"₫17,000",01/07/2023,Expenses,,Badmintion,
bi da,-10000,"₫10,000",01/07/2023,Expenses,,RL,
ăn sáng với mailoan,-50000,"₫50,000",02/07/2023,Expenses,,AC,
xăng,-20000,"₫20,000",03/07/2023,Expenses,,DC,
cầu lông,-17000,"₫17,000",03/07/2023,Expenses,,Badmintion,
rút tiền,-1100,"₫1,100",03/07/2023,Expenses,,Utility,
nước mía,-5000,"₫5,000",03/07/2023,Expenses,,AV,
đồ chiên,-17000,"₫17,000",03/07/2023,Expenses,,AV,
ăn sáng,-10000,"₫10,000",03/07/2023,Expenses,,AC,
bao cầu lông tường em,-5000,"₫5,000",04/07/2023,Expenses,,RL,
bún đậu,-60000,"₫60,000",04/07/2023,Expenses,,AC,
Cầu lông,-23000,"₫23,000",04/07/2023,Expenses,,Badmintion,
quấn càn,-24000,"₫24,000",05/07/2023,Expenses,,Badmintion,
cầu,-11000,"₫11,000",05/07/2023,Expenses,,Badmintion,
phí rút tiền,-1100,"₫1,100",05/07/2023,Expenses,,Utility,
xăng,-30000,"₫30,000",05/07/2023,Expenses,,DC,
cầu lông,-17000,"₫17,000",06/07/2023,Expenses,,Badmintion,
xăng xe việt,-10000,"₫10,000",06/07/2023,Expenses,,DC,
cầu lông,-29000,"₫29,000",07/07/2023,Expenses,,Badmintion,
bánh bao,-15000,"₫15,000",07/07/2023,Expenses,,AC,
rửa xe,-16000,"₫16,000",08/07/2023,Expenses,,DC,
xăng,-30000,"₫30,000",08/07/2023,Expenses,,DC,
bánh mì,-12000,"₫12,000",08/07/2023,Expenses,,AC,
cầu lông,-11000,"₫11,000",09/07/2023,Expenses,,Badmintion,
bánh mì,-12000,"₫12,000",09/07/2023,Expenses,,AC,
quán cán,-12000,"₫12,000",10/07/2023,Expenses,,Badmintion,
sân cầu,-11000,"₫11,000",10/07/2023,Expenses,,Badmintion,
nước mía,-5000,"₫5,000",10/07/2023,Expenses,,AV,
nước mía việt em bao,-5000,"₫5,000",11/07/2023,Expenses,,AV,
sân cầu,-28000,"₫28,000",11/07/2023,Expenses,,Badmintion,
cafe tuệ tâm sadec,-15000,"₫15,000",11/07/2023,Expenses,,Coffee,
xăng,-30000,"₫30,000",11/07/2023,Expenses,,DC,
đan lưới vợt,-160000,"₫160,000",11/07/2023,Expenses,BigM,Badmintion,
21G,-59000,"₫59,000",11/07/2023,Expenses,,Utility,
nạp điện thoại,-11000,"₫11,000",11/07/2023,Expenses,,RL,
mía,-5000,"₫5,000",12/07/2023,Expenses,,AV,
cầu lông,-23000,"₫23,000",12/07/2023,Expenses,,Badmintion,
cầu lông,-17000,"₫17,000",14/07/2023,Expenses,,Badmintion,
cầu lông,-29000,"₫29,000",15/07/2023,Expenses,,Badmintion,
quấn cán,-12000,"₫12,000",15/07/2023,Expenses,,Badmintion,
mía,-10000,"₫10,000",15/07/2023,Expenses,,AV,
bánh mì,-12000,"₫12,000",16/07/2023,Expenses,,AC,
cầu lông,-16000,"₫16,000",16/07/2023,Expenses,,Badmintion,
nước mía 11,-5000,"₫5,000",16/07/2023,Expenses,,AV,
xăng,-30000,"₫30,000",16/07/2023,Expenses,,DC,
chuối chiên + bánh tiêu,-11000,"₫11,000",18/07/2023,Expenses,,AV,
cầu lông,-17000,"₫17,000",18/07/2023,Expenses,,Badmintion,
cafe cần thơ,-19000,"₫19,000",19/07/2023,Expenses,,Coffee,
lưới 66U,-180000,"₫180,000",19/07/2023,Expenses,BigM,Badmintion,
xăng,-40000,"₫40,000",19/07/2023,Expenses,,DC,
ăn sáng với ba,-21000,"₫21,000",19/07/2023,Expenses,,AC,
cầu lông,-34000,"₫34,000",19/07/2023,Expenses,,Badmintion,
phí rút tiền,-1100,"₫1,100",19/07/2023,Expenses,,Utility,
vợt cầu lông Mizuno,-1750000,"₫1,750,000",19/07/2023,Expenses,BigM,Badmintion,
giày cầu lông,-768000,"₫768,000",20/07/2023,Expenses,BigM,Badmintion,
cầu lông,-23000,"₫23,000",20/07/2023,Expenses,,Badmintion,
sân cầu,-23000,"₫23,000",21/07/2023,Expenses,,Badmintion,
xăng,-20000,"₫20,000",21/07/2023,Expenses,,DC,
cơm sườn,-25000,"₫25,000",22/07/2023,Expenses,,AC,
bún đậu,-55000,"₫55,000",22/07/2023,Expenses,,AC,
nước quán mai,-30000,"₫30,000",22/07/2023,Expenses,,RL,
xăng,-30000,"₫30,000",22/07/2023,Expenses,,DC,
xăng,-20000,"₫20,000",23/07/2023,Expenses,,DC,
nước suối,-10000,"₫10,000",23/07/2023,Expenses,,AV,
iCloud+,-19000,"₫19,000",23/07/2023,Expenses,Monthly,Utility,
nước mía,-5000,"₫5,000",23/07/2023,Expenses,,AV,
sân,-5000,"₫5,000",23/07/2023,Expenses,,Badmintion,
bi da béo,-10000,"₫10,000",23/07/2023,Expenses,,Bida,
phí rút tiền,-1079,"₫1,079",23/07/2023,Expenses,,Utility,
cơm sườn,-25000,"₫25,000",23/07/2023,Expenses,,AC,
chuối chiên,-5000,"₫5,000",24/07/2023,Expenses,,AV,
cầu lông,-23000,"₫23,000",24/07/2023,Expenses,,Badmintion,
quấn cán bảo,-17000,"₫17,000",24/07/2023,Expenses,,RL,
mía,-5000,"₫5,000",24/07/2023,Expenses,,AV,
xăng,-40000,"₫40,000",24/07/2023,Expenses,,DC,
cầu lông,-23000,"₫23,000",25/07/2023,Expenses,,Badmintion,
hớt tóc,-40000,"₫40,000",25/07/2023,Expenses,,Body,
bi da,-16000,"₫16,000",25/07/2023,Expenses,,Entertainment,
nước mía,-5000,"₫5,000",25/07/2023,Expenses,,AV,
chuối chiên,-6000,"₫6,000",25/07/2023,Expenses,,AV,
nước mía,-5000,"₫5,000",25/07/2023,Expenses,,AV,
cầu lông,-23000,"₫23,000",26/07/2023,Expenses,,Badmintion,
xăng,-20000,"₫20,000",26/07/2023,Expenses,,DC,
sân cầu,-17000,"₫17,000",27/07/2023,Expenses,,Badmintion,
xăng,-30000,"₫30,000",29/07/2023,Expenses,,DC,
hàn vợt,-120000,"₫120,000",29/07/2023,Expenses,BigM,Badmintion,
lưới 66U,-190000,"₫190,000",29/07/2023,Expenses,BigM,Badmintion,
bù tiền cho thầy định,-1000,"₫1,000",29/07/2023,Expenses,,RL,
nước trà dầu,-22000,"₫22,000",30/07/2023,Expenses,,RL,
cầu lông,-28000,"₫28,000",30/07/2023,Expenses,,Badmintion,
trà dâu mr.bean,-20000,"₫20,000",01/08/2023,Expenses,,RL,
xăng,-20000,"₫20,000",01/08/2023,Expenses,,DC,
bánh tráng,-6000,"₫6,000",01/08/2023,Expenses,,AV,
cầu lông,-70000,"₫70,000",02/08/2023,Expenses,,Badmintion,
nước mía,-10000,"₫10,000",03/08/2023,Expenses,,AV,
cầu lông,-20000,"₫20,000",04/08/2023,Expenses,,Badmintion,
ăn sáng,-11000,"₫11,000",04/08/2023,Expenses,,AC,
xăng,-30000,"₫30,000",05/08/2023,Expenses,,DC,
đăng ký nguyện vọng,-180000,"₫180,000",05/08/2023,Expenses,BigM,Study,
cầu lông,-10000,"₫10,000",05/08/2023,Expenses,,Badmintion,
21G - kiên chuyển,-60000,"₫60,000",05/08/2023,Expenses,,Utility,
cầu lông,-11000,"₫11,000",06/08/2023,Expenses,,Badmintion,
vớ,-25000,"₫25,000",06/08/2023,Expenses,,Badmintion,
cầu lông,-23000,"₫23,000",07/08/2023,Expenses,,Badmintion,
cầu lông,-17000,"₫17,000",08/08/2023,Expenses,,Badmintion,
xăng,-63000,"₫63,000",08/08/2023,Expenses,,DC,
tiền photo bà cả tàu,-4000,"₫4,000",08/08/2023,Expenses,,Utility,
bao béo sân cầu,-17000,"₫17,000",09/08/2023,Expenses,,RL,
nước sân cầu,-10000,"₫10,000",09/08/2023,Expenses,,Badmintion,
sân cầu,-23000,"₫23,000",09/08/2023,Expenses,,Badmintion,
sân cầu,-11000,"₫11,000",10/08/2023,Expenses,,Badmintion,
tường mượn đánh cầu,-28000,"₫28,000",12/08/2023,Expenses,,RL,
xăng,-30000,"₫30,000",12/08/2023,Expenses,,DC,
cầu lông,-28000,"₫28,000",12/08/2023,Expenses,,Badmintion,
chuối chiên,-12000,"₫12,000",12/08/2023,Expenses,,AC,
cầu lông,-46000,"₫46,000",14/08/2023,Expenses,,Badmintion,
làm lại sim,-25000,"₫25,000",14/08/2023,Expenses,,Family,
nạp tiền cho a3,-10000,"₫10,000",14/08/2023,Expenses,,RL,
xăng,-20000,"₫20,000",14/08/2023,Expenses,,DC,
cà phê milano cả tàu,-12000,"₫12,000",14/08/2023,Expenses,,Coffee,
tiền sân cầu,-16000,"₫16,000",15/08/2023,Expenses,,Badmintion,
xăng,-20000,"₫20,000",15/08/2023,Expenses,,DC,
xăng,-30000,"₫30,000",16/08/2023,Expenses,,DC,
xăng,-100000,"₫100,000",19/08/2023,Expenses,,DC,
phí rút tiền,-1091,"₫1,091",19/08/2023,Expenses,,Utility,
sân cầu,-18000,"₫18,000",20/08/2023,Expenses,,Badmintion,
bánh mì ăn sáng,-4000,"₫4,000",22/08/2023,Expenses,,AC,
in hình 3x4,-15000,"₫15,000",22/08/2023,Expenses,,Study,
photo,-7000,"₫7,000",22/08/2023,Expenses,,Study,
iCloud+,-19000,"₫19,000",24/08/2023,Expenses,Monthly,Utility,
xăng,-50000,"₫50,000",24/08/2023,Expenses,,DC,
khổ trang đen,-30000,"₫30,000",24/08/2023,Expenses,,Utility,
công chứng,-16000,"₫16,000",24/08/2023,Expenses,,Study,
cơm tắm,-20000,"₫20,000",24/08/2023,Expenses,,AC,
thuốc sức lác,-30000,"₫30,000",24/08/2023,Expenses,,Body,
sữa tươi cafe,-12000,"₫12,000",26/08/2023,Expenses,,Coffee,
đang lưới vợt việt em,-87000,"₫87,000",27/08/2023,Expenses,,Badmintion,
sân cầu tân hội,-30000,"₫30,000",27/08/2023,Expenses,,Badmintion,
xăng,-40000,"₫40,000",27/08/2023,Expenses,,DC,
phở,-30000,"₫30,000",27/08/2023,Expenses,,AC,
xăng,-50000,"₫50,000",29/08/2023,Expenses,,DC,
gửi xe ctu,-2000,"₫2,000",29/08/2023,Expenses,,Study,
bìa hồ sơ nhập học,-5000,"₫5,000",29/08/2023,Expenses,,Study,
phí phát hành thẻ,-22000,"₫22,000",29/08/2023,Expenses,,Utility,
hủ tiếu gầm cầu,-15000,"₫15,000",29/08/2023,Expenses,,AC,
bánh mì + sữa tươi ăn sáng,-25000,"₫25,000",29/08/2023,Expenses,,AC,
viết,-5000,"₫5,000",29/08/2023,Expenses,,Study,
học phí 1-I ,-7658000,"₫7,658,000",29/08/2023,Expenses,BigY,Study,
tai nghe dây của kiên,-50000,"₫50,000",31/08/2023,Expenses,,Utility,
sân cầu + nước,-21000,"₫21,000",01/09/2023,Expenses,,Badmintion,
trà sữa nhờ Kiệt,-30000,"₫30,000",01/09/2023,Expenses,,RL,
vớ,-25000,"₫25,000",01/09/2023,Expenses,,Badmintion,
chuối chiên,-12000,"₫12,000",01/09/2023,Expenses,,AC,
xăng,-30000,"₫30,000",01/09/2023,Expenses,,DC,
sân cầu,-10000,"₫10,000",01/09/2023,Expenses,,Badmintion,
cafe cacao mộc,-14000,"₫14,000",01/09/2023,Expenses,,Coffee,
xăng,-30000,"₫30,000",01/09/2023,Expenses,,DC,
hủ tiếu,-15000,"₫15,000",02/09/2023,Expenses,,AC,
hủ tiếu,-20000,"₫20,000",03/09/2023,Expenses,,AC,
xăng,-50000,"₫50,000",04/09/2023,Expenses,,DC,
cầu lông tân hội + nước,-33000,"₫33,000",04/09/2023,Expenses,,Badmintion,
trả tiền cho việt,-5000,"₫5,000",06/09/2023,Expenses,,RL,
cầu lông + nước,-49000,"₫49,000",06/09/2023,Expenses,,Badmintion,
cơm sườn,-25000,"₫25,000",06/09/2023,Expenses,,AC,
xăng,-50000,"₫50,000",06/09/2023,Expenses,,DC,
bánh mì,-12000,"₫12,000",06/09/2023,Expenses,,AC,
bánh mì heo quay,-15000,"₫15,000",07/09/2023,Expenses,,AC,
cầu lông,-47000,"₫47,000",07/09/2023,Expenses,,Badmintion,
cơm sườn,-25000,"₫25,000",07/09/2023,Expenses,,AC,
vớ,-25000,"₫25,000",07/09/2023,Expenses,,Badmintion,
phí rút tiền,-1100,"₫1,100",08/09/2023,Expenses,,Utility,
cafe quán mộc,-11000,"₫11,000",08/09/2023,Expenses,,Coffee,
cốt cán,-27000,"₫27,000",08/09/2023,Expenses,,Badmintion,
4g tháng 9,-60000,"₫60,000",08/09/2023,Expenses,,Utility,
cơm sườn,-25000,"₫25,000",08/09/2023,Expenses,,AC,
card điện thoại,-10000,"₫10,000",09/09/2023,Expenses,,Utility,
mua thuốc cho mẹ,-6000,"₫6,000",09/09/2023,Expenses,,Family,
xăng,-120000,"₫120,000",09/09/2023,Expenses,,DC,
keo vuốt tốc,-219020,"₫219,020",09/09/2023,Expenses,BigM,CL,
cơm sườn buổi chiều,-25000,"₫25,000",09/09/2023,Expenses,,AC,
hớt tóc,-40000,"₫40,000",09/09/2023,Expenses,,Body,
cơm sườn,-25000,"₫25,000",10/09/2023,Expenses,,AC,
chuối chiên,-11000,"₫11,000",10/09/2023,Expenses,,AC,
yaourt đá mộc,-14000,"₫14,000",10/09/2023,Expenses,,RL,
gửi xe,-2000,"₫2,000",10/09/2023,Expenses,,Study,
quần dài đen đi học,-130000,"₫130,000",10/09/2023,Expenses,,CL,
cơm sườn cho tía,-25000,"₫25,000",10/09/2023,Expenses,,Family,
trà chanh tân hội,-10000,"₫10,000",11/09/2023,Expenses,,Badmintion,
mì hảo hảo,-12000,"₫12,000",11/09/2023,Expenses,,AC,
card cho mẹ,-10000,"₫10,000",11/09/2023,Expenses,,Family,
sân cầu,-25000,"₫25,000",11/09/2023,Expenses,,Badmintion,
cơm sườn sadec,-27000,"₫27,000",11/09/2023,Expenses,,AC,
xăng,-50000,"₫50,000",11/09/2023,Expenses,,DC,
card đt,-10000,"₫10,000",11/09/2023,Expenses,,Utility,
bánh mì + sữa tươi ăn sáng,-24000,"₫24,000",11/09/2023,Expenses,,AC,
nước trà chanh tân hội,-10000,"₫10,000",12/09/2023,Expenses,,Badmintion,
nước suối,-10000,"₫10,000",12/09/2023,Expenses,,Utility,
photo bằng,-4000,"₫4,000",12/09/2023,Expenses,,Study,
bánh mì que,-15000,"₫15,000",12/09/2023,Expenses,,AC,
sân cầu,-27000,"₫27,000",12/09/2023,Expenses,,Badmintion,
cơm sườn cần thơ,-25000,"₫25,000",13/09/2023,Expenses,,AC,
xăng,-70000,"₫70,000",13/09/2023,Expenses,,DC,
gửi xe ctu,-2000,"₫2,000",13/09/2023,Expenses,,Study,
sân cầu canther,-45000,"₫45,000",13/09/2023,Expenses,,Badmintion,
công chứng,-8000,"₫8,000",13/09/2023,Expenses,,Study,
bình đun siêu tốc,-135100,"₫135,100",14/09/2023,Expenses,BigM,Home,
xăng,-30000,"₫30,000",14/09/2023,Expenses,,DC,
cho việt nhỏ trả tiền cầu,-2000,"₫2,000",14/09/2023,Expenses,,RL,
cầu lông,-33000,"₫33,000",14/09/2023,Expenses,,Badmintion,
quấn cán,-22000,"₫22,000",15/09/2023,Expenses,,Badmintion,
đan vợt,-140000,"₫140,000",15/09/2023,Expenses,BigM,Badmintion,
tiền sân cầu,-23000,"₫23,000",15/09/2023,Expenses,,Badmintion,
gửi xe,-2000,"₫2,000",17/09/2023,Expenses,,Study,
chiều,-60000,"₫60,000",17/09/2023,Expenses,,Home,
sữa tươi,-34000,"₫34,000",17/09/2023,Expenses,,AC,
dầu gọi đầu,-70000,"₫70,000",17/09/2023,Expenses,,Utility,
bánh mì que,-15000,"₫15,000",17/09/2023,Expenses,,AC,
cơm sườn ct1,-20000,"₫20,000",17/09/2023,Expenses,,AC,
sân cầu,-25000,"₫25,000",17/09/2023,Expenses,,Badmintion,
lăng nách,-67000,"₫67,000",17/09/2023,Expenses,,Utility,
xăng,-50000,"₫50,000",17/09/2023,Expenses,,DC,
lục giác,-80000,"₫80,000",17/09/2023,Expenses,,Utility,
ổ khóa tủ,-70000,"₫70,000",18/09/2023,Expenses,,Home,
cơm sườn ăn trưa,-30000,"₫30,000",18/09/2023,Expenses,,AC,
cafe bờ sông,-15000,"₫15,000",18/09/2023,Expenses,,Coffee,
sao chìa khóa phòng,-20000,"₫20,000",18/09/2023,Expenses,,Home,
xăng,-50000,"₫50,000",18/09/2023,Expenses,,DC,
nước suối,-7000,"₫7,000",18/09/2023,Expenses,,RL,
gửi xe,-2000,"₫2,000",18/09/2023,Expenses,,Study,
cơm sườn ct2,-20000,"₫20,000",18/09/2023,Expenses,,AC,
tiền làm thẻ gửi xe,-88000,"₫88,000",18/09/2023,Expenses,,Home,
gửi xe hoàn lại khi có thẻ sv,-50000,"₫50,000",18/09/2023,Expenses,,Home,
bánh mì heo quay,-15000,"₫15,000",19/09/2023,Expenses,,AC,
khăn giấy,-7000,"₫7,000",19/09/2023,Expenses,,Utility,
cơm trưa,-25000,"₫25,000",19/09/2023,Expenses,,AC,
sân cầu,-45000,"₫45,000",19/09/2023,Expenses,,Badmintion,
gửi xe,-2000,"₫2,000",19/09/2023,Expenses,,Study,
cơm chiên dương châu,-30000,"₫30,000",20/09/2023,Expenses,,AC,
quạt,-18000,"₫18,000",20/09/2023,Expenses,,Home,
cơm gà chiên,-20000,"₫20,000",20/09/2023,Expenses,,AC,
phí rút tiền,-1100,"₫1,100",21/09/2023,Expenses,,Utility,
xăng,-50000,"₫50,000",21/09/2023,Expenses,,DC,
giày ananas,-390000,"₫390,000",21/09/2023,Expenses,BigM,CL,
gửi xe atl,-2000,"₫2,000",21/09/2023,Expenses,,Study,
phở việt,-25000,"₫25,000",21/09/2023,Expenses,,AC,
cơm gà chiên,-20000,"₫20,000",21/09/2023,Expenses,,AC,
gửi đồ,-30000,"₫30,000",22/09/2023,Expenses,,Utility,
cơm sườn,-30000,"₫30,000",22/09/2023,Expenses,,AC,
xăng,-175000,"₫175,000",22/09/2023,Expenses,,DC,
tháng máy pvt,-2000,"₫2,000",22/09/2023,Expenses,,Home,
gửi xe vạn hạnh mall,-5000,"₫5,000",22/09/2023,Expenses,,Study,
cafe mộc,-13000,"₫13,000",22/09/2023,Expenses,,Coffee,
nước smore,-63000,"₫63,000",22/09/2023,Expenses,,RL,
sữa chua,-10000,"₫10,000",22/09/2023,Expenses,,AV,
gửi xe pvt,-5000,"₫5,000",22/09/2023,Expenses,,AC,
nước mía,-10000,"₫10,000",22/09/2023,Expenses,,AV,
dookki đám thảo,-150000,"₫150,000",22/09/2023,Expenses,,RL,
cafe vợt,-15000,"₫15,000",22/09/2023,Expenses,,Coffee,
xăng,-30000,"₫30,000",23/09/2023,Expenses,,DC,
bánh mì,-15000,"₫15,000",23/09/2023,Expenses,,AC,
xăng,-50000,"₫50,000",23/09/2023,Expenses,,DC,
tiền cầu,-28000,"₫28,000",23/09/2023,Expenses,,Badmintion,
gửi xe atl,-2000,"₫2,000",23/09/2023,Expenses,,Study,
bánh mì heo quay,-15000,"₫15,000",25/09/2023,Expenses,,AC,
gửi xe atl,-2000,"₫2,000",25/09/2023,Expenses,,Study,
iCloud+,-19000,"₫19,000",25/09/2023,Expenses,Monthly,Utility,
tảy đá,-2000,"₫2,000",25/09/2023,Expenses,,Utility,
sân + cầu tambo,-45000,"₫45,000",25/09/2023,Expenses,,Badmintion,
sữa tươi,-35000,"₫35,000",25/09/2023,Expenses,,AC,
xăng,-65000,"₫65,000",25/09/2023,Expenses,,DC,
"bàn chài trà chân, rổ..",-31000,"₫31,000",25/09/2023,Expenses,,Home,
cơm tắm,-24000,"₫24,000",25/09/2023,Expenses,,AC,
cơm thiệt xào,-20000,"₫20,000",26/09/2023,Expenses,,AC,
gửi xe,-4000,"₫4,000",26/09/2023,Expenses,,Study,
hủ tiếu,-15000,"₫15,000",26/09/2023,Expenses,,AC,
bánh mì que,-16000,"₫16,000",26/09/2023,Expenses,,AC,
bình giữ nhiệt,-140760,"₫140,760",27/09/2023,Expenses,BigM,Utility,
gửi xe,-4000,"₫4,000",27/09/2023,Expenses,,Study,
hủ tiếu,-15000,"₫15,000",27/09/2023,Expenses,,AC,
cơm sườn trứng,-33000,"₫33,000",27/09/2023,Expenses,,AC,
chuối,-7000,"₫7,000",27/09/2023,Expenses,,AC,
sữa tươi,-15000,"₫15,000",27/09/2023,Expenses,,Utility,
phở việt,-25000,"₫25,000",28/09/2023,Expenses,,AC,
hủ tiếu,-18000,"₫18,000",28/09/2023,Expenses,,AC,
tiền điện nước tháng 9,-23000,"₫23,000",28/09/2023,Expenses,Monthly,Home,
gửi xe atl,-2000,"₫2,000",28/09/2023,Expenses,,Study,
nước mía,-10000,"₫10,000",29/09/2023,Expenses,,RL,
cầu lông,-32000,"₫32,000",29/09/2023,Expenses,,Badmintion,
cầu lông,-28000,"₫28,000",30/09/2023,Expenses,,Badmintion,
bao vợt cầu lông,-237600,"₫237,600",30/09/2023,Expenses,BigM,Badmintion,
xăng việt,-16000,"₫16,000",30/09/2023,Expenses,,DC,
nón bảo 3/4,-303703,"₫303,703",30/09/2023,Expenses,BigM,Utility,
bánh mì,-12000,"₫12,000",30/09/2023,Expenses,,AC,
"kính, bàn chải",-13000,"₫13,000",30/09/2023,Expenses,,Home,
mì,-22500,"₫22,500",30/09/2023,Expenses,,AC,
xăng,-50000,"₫50,000",30/09/2023,Expenses,,DC,
sữa tươi,-33500,"₫33,500",30/09/2023,Expenses,,AC,
xăng,-30000,"₫30,000",01/10/2023,Expenses,,DC,
bánh kẹp thái lan,-20000,"₫20,000",01/10/2023,Expenses,,AC,
nước đá,-2000,"₫2,000",01/10/2023,Expenses,,AC,
nước ngọt,-10000,"₫10,000",01/10/2023,Expenses,,AV,
thùng nước,-13000,"₫13,000",01/10/2023,Expenses,,Home,
cơm gà chiên bột,-20000,"₫20,000",01/10/2023,Expenses,,AC,
hủ tiếu,-15000,"₫15,000",01/10/2023,Expenses,,AC,
nước rửa chén,-21000,"₫21,000",01/10/2023,Expenses,,Home,
nước đá,-1000,"₫1,000",02/10/2023,Expenses,,AC,
bánh mì,-15000,"₫15,000",02/10/2023,Expenses,,AC,
hủ tiếu,-18000,"₫18,000",02/10/2023,Expenses,,AC,
đồ thể dục,-394000,"₫394,000",02/10/2023,Expenses,BigM,Study,
cơm chiên dương châu,-25000,"₫25,000",02/10/2023,Expenses,,AC,
cầu lông,-40000,"₫40,000",02/10/2023,Expenses,,Badmintion,
gửi xe tambo,-3000,"₫3,000",02/10/2023,Expenses,,Badmintion,
gửi xe atl,-2000,"₫2,000",02/10/2023,Expenses,,Study,
gửi xe atl,-4000,"₫4,000",03/10/2023,Expenses,,Study,
cơm gà + trứng,-26000,"₫26,000",03/10/2023,Expenses,,AC,
hủ tiếu,-15000,"₫15,000",03/10/2023,Expenses,,AC,
gửi xe c1,-2000,"₫2,000",03/10/2023,Expenses,,Study,
soi vị,-8000,"₫8,000",03/10/2023,Expenses,,AC,
cafe 100g,-12000,"₫12,000",04/10/2023,Expenses,,Coffee,
phở việt,-25000,"₫25,000",04/10/2023,Expenses,,AC,
xăng,-50000,"₫50,000",04/10/2023,Expenses,,DC,
gửi xe atl,-4000,"₫4,000",04/10/2023,Expenses,,Study,
cơm thịt xào,-20000,"₫20,000",04/10/2023,Expenses,,AC,
nước đá,-1000,"₫1,000",04/10/2023,Expenses,,AC,
bóng đèn,-40000,"₫40,000",04/10/2023,Expenses,,Utility,
xôi,-10000,"₫10,000",04/10/2023,Expenses,,AC,
gửi xe atl,-2000,"₫2,000",05/10/2023,Expenses,,Study,
cươn sườn trứng,-20000,"₫20,000",05/10/2023,Expenses,,AC,
dây đeo thẻ sv,-20000,"₫20,000",05/10/2023,Expenses,,Study,
nước đá,-1000,"₫1,000",06/10/2023,Expenses,,AC,
đá banh,-25000,"₫25,000",06/10/2023,Expenses,,Body,
hủ tiếu,-15000,"₫15,000",06/10/2023,Expenses,,AC,
xăng,-20000,"₫20,000",06/10/2023,Expenses,,DC,
nước điện giải,-11000,"₫11,000",06/10/2023,Expenses,,Body,
bánh mì pate,-15000,"₫15,000",06/10/2023,Expenses,,AC,
cơm sườn trứng,-20000,"₫20,000",06/10/2023,Expenses,,AC,
cầu long,-41000,"₫41,000",07/10/2023,Expenses,,Badmintion,
cơm gà chiên bột,-20000,"₫20,000",07/10/2023,Expenses,,AC,
card điện thoại,-10000,"₫10,000",07/10/2023,Expenses,,Utility,
xôi vị,-10000,"₫10,000",07/10/2023,Expenses,,AC,
hủ tiếu,-15000,"₫15,000",07/10/2023,Expenses,,AC,
nước đá,-2000,"₫2,000",07/10/2023,Expenses,,AC,
gửi xe atl,-2000,"₫2,000",07/10/2023,Expenses,,Study,
nước đá,-1000,"₫1,000",08/10/2023,Expenses,,AC,
táo,-23000,"₫23,000",08/10/2023,Expenses,,AC,
cơm sườn,-25000,"₫25,000",08/10/2023,Expenses,,AC,
xăng,-50000,"₫50,000",08/10/2023,Expenses,,DC,
cà phê hoa yên,-25000,"₫25,000",08/10/2023,Expenses,,RL,
gửi xe vincom,-2000,"₫2,000",08/10/2023,Expenses,,Study,
trà bạc hà,-36000,"₫36,000",08/10/2023,Expenses,,RL,
bánh mì,-3000,"₫3,000",08/10/2023,Expenses,,AC,
sữa tươi,-45000,"₫45,000",08/10/2023,Expenses,,AC,
21G,-60000,"₫60,000",08/10/2023,Expenses,,Utility,
cơm sườn trứng,-25000,"₫25,000",08/10/2023,Expenses,,AC,
cơm chiên lê trang,-35000,"₫35,000",09/10/2023,Expenses,,AC,
bánh mì,-3000,"₫3,000",09/10/2023,Expenses,,AC,
hủ tiếu,-15000,"₫15,000",09/10/2023,Expenses,,AC,
gửi xe atl,-2000,"₫2,000",09/10/2023,Expenses,,Study,
trà đào cam xả,-27000,"₫27,000",10/10/2023,Expenses,,RL,
gửi xe c1,-2000,"₫2,000",10/10/2023,Expenses,,Study,
gửi xe atl,-4000,"₫4,000",10/10/2023,Expenses,,Study,
cơm sườn trứng,-28000,"₫28,000",10/10/2023,Expenses,,AC,
cơm sườn trứng,-28000,"₫28,000",10/10/2023,Expenses,,AC,
xôi,-10000,"₫10,000",11/10/2023,Expenses,,AC,
hủ tiếu - mì,-18000,"₫18,000",11/10/2023,Expenses,,AC,
hớt tóc,-60000,"₫60,000",11/10/2023,Expenses,,Body,
chuối,-5000,"₫5,000",11/10/2023,Expenses,,AC,
nước đá,-1000,"₫1,000",11/10/2023,Expenses,,AC,
cơm chiên dương châu,-25000,"₫25,000",11/10/2023,Expenses,,AC,
gửi xe atl,-2000,"₫2,000",11/10/2023,Expenses,,Study,
phí rút tiền,-1100,"₫1,100",12/10/2023,Expenses,,Utility,
xăng,-40000,"₫40,000",12/10/2023,Expenses,,DC,
cơn sườn trứng,-28000,"₫28,000",12/10/2023,Expenses,,AC,
gửi xe atl,-2000,"₫2,000",12/10/2023,Expenses,,Study,
cafe trung nguyên,-12000,"₫12,000",12/10/2023,Expenses,,Coffee,
chè,-10000,"₫10,000",13/10/2023,Expenses,,RL,
cầu lông,-39000,"₫39,000",13/10/2023,Expenses,,Badmintion,
cầu lông,-37000,"₫37,000",13/10/2023,Expenses,,Badmintion,
gửi xe atl,-2000,"₫2,000",16/10/2023,Expenses,,Study,
hủ tiếu,-15000,"₫15,000",16/10/2023,Expenses,,AC,
quỹ lớp,-15000,"₫15,000",16/10/2023,Expenses,,Study,
xăng,-50000,"₫50,000",16/10/2023,Expenses,,DC,
cơm xá xíu,-35000,"₫35,000",16/10/2023,Expenses,,AC,
gửi xe cầu lông,-1000,"₫1,000",17/10/2023,Expenses,,Utility,
gửi xe atl,-4000,"₫4,000",17/10/2023,Expenses,,Study,
bánh mì,-15000,"₫15,000",17/10/2023,Expenses,,AC,
phí rút tiền,-1100,"₫1,100",17/10/2023,Expenses,,Utility,
cầu lông ba láng,-40000,"₫40,000",17/10/2023,Expenses,,Badmintion,
cơm sườn trứng,-20000,"₫20,000",17/10/2023,Expenses,,AC,
hủ tiếu,-15000,"₫15,000",17/10/2023,Expenses,,AC,
thùng nước,-13000,"₫13,000",18/10/2023,Expenses,,Home,
bánh mì + probi,-18000,"₫18,000",18/10/2023,Expenses,,AV,
cơm sườn trứng,-20000,"₫20,000",18/10/2023,Expenses,,AC,
gửi xe atl,-2000,"₫2,000",18/10/2023,Expenses,,Study,
cơm sườn trứng,-27000,"₫27,000",18/10/2023,Expenses,,AC,
áo khoác Bad Habits,-439120,"₫439,120",19/10/2023,Expenses,BigM,CL,
cơm sườn,-21000,"₫21,000",19/10/2023,Expenses,,AC,
bóng đèn học,-61564,"₫61,564",19/10/2023,Expenses,,Home,
xăng,-20000,"₫20,000",19/10/2023,Expenses,,DC,
"sổ da, lò xò",-95785,"₫95,785",19/10/2023,Expenses,,Study,
sạc dự phòng,-395600,"₫395,600",19/10/2023,Expenses,BigM,Utility,
gửi xe,-2000,"₫2,000",19/10/2023,Expenses,,Study,
phí trả sau,-4509,"₫4,509",19/10/2023,Expenses,,Entertainment,
cầu lông,-30000,"₫30,000",20/10/2023,Expenses,,Badmintion,
bánh mì que,-13000,"₫13,000",20/10/2023,Expenses,,AC,
bánh mì que,-13000,"₫13,000",21/10/2023,Expenses,,AC,
bi da,-15000,"₫15,000",21/10/2023,Expenses,,Bida,
xăng,-80000,"₫80,000",21/10/2023,Expenses,,DC,
cầu lông,-37000,"₫37,000",21/10/2023,Expenses,,Badmintion,
cầu lông,-28000,"₫28,000",22/10/2023,Expenses,,Badmintion,
cơm đùi gà,-28000,"₫28,000",23/10/2023,Expenses,,AC,
gửi xe atl,-2000,"₫2,000",23/10/2023,Expenses,,Study,
xăng,-50000,"₫50,000",23/10/2023,Expenses,,DC,
cơm sườn trứng,-20000,"₫20,000",23/10/2023,Expenses,,AC,
quạt,-280000,"₫280,000",23/10/2023,Expenses,BigM,Home,
bánh mì kẹp,-8000,"₫8,000",24/10/2023,Expenses,,AV,
photo,-3000,"₫3,000",24/10/2023,Expenses,,Study,
cầu lông,-45000,"₫45,000",24/10/2023,Expenses,,Badmintion,
phí rút tiền,-1100,"₫1,100",24/10/2023,Expenses,,Utility,
xăng,-50000,"₫50,000",24/10/2023,Expenses,,DC,
sandwich,-22000,"₫22,000",24/10/2023,Expenses,,AC,
iCloud +,-19000,"₫19,000",24/10/2023,Expenses,Monthly,Utility,
vớ,-20000,"₫20,000",24/10/2023,Expenses,,Badmintion,
gửi xe cầu lông,-5000,"₫5,000",24/10/2023,Expenses,,Badmintion,
gửi xe atl,-4000,"₫4,000",24/10/2023,Expenses,,Study,
trà đá,-6000,"₫6,000",24/10/2023,Expenses,,Badmintion,
cơm sườn trứng,-25000,"₫25,000",24/10/2023,Expenses,,AC,
quấn cán,-22000,"₫22,000",25/10/2023,Expenses,,Badmintion,
trà ô lông,-9000,"₫9,000",25/10/2023,Expenses,,AV,
trà đá đánh cầu,-5000,"₫5,000",25/10/2023,Expenses,,Badmintion,
sân cầu,-23000,"₫23,000",25/10/2023,Expenses,,Badmintion,
cơm gà,-22000,"₫22,000",26/10/2023,Expenses,,AC,
gửi xe atl,-2000,"₫2,000",26/10/2023,Expenses,,Study,
cơm sườn trứng,-25000,"₫25,000",26/10/2023,Expenses,,AC,
điện nước tháng 10,-60000,"₫60,000",27/10/2023,Expenses,Monthly,Home,
hủ tiếu,-15000,"₫15,000",27/10/2023,Expenses,,AC,
tiền giải cầu lông,-100000,"₫100,000",27/10/2023,Expenses,,Badmintion,
quần áo cầu lông,-149500,"₫149,500",27/10/2023,Expenses,BigM,CL,
cơm sườn trứng,-20000,"₫20,000",27/10/2023,Expenses,,AC,
cầu lông,-32000,"₫32,000",28/10/2023,Expenses,,Badmintion,
xăng,-50000,"₫50,000",28/10/2023,Expenses,,DC,
cầu lông,-34000,"₫34,000",29/10/2023,Expenses,,Badmintion,
gửi xe atl,-2000,"₫2,000",30/10/2023,Expenses,,Study,
mì ý mtt,-25000,"₫25,000",30/10/2023,Expenses,,AC,
xăng,-40000,"₫40,000",30/10/2023,Expenses,,DC,
hủ tiếu,-15000,"₫15,000",30/10/2023,Expenses,,AC,
gửi xe atl,-5000,"₫5,000",31/10/2023,Expenses,,Study,
hủ tiếu,-15000,"₫15,000",31/10/2023,Expenses,,AC,
cờm sườn trứng,-20000,"₫20,000",31/10/2023,Expenses,,AC,
túi đao chạy bộ,-74000,"₫74,000",31/10/2023,Expenses,,Body,
bánh mì,-3000,"₫3,000",31/10/2023,Expenses,,AC,
cầu lông,-45000,"₫45,000",31/10/2023,Expenses,,Badmintion,
cơm gà chiên giòn,-35000,"₫35,000",31/10/2023,Expenses,,AC,
phí rút tiền,-1100,"₫1,100",31/10/2023,Expenses,,Utility,
béo mượn tiền điện thoại,-10000,"₫10,000",01/11/2023,Expenses,,RL,
lưới cây mizuno,-57000,"₫57,000",01/11/2023,Expenses,,Badmintion,
cơm sườn trứng,-20000,"₫20,000",01/11/2023,Expenses,,AC,
xăng,-30000,"₫30,000",01/11/2023,Expenses,,DC,
gửi xe atl,-2000,"₫2,000",01/11/2023,Expenses,,Study,
gửi xe cầu lông,-3000,"₫3,000",01/11/2023,Expenses,,Badmintion,
xôi,-10000,"₫10,000",01/11/2023,Expenses,,AC,
cơm chiên gà giòn,-25000,"₫25,000",01/11/2023,Expenses,,AC,
cầu lông,-40000,"₫40,000",01/11/2023,Expenses,,Badmintion,
gửi xe atl,-1000,"₫1,000",02/11/2023,Expenses,,Study,
cơm sườn cộng,-43000,"₫43,000",02/11/2023,Expenses,,AC,
xăng,-20000,"₫20,000",02/11/2023,Expenses,,DC,
bánh mì que,-17000,"₫17,000",02/11/2023,Expenses,,AC,
cầu lông,-31000,"₫31,000",02/11/2023,Expenses,,Badmintion,
quấn cán,-22000,"₫22,000",02/11/2023,Expenses,,Badmintion,
bún đậu mắm tôm,-50000,"₫50,000",03/11/2023,Expenses,,AC,
xăng,-50000,"₫50,000",03/11/2023,Expenses,,DC,
bánh kép thái,-15000,"₫15,000",03/11/2023,Expenses,,AV,
trà đá,-7000,"₫7,000",03/11/2023,Expenses,,AV,
xôi,-10000,"₫10,000",04/11/2023,Expenses,,AC,
xăng,-20000,"₫20,000",04/11/2023,Expenses,,DC,
gửi xe cầu lông,-3000,"₫3,000",04/11/2023,Expenses,,Badmintion,
cơm chiên lê trang,-35000,"₫35,000",04/11/2023,Expenses,,AC,
hủ tiếu,-15000,"₫15,000",04/11/2023,Expenses,,AC,
xăng,-50000,"₫50,000",05/11/2023,Expenses,,DC,
phở việt,-25000,"₫25,000",05/11/2023,Expenses,,AC,
kính chiếu hậu,-50000,"₫50,000",05/11/2023,Expenses,,Accident,
cơm sườn,-25000,"₫25,000",06/11/2023,Expenses,,AC,
nước,-13000,"₫13,000",06/11/2023,Expenses,,AC,
hủ tiếu,-15000,"₫15,000",06/11/2023,Expenses,,AC,
cơm sườn trứng,-20000,"₫20,000",06/11/2023,Expenses,,AC,
gửi xe atl,-4000,"₫4,000",07/11/2023,Expenses,,Study,
hớt tóc,-60000,"₫60,000",07/11/2023,Expenses,,Body,
cơm sườn trứng,-20000,"₫20,000",07/11/2023,Expenses,,AC,
bánh mì heo quay,-17000,"₫17,000",07/11/2023,Expenses,,AC,
cơm chiên dương châu,-30000,"₫30,000",07/11/2023,Expenses,,AC,
nước đá,-1000,"₫1,000",07/11/2023,Expenses,,AC,
21G,-60000,"₫60,000",08/11/2023,Expenses,,Utility,
cơm sườn trưngs,-20000,"₫20,000",08/11/2023,Expenses,,AC,
gửi xe atl,-2000,"₫2,000",08/11/2023,Expenses,,Study,
bánh mì,-3000,"₫3,000",08/11/2023,Expenses,,AC,
cơm chiên,-20000,"₫20,000",08/11/2023,Expenses,,AC,
bánh mì sg,-13000,"₫13,000",09/11/2023,Expenses,,AC,
lẩu chay,-23000,"₫23,000",09/11/2023,Expenses,,AC,
gửi xe atl,-2000,"₫2,000",09/11/2023,Expenses,,Study,
cơm thịt kho,-20000,"₫20,000",09/11/2023,Expenses,,AC,
mì,-18000,"₫18,000",09/11/2023,Expenses,,AC,
cơm sườn trứng,-20000,"₫20,000",10/11/2023,Expenses,,AC,
bánh kẹp bao,-34000,"₫34,000",10/11/2023,Expenses,,AC,
bánh mì,-3000,"₫3,000",11/11/2023,Expenses,,AC,
bánh mì,-13000,"₫13,000",11/11/2023,Expenses,,AC,
cầu lông,-33000,"₫33,000",11/11/2023,Expenses,,Badmintion,
cầu lông,-28000,"₫28,000",12/11/2023,Expenses,,Badmintion,
xăng,-50000,"₫50,000",12/11/2023,Expenses,,DC,
cơm thịt khìa,-40000,"₫40,000",13/11/2023,Expenses,,AC,
khổ trang,-14000,"₫14,000",14/11/2023,Expenses,,Utility,
đền tiền vợt cho AN,-700000,"₫700,000",14/11/2023,Expenses,BigM,Accident,
cơm sườn trứng,-20000,"₫20,000",14/11/2023,Expenses,,AC,
bánh mì,-4000,"₫4,000",14/11/2023,Expenses,,AC,
cầu lông,-34000,"₫34,000",14/11/2023,Expenses,,Badmintion,
gửi xe atl,-6000,"₫6,000",14/11/2023,Expenses,,Study,
xăng,-40000,"₫40,000",14/11/2023,Expenses,,DC,
xăng,-20000,"₫20,000",15/11/2023,Expenses,,DC,
bánh mì que,-10000,"₫10,000",15/11/2023,Expenses,,AC,
cầu lông,-28000,"₫28,000",15/11/2023,Expenses,,Badmintion,
cơm sườn trứng,-28000,"₫28,000",16/11/2023,Expenses,,AC,
gửi xe atl,-2000,"₫2,000",16/11/2023,Expenses,,Study,
bom xe ktx,-5000,"₫5,000",16/11/2023,Expenses,,DC,
sữa tươi + sữa chua,-32000,"₫32,000",16/11/2023,Expenses,,AC,
xăng,-50000,"₫50,000",16/11/2023,Expenses,,DC,
trà xanh chanh,-24000,"₫24,000",17/11/2023,Expenses,,AV,
tiền ăn project food vlog,-71000,"₫71,000",17/11/2023,Expenses,,AC,
trà sữa cho ân - lấy chìa khóa,-22000,"₫22,000",17/11/2023,Expenses,,Accident,
cầu,-26000,"₫26,000",18/11/2023,Expenses,,Badmintion,
xăng,-30000,"₫30,000",18/11/2023,Expenses,,DC,
bánh mì que,-10000,"₫10,000",18/11/2023,Expenses,,AC,
cầu lông,-42000,"₫42,000",19/11/2023,Expenses,,Badmintion,
chuối chiên,-11000,"₫11,000",19/11/2023,Expenses,,AC,
gửi xe atl,-2000,"₫2,000",20/11/2023,Expenses,,Study,
hủ tiếu,-30000,"₫30,000",20/11/2023,Expenses,,AC,
bánh mì,-4000,"₫4,000",20/11/2023,Expenses,,AC,
nước cuối,-5000,"₫5,000",20/11/2023,Expenses,,AC,
cầu long,-28000,"₫28,000",20/11/2023,Expenses,,Badmintion,
cafe trước cổng trường,-12000,"₫12,000",20/11/2023,Expenses,,Coffee,
xăng,-90000,"₫90,000",20/11/2023,Expenses,,DC,
đa me,-15000,"₫15,000",20/11/2023,Expenses,,AV,
bánh bao,-12000,"₫12,000",20/11/2023,Expenses,,AC,
xăng,-40000,"₫40,000",21/11/2023,Expenses,,DC,
cơm gà chiên xù,-28000,"₫28,000",21/11/2023,Expenses,,AC,
cầu lông,-10000,"₫10,000",21/11/2023,Expenses,,Badmintion,
gửi xe cầu lông,-3000,"₫3,000",21/11/2023,Expenses,,Badmintion,
tambo ba láng,-45000,"₫45,000",21/11/2023,Expenses,,Badmintion,
cơm thịt kho,-20000,"₫20,000",21/11/2023,Expenses,,AC,
quấn cán,-20000,"₫20,000",21/11/2023,Expenses,,Badmintion,
cafe gói,-13000,"₫13,000",21/11/2023,Expenses,,Coffee,
cơm sườn trứng,-20000,"₫20,000",22/11/2023,Expenses,,AC,
gửi xe cầu lông,-3000,"₫3,000",22/11/2023,Expenses,,Badmintion,
chuối,-6000,"₫6,000",22/11/2023,Expenses,,AC,
hùng mua cầu,-58000,"₫58,000",22/11/2023,Expenses,,Badmintion,
cơm chiên lê trang,-28000,"₫28,000",22/11/2023,Expenses,,AC,
cầu lông,-25000,"₫25,000",22/11/2023,Expenses,,Badmintion,
gửi xe atl,-2000,"₫2,000",23/11/2023,Expenses,,Study,
hủ tiếu,-15000,"₫15,000",23/11/2023,Expenses,,AC,
cầu lông,-25000,"₫25,000",25/11/2023,Expenses,,Badmintion,
xăng,-30000,"₫30,000",25/11/2023,Expenses,,DC,
bánh mì que,-10000,"₫10,000",25/11/2023,Expenses,,AC,
bành mì que,-10000,"₫10,000",26/11/2023,Expenses,,AC,
cầu lông,-34000,"₫34,000",26/11/2023,Expenses,,Badmintion,
cầu lông,-34000,"₫34,000",26/11/2023,Expenses,,Badmintion,
xăng,-46000,"₫46,000",27/11/2023,Expenses,,DC,
gửi xe atl,-2000,"₫2,000",27/11/2023,Expenses,,Study,
xăng,-30000,"₫30,000",28/11/2023,Expenses,,DC,
quấn cán,-24000,"₫24,000",28/11/2023,Expenses,,Badmintion,
gửi xe atl,-2000,"₫2,000",29/11/2023,Expenses,,Study,
xăng,-30000,"₫30,000",29/11/2023,Expenses,,DC,
"điện, nước tháng 11",-54000,"₫54,000",29/11/2023,Expenses,Monthly,Home,
bánh mì bò lụi,-12000,"₫12,000",30/11/2023,Expenses,,AC,
điện thoại,-10000,"₫10,000",30/11/2023,Expenses,,Utility,
gửi xe atl,-2000,"₫2,000",30/11/2023,Expenses,,Study,
cầu lông,-30000,"₫30,000",30/11/2023,Expenses,,Badmintion,
xăng,-30000,"₫30,000",30/11/2023,Expenses,,DC,
cầu lông,-45000,"₫45,000",01/12/2023,Expenses,,Badmintion,
bánh mì que,-10000,"₫10,000",01/12/2023,Expenses,,AC,
xăng,-40000,"₫40,000",02/12/2023,Expenses,,DC,
bánh mì bò lụi,-12000,"₫12,000",02/12/2023,Expenses,,AC,
cầu lông,-23000,"₫23,000",02/12/2023,Expenses,,Badmintion,
hủ tiếu,-20000,"₫20,000",03/12/2023,Expenses,,AC,
cầu lông,-12000,"₫12,000",03/12/2023,Expenses,,Badmintion,
phí rút tiền,-1100,"₫1,100",04/12/2023,Expenses,,Utility,
trà đào với lớp,-32000,"₫32,000",04/12/2023,Expenses,,RL,
xăng,-50000,"₫50,000",04/12/2023,Expenses,,DC,
lâu chai,-28000,"₫28,000",04/12/2023,Expenses,,AC,
gửi xe,-2000,"₫2,000",04/12/2023,Expenses,,Study,
sữa tươi,-15000,"₫15,000",04/12/2023,Expenses,,AC,
iCloud,-19000,"₫19,000",04/12/2023,Expenses,Monthly,Utility,
lãi mượn tiền kiên,-6900,"₫6,900",04/12/2023,Expenses,,RL,
cơm trưa,-20000,"₫20,000",04/12/2023,Expenses,,AC,
xăng,-20000,"₫20,000",05/12/2023,Expenses,,DC,
cầu long,-32000,"₫32,000",05/12/2023,Expenses,,Badmintion,
bánh mì que,-10000,"₫10,000",05/12/2023,Expenses,,AC,
cầu,-27000,"₫27,000",06/12/2023,Expenses,,Badmintion,
xăng,-50000,"₫50,000",06/12/2023,Expenses,,DC,
quấn cán,-11000,"₫11,000",07/12/2023,Expenses,,Badmintion,
sân cầu+ nước,-44000,"₫44,000",07/12/2023,Expenses,,Badmintion,
cầu long,-29000,"₫29,000",08/12/2023,Expenses,,Badmintion,
nước mía,-5000,"₫5,000",08/12/2023,Expenses,,AV,
bánh mì,-10000,"₫10,000",08/12/2023,Expenses,,AC,
21G,-55000,"₫55,000",08/12/2023,Expenses,,Utility,
xăng,-50000,"₫50,000",09/12/2023,Expenses,,DC,
nước đá,-1000,"₫1,000",09/12/2023,Expenses,,AC,
cơm sườn trứng,-25000,"₫25,000",09/12/2023,Expenses,,AC,
trứng + cà chua ăn sáng,-34000,"₫34,000",09/12/2023,Expenses,,AC,
mì + sữa tươi,-140000,"₫140,000",09/12/2023,Expenses,,AC,
cơm dương châu,-22000,"₫22,000",09/12/2023,Expenses,,AC,
cơm đồ xào,-20000,"₫20,000",09/12/2023,Expenses,,AC,
bao tay,-30000,"₫30,000",10/12/2023,Expenses,,Utility,
cơm chiên,-18000,"₫18,000",10/12/2023,Expenses,,AC,
qua đò,-6000,"₫6,000",10/12/2023,Expenses,,DC,
cơm chiên dương châu,-18000,"₫18,000",10/12/2023,Expenses,,AC,
phí đoàn,-6000,"₫6,000",10/12/2023,Expenses,,Study,
cơm đồ xào,-20000,"₫20,000",10/12/2023,Expenses,,AC,
nước đá,-1000,"₫1,000",10/12/2023,Expenses,,AC,
chuối + đu đủ,-25000,"₫25,000",10/12/2023,Expenses,,AC,
cơm đồ xào,-20000,"₫20,000",11/12/2023,Expenses,,AC,
chuối nướng,-24000,"₫24,000",11/12/2023,Expenses,,AV,
nước đá,-1000,"₫1,000",11/12/2023,Expenses,,AC,
cầu lông,-55000,"₫55,000",12/12/2023,Expenses,,Badmintion,
cầu lông,-34000,"₫34,000",13/12/2023,Expenses,,Badmintion,
bánh mì,-10000,"₫10,000",13/12/2023,Expenses,,AC,
xăng,-30000,"₫30,000",14/12/2023,Expenses,,DC,
viết,-14000,"₫14,000",14/12/2023,Expenses,,Study,
xăng việt em,-20000,"₫20,000",15/12/2023,Expenses,,DC,
bánh mì que,-10000,"₫10,000",15/12/2023,Expenses,,AC,
cầu lông,-32000,"₫32,000",15/12/2023,Expenses,,Badmintion,
sữa chua với a thành,-12000,"₫12,000",15/12/2023,Expenses,,RL,
xăng,-10000,"₫10,000",16/12/2023,Expenses,,DC,
bánh mì que,-10000,"₫10,000",16/12/2023,Expenses,,AC,
nước mía,-5000,"₫5,000",16/12/2023,Expenses,,AV,
cầu lông,-25000,"₫25,000",16/12/2023,Expenses,,Badmintion,
cầu lông,-37000,"₫37,000",17/12/2023,Expenses,,Badmintion,
xăng,-50000,"₫50,000",17/12/2023,Expenses,,DC,
chuối,-25000,"₫25,000",18/12/2023,Expenses,,AC,
cơm xào,-20000,"₫20,000",18/12/2023,Expenses,,AC,
nước suối,-12000,"₫12,000",18/12/2023,Expenses,,Utility,
bánh mì,-13000,"₫13,000",18/12/2023,Expenses,,AC,
cơm bá xấu,-18000,"₫18,000",18/12/2023,Expenses,,AC,
nước đá,-1000,"₫1,000",19/12/2023,Expenses,,AC,
cơm bá xầu,-36000,"₫36,000",19/12/2023,Expenses,,AC,
mận,-10000,"₫10,000",19/12/2023,Expenses,,AC,
cơm thịt xào,-20000,"₫20,000",19/12/2023,Expenses,,AC,
cơm bá xấu,-36000,"₫36,000",20/12/2023,Expenses,,AC,
KTX 1-II,-265420,"₫265,420",01/05/2024,Expenses,Monthly,Home,
cơm đồ xào,-20000,"₫20,000",20/12/2023,Expenses,,AC,
nước đá,-1000,"₫1,000",20/12/2023,Expenses,,AC,
chuối,-6000,"₫6,000",21/12/2023,Expenses,,AC,
cơm xào,-20000,"₫20,000",21/12/2023,Expenses,,AC,
phí rút tiền,-1100,"₫1,100",21/12/2023,Expenses,,Utility,
trứng + cà chua,-37603,"₫37,603",21/12/2023,Expenses,,AC,
cơm bá xấu,-36000,"₫36,000",21/12/2023,Expenses,,AC,
cafe,-13000,"₫13,000",22/12/2023,Expenses,,Coffee,
chuối,-6000,"₫6,000",22/12/2023,Expenses,,AC,
nước đá,-1000,"₫1,000",22/12/2023,Expenses,,AC,
cơm xào,-20000,"₫20,000",22/12/2023,Expenses,,AC,
cơm bá xấu,-36000,"₫36,000",22/12/2023,Expenses,,AC,
chai nước,-8000,"₫8,000",22/12/2023,Expenses,,Home,
thùng nước,-13000,"₫13,000",23/12/2023,Expenses,,Home,
cơm bá xấu,-36000,"₫36,000",23/12/2023,Expenses,,AC,
cơm bá xấu,-18000,"₫18,000",24/12/2023,Expenses,,AC,
xăng,-50000,"₫50,000",24/12/2023,Expenses,,DC,
chuối nướng,-12000,"₫12,000",24/12/2023,Expenses,,AC,
cầu lông,-25000,"₫25,000",24/12/2023,Expenses,,Badmintion,
xăng việt,-20000,"₫20,000",24/12/2023,Expenses,,DC,
bao nước a thành,-17000,"₫17,000",25/12/2023,Expenses,,RL,
cơm bá xấu,-18000,"₫18,000",25/12/2023,Expenses,,AC,
bánh mì que,-10000,"₫10,000",25/12/2023,Expenses,,AC,
cafe,-10000,"₫10,000",25/12/2023,Expenses,,Coffee,
gửi xe DI,-2000,"₫2,000",25/12/2023,Expenses,,Study,
hớt tóc,-40000,"₫40,000",25/12/2023,Expenses,,Body,
giáo trình LTCB A,-28000,"₫28,000",25/12/2023,Expenses,,Study,
cơm đồ xào,-21000,"₫21,000",25/12/2023,Expenses,,AC,
cơm xào,-41000,"₫41,000",26/12/2023,Expenses,,AC,
cơm xá bấu,-22000,"₫22,000",27/12/2023,Expenses,,AC,
cafe 200g highlands,-55400,"₫55,400",27/12/2023,Expenses,,Coffee,
sữa tươi,-35500,"₫35,500",27/12/2023,Expenses,,AC,
trứng,-30000,"₫30,000",27/12/2023,Expenses,,AC,
cơm trưa,-21000,"₫21,000",27/12/2023,Expenses,,AC,
gửi xe KT,-4000,"₫4,000",27/12/2023,Expenses,,Study,
hòng trà ngô gia với kiên,-19000,"₫19,000",27/12/2023,Expenses,,RL,
thẻ gửi xe,-50000,"₫50,000",27/12/2023,Expenses,,Accident,
mì (5gói),-36000,"₫36,000",27/12/2023,Expenses,,AC,
cà chua,-7693,"₫7,693",27/12/2023,Expenses,,AC,
cơm sườn trứng,-25000,"₫25,000",28/12/2023,Expenses,,AC,
gửi xe,-2000,"₫2,000",28/12/2023,Expenses,,Study,
thùng nc,-13000,"₫13,000",28/12/2023,Expenses,,Home,
cơm đồ xào,-21000,"₫21,000",28/12/2023,Expenses,,AC,
giáo trình Vi tích phân,-30000,"₫30,000",28/12/2023,Expenses,,Study,
cơm xá bấu,-18000,"₫18,000",29/12/2023,Expenses,,AC,
cơm đồ xào,-20000,"₫20,000",29/12/2023,Expenses,,AC,
cầu lông,-45000,"₫45,000",30/12/2023,Expenses,,Badmintion,
vé số,-10000,"₫10,000",30/12/2023,Expenses,,Entertainment,
quấn cán,-11000,"₫11,000",30/12/2023,Expenses,,Badmintion,
bánh mì que,-10000,"₫10,000",30/12/2023,Expenses,,AC,
xăng Việt nhỏ,-15000,"₫15,000",30/12/2023,Expenses,,DC,
sữa tươi,-32000,"₫32,000",02/01/2024,Expenses,,AC,
mì,-35000,"₫35,000",02/01/2024,Expenses,,AC,
bánh mì ăn sáng,-5000,"₫5,000",02/01/2024,Expenses,,AC,
chuối,-7000,"₫7,000",02/01/2024,Expenses,,AC,
cơm sườn,-20000,"₫20,000",02/01/2024,Expenses,,AC,
xăng,-40000,"₫40,000",02/01/2024,Expenses,,DC,
cơm đồ xào,-20000,"₫20,000",02/01/2024,Expenses,,AC,
gửi xe,-4000,"₫4,000",03/01/2024,Expenses,,Study,
lẩu bò với nhóm,-51000,"₫51,000",03/01/2024,Expenses,,AC,
bảo vệ tài khoản,-3000,"₫3,000",03/01/2024,Expenses,,Utility,
cơm heo quay,-25000,"₫25,000",03/01/2024,Expenses,,AC,
cafe 29,-13000,"₫13,000",03/01/2024,Expenses,,Coffee,
bánh mì que,-10000,"₫10,000",04/01/2024,Expenses,,AC,
cafe gói trung nguyên,-13000,"₫13,000",04/01/2024,Expenses,,Coffee,
cầu lông,-50000,"₫50,000",04/01/2024,Expenses,,Badmintion,
giáo trình triết,-30000,"₫30,000",04/01/2024,Expenses,,Study,
nước chai,-8000,"₫8,000",04/01/2024,Expenses,,AC,
xăng việt,-10000,"₫10,000",04/01/2024,Expenses,,DC,
cơm đồ xào,-20000,"₫20,000",04/01/2024,Expenses,,AC,
gửi xe,-6000,"₫6,000",04/01/2024,Expenses,,Study,
bida,-10000,"₫10,000",05/01/2024,Expenses,,Bida,
cầu lông,-31000,"₫31,000",05/01/2024,Expenses,,Badmintion,
xăng,-20000,"₫20,000",05/01/2024,Expenses,,DC,
iCloud,-19000,"₫19,000",05/01/2024,Expenses,Monthly,Utility,
nước mias + đồ chiên,-35000,"₫35,000",06/01/2024,Expenses,,AV,
cầu lông,-28000,"₫28,000",06/01/2024,Expenses,,Badmintion,
cafe,-13000,"₫13,000",06/01/2024,Expenses,,Coffee,
21G,-60000,"₫60,000",06/01/2024,Expenses,,Utility,
xăng,-40000,"₫40,000",06/01/2024,Expenses,,DC,
bánh mì que,-10000,"₫10,000",06/01/2024,Expenses,,AC,
gửi xe,-6000,"₫6,000",06/01/2024,Expenses,,Study,
xăng,-30000,"₫30,000",08/01/2024,Expenses,,DC,
cơm đồ xào,-40000,"₫40,000",08/01/2024,Expenses,,AC,
cơm đồ xào,-20000,"₫20,000",09/01/2024,Expenses,,AC,
cơm chiên,-15000,"₫15,000",09/01/2024,Expenses,,AC,
nước đá,-1000,"₫1,000",09/01/2024,Expenses,,AC,
sữa đậu nành với béo,-10000,"₫10,000",10/01/2024,Expenses,,Bida,
thùng nước,-34000,"₫34,000",10/01/2024,Expenses,,Home,
nước đá,-2000,"₫2,000",10/01/2024,Expenses,,AC,
kem đánh răng,-18000,"₫18,000",10/01/2024,Expenses,,Utility,
sữa tươi + mì,-25000,"₫25,000",10/01/2024,Expenses,,AC,
cơm đồ xào,-40000,"₫40,000",10/01/2024,Expenses,,AC,
chuối,-6000,"₫6,000",10/01/2024,Expenses,,AC,
hủ tiếu,-15000,"₫15,000",11/01/2024,Expenses,,AC,
cơm đồ xào,-20000,"₫20,000",11/01/2024,Expenses,,AC,
nước đá,-1000,"₫1,000",11/01/2024,Expenses,,AC,
tiền điện tháng 12,-100000,"₫100,000",11/01/2024,Expenses,Monthly,Home,
gửi xe,-18000,"₫18,000",12/01/2024,Expenses,,Study,
cầu lông,-30000,"₫30,000",12/01/2024,Expenses,,Badmintion,
bánh mì que,-10000,"₫10,000",12/01/2024,Expenses,,AC,
quấn cán,-12000,"₫12,000",12/01/2024,Expenses,,Badmintion,
kẹo chỉ,-10000,"₫10,000",14/01/2024,Expenses,,AV,
xăng đi châu đốc,-170000,"₫170,000",14/01/2024,Expenses,,DC,
cơm sườn,-25000,"₫25,000",14/01/2024,Expenses,,AC,
nước mía,-5000,"₫5,000",14/01/2024,Expenses,,AV,
cơm gà đốt,-100000,"₫100,000",14/01/2024,Expenses,,AC,
cafe 2ly,-30000,"₫30,000",14/01/2024,Expenses,,Coffee,
cafe,-13100,"₫13,100",15/01/2024,Expenses,,Coffee,
cơm chiên,-20000,"₫20,000",15/01/2024,Expenses,,AC,
cơm xá bấu,-18000,"₫18,000",15/01/2024,Expenses,,AC,
xăng,-30000,"₫30,000",15/01/2024,Expenses,,DC,
sữa tươi + mì,-163000,"₫163,000",15/01/2024,Expenses,,AC,
gửi xe,-2000,"₫2,000",16/01/2024,Expenses,,Study,
cơm đồ xào,-20000,"₫20,000",16/01/2024,Expenses,,AC,
cơm gà chiên,-20000,"₫20,000",16/01/2024,Expenses,,AC,
nước đá,-1000,"₫1,000",16/01/2024,Expenses,,AC,
lẩu bò đạt 3,-25000,"₫25,000",17/01/2024,Expenses,,AC,
gửi xe,-2000,"₫2,000",17/01/2024,Expenses,,Study,
cơm đồ xào,-20000,"₫20,000",17/01/2024,Expenses,,AC,
nước đá,-2000,"₫2,000",17/01/2024,Expenses,,AC,
quấn cán,-12000,"₫12,000",18/01/2024,Expenses,,Badmintion,
cầu lông,-43000,"₫43,000",18/01/2024,Expenses,,Badmintion,
gửi xe ktx,-12000,"₫12,000",18/01/2024,Expenses,,Study,
cơm đồ xào,-20000,"₫20,000",18/01/2024,Expenses,,AC,
bánh mì que,-10000,"₫10,000",18/01/2024,Expenses,,AC,
cầu lông,-35000,"₫35,000",19/01/2024,Expenses,,Badmintion,
xăng,-20000,"₫20,000",19/01/2024,Expenses,,DC,
cầu lông,-20000,"₫20,000",20/01/2024,Expenses,,AC,
cầu lông,-26000,"₫26,000",21/01/2024,Expenses,,Badmintion,
bánh mì que,-10000,"₫10,000",21/01/2024,Expenses,,AC,
cơm đồ xào,-20000,"₫20,000",22/01/2024,Expenses,,AC,
khổ trang,-9000,"₫9,000",22/01/2024,Expenses,,Utility,
cafe + trà cam,-16000,"₫16,000",22/01/2024,Expenses,,RL,
gửi xe,-2000,"₫2,000",22/01/2024,Expenses,,Study,
cơm chiên,-18000,"₫18,000",22/01/2024,Expenses,,AC,
hủ tiếu,-15000,"₫15,000",22/01/2024,Expenses,,AC,
xăng,-30000,"₫30,000",22/01/2024,Expenses,,DC,
cơm càu hủ,-20000,"₫20,000",23/01/2024,Expenses,,AC,
cafe,-13000,"₫13,000",23/01/2024,Expenses,,Coffee,
cầu lông,-30000,"₫30,000",23/01/2024,Expenses,,Badmintion,
cơm chiên xá bấu,-22000,"₫22,000",23/01/2024,Expenses,,AC,
gửi xe,-4000,"₫4,000",23/01/2024,Expenses,,Study,
nước đá,-2000,"₫2,000",23/01/2024,Expenses,,AC,
cafe bờ kè,-14000,"₫14,000",24/01/2024,Expenses,,RL,
gwri xe,-4000,"₫4,000",24/01/2024,Expenses,,Study,
cafe sáng,-13000,"₫13,000",24/01/2024,Expenses,,Coffee,
nước biển,-5000,"₫5,000",24/01/2024,Expenses,,Accident,
xoi,-7000,"₫7,000",24/01/2024,Expenses,,AC,
lâu tư đậu,-35000,"₫35,000",24/01/2024,Expenses,,AC,
cháo bịch,-9000,"₫9,000",24/01/2024,Expenses,,Accident,
photo báo cáo chương 1,-3000,"₫3,000",24/01/2024,Expenses,,Study,
cơm đồ xào,-20000,"₫20,000",25/01/2024,Expenses,,AC,
hủ tiếu,-15000,"₫15,000",25/01/2024,Expenses,,AC,
gửi xe,-12000,"₫12,000",25/01/2024,Expenses,,Study,
xoi,-7000,"₫7,000",25/01/2024,Expenses,,AC,
chuối,-15000,"₫15,000",26/01/2024,Expenses,,AC,
cơm trứng chiên,-20000,"₫20,000",26/01/2024,Expenses,,AC,
cầu lông vs nhân,-25000,"₫25,000",26/01/2024,Expenses,,Badmintion,
cơm bà trâm,-25000,"₫25,000",26/01/2024,Expenses,,AC,
điện nc tháng 1,-36000,"₫36,000",26/01/2024,Expenses,Monthly,Home,
xoi,-7000,"₫7,000",26/01/2024,Expenses,,AC,
gửi xe,-7000,"₫7,000",26/01/2024,Expenses,,Study,
gửi xe,-4000,"₫4,000",27/01/2024,Expenses,,Study,
nước mía,-10000,"₫10,000",27/01/2024,Expenses,,AV,
cầu lông,-18000,"₫18,000",27/01/2024,Expenses,,Badmintion,
xoi,-5000,"₫5,000",27/01/2024,Expenses,,AC,
bánh mì que,-10000,"₫10,000",27/01/2024,Expenses,,AC,
dép,-146000,"₫146,000",27/01/2024,Expenses,BigM,CL,
phí rút tiền,-2200,"₫2,200",27/01/2024,Expenses,,Utility,
xăng,-50000,"₫50,000",27/01/2024,Expenses,,DC,
quấn cán,-11000,"₫11,000",28/01/2024,Expenses,,Badmintion,
cầu lôgn,-28000,"₫28,000",28/01/2024,Expenses,,Badmintion,
cơm chiên,-18000,"₫18,000",29/01/2024,Expenses,,AC,
cầu long với lớp,-25000,"₫25,000",29/01/2024,Expenses,,Badmintion,
cơm sườn phan đình phùn,-28000,"₫28,000",29/01/2024,Expenses,,AC,
mì,-36000,"₫36,000",29/01/2024,Expenses,,AC,
cafe bảo mình,-11000,"₫11,000",29/01/2024,Expenses,,Coffee,
gửi xe cầu lông,-3000,"₫3,000",29/01/2024,Expenses,,Badmintion,
xăng,-50000,"₫50,000",29/01/2024,Expenses,,DC,
gửi xe ktx,-2000,"₫2,000",29/01/2024,Expenses,,Study,
sữa tươi,-36000,"₫36,000",29/01/2024,Expenses,,AC,
gửi xe,-4000,"₫4,000",30/01/2024,Expenses,,Study,
xoi,-5000,"₫5,000",30/01/2024,Expenses,,AC,
cầu long đám nhân,-26000,"₫26,000",30/01/2024,Expenses,,Badmintion,
cơm gà lê trang,-28000,"₫28,000",30/01/2024,Expenses,,AC,
khăn giấy,-7000,"₫7,000",30/01/2024,Expenses,,Utility,
cơm chiên,-18000,"₫18,000",30/01/2024,Expenses,,AC,
xoi,-10000,"₫10,000",31/01/2024,Expenses,,AC,
cafe,-13000,"₫13,000",31/01/2024,Expenses,,RL,
hớt tóc,-70000,"₫70,000",31/01/2024,Expenses,,Body,
cơm đồ xào,-20000,"₫20,000",31/01/2024,Expenses,,AC,
lưới + gen vợt,-220000,"₫220,000",31/01/2024,Expenses,BigM,Badmintion,
bún chả,-35000,"₫35,000",31/01/2024,Expenses,,AC,
gửi xe,-8000,"₫8,000",31/01/2024,Expenses,,Study,
gửi xe,-6000,"₫6,000",01/02/2024,Expenses,,Study,
hủ tiếu,-15000,"₫15,000",01/02/2024,Expenses,,AC,
cơm tấm,-25000,"₫25,000",01/02/2024,Expenses,,AC,
hồng trà,-33000,"₫33,000",01/02/2024,Expenses,,AV,
nước cam,-10000,"₫10,000",01/02/2024,Expenses,,AV,
vớ + quấn cốt,-98100,"₫98,100",02/02/2024,Expenses,,Badmintion,
gửi xe,-4000,"₫4,000",02/02/2024,Expenses,,Study,
bún bò,-20000,"₫20,000",02/02/2024,Expenses,,AC,
cầu lông,-35000,"₫35,000",02/02/2024,Expenses,,Badmintion,
giày,-762000,"₫762,000",02/02/2024,Expenses,BigM,CL,
cầu lông,-31000,"₫31,000",03/02/2024,Expenses,,Badmintion,
phí rút tiền,-1100,"₫1,100",03/02/2024,Expenses,,Utility,
bi da,-25000,"₫25,000",04/02/2024,Expenses,,RL,
bún đậu,-45000,"₫45,000",04/02/2024,Expenses,,AC,
xăng,-40000,"₫40,000",04/02/2024,Expenses,,DC,
nước ép táo,-25000,"₫25,000",04/02/2024,Expenses,,AV,
hủ tiếu,-15000,"₫15,000",05/02/2024,Expenses,,AC,
lo to,-30000,"₫30,000",05/02/2024,Expenses,,Entertainment,
cơm tắm,-25000,"₫25,000",05/02/2024,Expenses,,AC,
cafe mộc với a thành,-13000,"₫13,000",05/02/2024,Expenses,,RL,
đá banh,-25000,"₫25,000",05/02/2024,Expenses,,Body,
nước mía,-10000,"₫10,000",06/02/2024,Expenses,,RL,
xăng,-20000,"₫20,000",06/02/2024,Expenses,,DC,
bánh mì que,-10000,"₫10,000",06/02/2024,Expenses,,AC,
mắt kính học bài,-320000,"₫320,000",06/02/2024,Expenses,BigM,CL,
cầu lông + thua độ,-50000,"₫50,000",06/02/2024,Expenses,,Badmintion,
ăn sáng trong trường,-20000,"₫20,000",06/02/2024,Expenses,,AC,
21G,-60000,"₫60,000",07/02/2024,Expenses,,Utility,
bánh mì,-15000,"₫15,000",07/02/2024,Expenses,,AC,
mía,-10000,"₫10,000",07/02/2024,Expenses,,AV,
xăng,-30000,"₫30,000",07/02/2024,Expenses,,DC,
icould,-19000,"₫19,000",07/02/2024,Expenses,,Utility,
cafe mộc,-13000,"₫13,000",08/02/2024,Expenses,,Coffee,
cơm tắm,-25000,"₫25,000",08/02/2024,Expenses,,AC,
cơm tắm,-25000,"₫25,000",09/02/2024,Expenses,,AC,
bánh mì ăn sáng,-12000,"₫12,000",09/02/2024,Expenses,,AC,
phở việt,-35000,"₫35,000",11/02/2024,Expenses,,AC,
cơm tắm,-25000,"₫25,000",11/02/2024,Expenses,,AC,
phở cho ba,-30000,"₫30,000",11/02/2024,Expenses,,Family,
xăng,-50000,"₫50,000",11/02/2024,Expenses,,DC,
xăng + tường,-42000,"₫42,000",12/02/2024,Expenses,,DC,
bánh bao,-23000,"₫23,000",12/02/2024,Expenses,,AC,
cơm tắm trần phú,-20000,"₫20,000",12/02/2024,Expenses,,AC,
cơm tắm,-25000,"₫25,000",12/02/2024,Expenses,,AC,
trà chanh,-5000,"₫5,000",12/02/2024,Expenses,,AV,
bida,-25000,"₫25,000",12/02/2024,Expenses,,Bida,
cơm tắm,-25000,"₫25,000",13/02/2024,Expenses,,AC,
cafe fomo,-25000,"₫25,000",13/02/2024,Expenses,,RL,
bún đậu mắn tôm,-45000,"₫45,000",13/02/2024,Expenses,,AC,
bánh mì,-12000,"₫12,000",13/02/2024,Expenses,,AC,
cơm tắm,-25000,"₫25,000",14/02/2024,Expenses,,AC,
thua bài,-5000,"₫5,000",14/02/2024,Expenses,,RL,
bánh mì,-12000,"₫12,000",14/02/2024,Expenses,,AC,
xăng,-50000,"₫50,000",16/02/2024,Expenses,,DC,
sữa tươi + mì,-100000,"₫100,000",16/02/2024,Expenses,,AC,
lẩu bờ kè,-60000,"₫60,000",16/02/2024,Expenses,,AC,
cafe với tổ,-25000,"₫25,000",16/02/2024,Expenses,,Coffee,
cafe,-15000,"₫15,000",17/02/2024,Expenses,,Coffee,
cơm,-25000,"₫25,000",17/02/2024,Expenses,,AC,
bida,-26000,"₫26,000",17/02/2024,Expenses,,Bida,
nước mía,-5000,"₫5,000",17/02/2024,Expenses,,AV,
bánh mì,-15000,"₫15,000",19/02/2024,Expenses,,AC,
tiền xe hk2,-88000,"₫88,000",19/02/2024,Expenses,,Home,
gửi xe,-2000,"₫2,000",19/02/2024,Expenses,,Study,
cầu lông,-20000,"₫20,000",19/02/2024,Expenses,,Badmintion,
cơm sườn,-20000,"₫20,000",19/02/2024,Expenses,,AC,
xăng,-50000,"₫50,000",19/02/2024,Expenses,,DC,
cơm tắm  + nước đá,-21000,"₫21,000",20/02/2024,Expenses,,AC,
cơm sườn đề thám,-36000,"₫36,000",20/02/2024,Expenses,,AC,
khẩu trang,-9000,"₫9,000",20/02/2024,Expenses,,Utility,
tiền nước,-30000,"₫30,000",20/02/2024,Expenses,,AC,
phở,-20000,"₫20,000",21/02/2024,Expenses,,AC,
lâu chay,-26000,"₫26,000",21/02/2024,Expenses,,AC,
gửi xe,-2000,"₫2,000",21/02/2024,Expenses,,Study,
cafe TTHL,-15000,"₫15,000",21/02/2024,Expenses,,Coffee,
sinh tố mãng cầu,-15000,"₫15,000",22/02/2024,Expenses,,AV,
nuôi,-15000,"₫15,000",22/02/2024,Expenses,,AC,
bún cua,-20000,"₫20,000",22/02/2024,Expenses,,AC,
nước cam,-8000,"₫8,000",22/02/2024,Expenses,,AV,
gửi xe,-2000,"₫2,000",22/02/2024,Expenses,,Study,
xôi,-10000,"₫10,000",23/02/2024,Expenses,,AC,
bún thịt nướng,-15000,"₫15,000",23/02/2024,Expenses,,AC,
ép bưởi,-15000,"₫15,000",23/02/2024,Expenses,,AV,
rau má,-6000,"₫6,000",23/02/2024,Expenses,,AV,
cơm chiên,-18000,"₫18,000",23/02/2024,Expenses,,AC,
gửi xe,-2000,"₫2,000",24/02/2024,Expenses,,AC,
cầu lông,-25000,"₫25,000",24/02/2024,Expenses,,Badmintion,
sôi,-6000,"₫6,000",24/02/2024,Expenses,,AC,
mì trộn,-24000,"₫24,000",24/02/2024,Expenses,,AC,
đồ lặc vặt,-135097,"₫135,097",25/02/2024,Expenses,,Home,
mì + sữa ăn sáng,-100000,"₫100,000",25/02/2024,Expenses,,AC,
xăng,-50000,"₫50,000",25/02/2024,Expenses,,DC,
cơm tấm,-25000,"₫25,000",25/02/2024,Expenses,,AC,
mua lại chuột cũ của kiên,-300000,"₫300,000",25/02/2024,Expenses,BigM,Utility,
bánh mì,-15000,"₫15,000",26/02/2024,Expenses,,AC,
cầu lông + đăng,-20000,"₫20,000",26/02/2024,Expenses,,Badmintion,
bún thịt nướng,-21000,"₫21,000",26/02/2024,Expenses,,AC,
hủ tiếu,-16000,"₫16,000",26/02/2024,Expenses,,AC,
ép dưa gang,-20000,"₫20,000",26/02/2024,Expenses,,AV,
bún đậu,-36000,"₫36,000",27/02/2024,Expenses,,AC,
ép dưa hấu,-12000,"₫12,000",27/02/2024,Expenses,,AV,
bún thịt nướng,-22000,"₫22,000",27/02/2024,Expenses,,AC,
quỳnh,-10000,"₫10,000",28/02/2024,Expenses,,G,
cafe với k48,-12000,"₫12,000",28/02/2024,Expenses,,RL,
cơm sờn,-25000,"₫25,000",28/02/2024,Expenses,,AC,
nước cam,-12000,"₫12,000",28/02/2024,Expenses,,AV,
gửi xe,-4000,"₫4,000",28/02/2024,Expenses,,Study,
bi da + 6 ân,-31000,"₫31,000",28/02/2024,Expenses,,Entertainment,
cơm sờn,-25000,"₫25,000",28/02/2024,Expenses,,AC,
cơm tắm,-25000,"₫25,000",29/02/2024,Expenses,,AC,
cầu lông,-20000,"₫20,000",29/02/2024,Expenses,,Badmintion,
xăng,-30000,"₫30,000",29/02/2024,Expenses,,DC,
bida,-25000,"₫25,000",29/02/2024,Expenses,,Bida,
xăng,-30000,"₫30,000",02/03/2024,Expenses,,DC,
cầu lông,-70000,"₫70,000",02/03/2024,Expenses,,Badmintion,
cơm gà,-25000,"₫25,000",04/03/2024,Expenses,,AC,
icloud,-19000,"₫19,000",04/03/2024,Expenses,Monthly,Utility,
phở,-20000,"₫20,000",04/03/2024,Expenses,,AC,
xăng,-50000,"₫50,000",04/03/2024,Expenses,,DC,
bi da,-38000,"₫38,000",05/03/2024,Expenses,,Bida,
gửi xe,-2000,"₫2,000",05/03/2024,Expenses,,Study,
ép khớm sơ ri,-20000,"₫20,000",05/03/2024,Expenses,,AV,
cafe gói,-13000,"₫13,000",05/03/2024,Expenses,,Coffee,
cơm gà,-25000,"₫25,000",05/03/2024,Expenses,,AC,
cơm sườn,-30000,"₫30,000",05/03/2024,Expenses,,AC,
bánh mì,-15000,"₫15,000",06/03/2024,Expenses,,AC,
cafe quán quen,-13000,"₫13,000",06/03/2024,Expenses,,Mental,
nước mía + bao béo,-12000,"₫12,000",06/03/2024,Expenses,,AV,
cơm gà,-25000,"₫25,000",06/03/2024,Expenses,,AC,
cầu lông,-20000,"₫20,000",06/03/2024,Expenses,,Badmintion,
bún thịt nướng,-21000,"₫21,000",06/03/2024,Expenses,,AC,
khớm + cóc,-20000,"₫20,000",06/03/2024,Expenses,,AV,
bi da 9s,-71000,"₫71,000",06/03/2024,Expenses,,Bida,
21G,-35000,"₫35,000",07/03/2024,Expenses,,Utility,
gửi xe,-6000,"₫6,000",07/03/2024,Expenses,,Study,
cơm chiên,-20000,"₫20,000",07/03/2024,Expenses,,AC,
bida,-30000,"₫30,000",08/03/2024,Expenses,,Bida,
phí rút tiền,-1100,"₫1,100",08/03/2024,Expenses,,Utility,
cầu lông,-45000,"₫45,000",08/03/2024,Expenses,,Badmintion,
xăng,-30000,"₫30,000",08/03/2024,Expenses,,DC,
bánh mì,-10000,"₫10,000",09/03/2024,Expenses,,AC,
cầu long,-34000,"₫34,000",09/03/2024,Expenses,,Badmintion,
xăng,-50000,"₫50,000",09/03/2024,Expenses,,DC,
cầu lông,-35000,"₫35,000",10/03/2024,Expenses,,Badmintion,
mì,-44000,"₫44,000",11/03/2024,Expenses,,AC,
điện nước tháng 3,-67000,"₫67,000",11/03/2024,Expenses,Monthly,Home,
xăng,-50000,"₫50,000",11/03/2024,Expenses,,DC,
bột giặc,-18000,"₫18,000",11/03/2024,Expenses,,Utility,
phí thường niên,-66000,"₫66,000",11/03/2024,Expenses,,Utility,
cầu lông + tí vua,-35000,"₫35,000",11/03/2024,Expenses,,Badmintion,
cơm tắm,-25000,"₫25,000",11/03/2024,Expenses,,AC,
sữa tươi,-66000,"₫66,000",11/03/2024,Expenses,,AC,
gửi xe ktx,-2000,"₫2,000",11/03/2024,Expenses,,Study,
cơm bò xào,-25000,"₫25,000",12/03/2024,Expenses,,AC,
trà sữa lấy thẻ,-19000,"₫19,000",12/03/2024,Expenses,,Accident,
cơm gà,-25000,"₫25,000",12/03/2024,Expenses,,AC,
gửi xe,-6000,"₫6,000",12/03/2024,Expenses,,Study,
minh quân vs Ân,-29000,"₫29,000",12/03/2024,Expenses,,Bida,
nước mía,-8000,"₫8,000",12/03/2024,Expenses,,AV,
bún đậu,-38000,"₫38,000",13/03/2024,Expenses,,AC,
rút tiền,-1100,"₫1,100",13/03/2024,Expenses,,Utility,
bida với béo,-35000,"₫35,000",13/03/2024,Expenses,,Bida,
cafe nguyễn trải,-13000,"₫13,000",13/03/2024,Expenses,,Coffee,
xoi,-5000,"₫5,000",13/03/2024,Expenses,,AC,
tiền quỷ đoàn 2 quý,-12000,"₫12,000",13/03/2024,Expenses,,Utility,
cơm sườn,-26000,"₫26,000",13/03/2024,Expenses,,AC,
cầu lông tí vua,-24000,"₫24,000",14/03/2024,Expenses,,Badmintion,
xoi,-5000,"₫5,000",14/03/2024,Expenses,,AC,
hồng trà ngô gia,-19000,"₫19,000",14/03/2024,Expenses,,AV,
cơm chiên,-18000,"₫18,000",14/03/2024,Expenses,,AC,
cafe nguyễn trải,-13000,"₫13,000",14/03/2024,Expenses,,Coffee,
bún chả hà nội,-30000,"₫30,000",14/03/2024,Expenses,,AC,
bánh mì,-12000,"₫12,000",15/03/2024,Expenses,,AC,
cafe trọ việt,-10000,"₫10,000",15/03/2024,Expenses,,Coffee,
cầu lông,-56000,"₫56,000",15/03/2024,Expenses,,Badmintion,
xăng,-20000,"₫20,000",15/03/2024,Expenses,,DC,
học phí 1-II,-22217000,"₫22,217,000",15/03/2024,Expenses,BigY,Study,
chuối chiên,-6000,"₫6,000",17/03/2024,Expenses,,AC,
hớt tóc,-30000,"₫30,000",17/03/2024,Expenses,,Body,
xăng,-20000,"₫20,000",17/03/2024,Expenses,,DC,
bánh mì kẹp,-6000,"₫6,000",18/03/2024,Expenses,,AC,
hủ tiếu,-16000,"₫16,000",18/03/2024,Expenses,,AC,
cầu lông casting,-24000,"₫24,000",18/03/2024,Expenses,,Badmintion,
bún thịt nướng,-21000,"₫21,000",18/03/2024,Expenses,,AC,
cafe gói,-13000,"₫13,000",18/03/2024,Expenses,,Coffee,
cơm gà + nc đá,-26000,"₫26,000",19/03/2024,Expenses,,AC,
bún thịt nướng,-20000,"₫20,000",19/03/2024,Expenses,,AC,
gửi xe,-6000,"₫6,000",20/03/2024,Expenses,,Study,
xăng,-30000,"₫30,000",20/03/2024,Expenses,,DC,
nước cam,-8000,"₫8,000",20/03/2024,Expenses,,AV,
bánh mì,-8000,"₫8,000",20/03/2024,Expenses,,AC,
bida minh quân,-36000,"₫36,000",20/03/2024,Expenses,,Bida,
bún đạu,-25000,"₫25,000",20/03/2024,Expenses,,AC,
bida vs duy,-23000,"₫23,000",21/03/2024,Expenses,,Bida,
xoi,-5000,"₫5,000",21/03/2024,Expenses,,AC,
gửi xe,-4000,"₫4,000",21/03/2024,Expenses,,Study,
bún thịt xào,-20000,"₫20,000",21/03/2024,Expenses,,AC,
cafe ara,-28000,"₫28,000",22/03/2024,Expenses,,Coffee,
xăng,-50000,"₫50,000",22/03/2024,Expenses,,DC,
xăng,-30000,"₫30,000",23/03/2024,Expenses,,DC,
bida với tường,-30000,"₫30,000",23/03/2024,Expenses,,Bida,
sữa tươi,-15000,"₫15,000",23/03/2024,Expenses,,AC,
nước ép dưa hấu,-20000,"₫20,000",23/03/2024,Expenses,,RL,
cầu lông tân hội,-30000,"₫30,000",23/03/2024,Expenses,,Badmintion,
bánh mì,-10000,"₫10,000",23/03/2024,Expenses,,AC,
cafe thủ khoa huân with Kiên,-15000,"₫15,000",23/03/2024,Expenses,,RL,
cầu lông,-25000,"₫25,000",24/03/2024,Expenses,,Badmintion,
sticker với kiên,-25000,"₫25,000",24/03/2024,Expenses,,Entertainment,
cầu lông BHN,-25000,"₫25,000",25/03/2024,Expenses,,Badmintion,
bún thịt xào,-21000,"₫21,000",25/03/2024,Expenses,,AC,
xăng,-30000,"₫30,000",25/03/2024,Expenses,,DC,
cafe gói 100g,-13000,"₫13,000",25/03/2024,Expenses,,Coffee,
bún thịt xào,-21000,"₫21,000",26/03/2024,Expenses,,AC,
bún cá,-25000,"₫25,000",26/03/2024,Expenses,,AC,
trả cầu cho đám An,-60000,"₫60,000",26/03/2024,Expenses,,Badmintion,
nước mía,-8000,"₫8,000",26/03/2024,Expenses,,AV,
ép dưa hấu 228,-15000,"₫15,000",27/03/2024,Expenses,,AV,
cầu lông BHN,-20000,"₫20,000",27/03/2024,Expenses,,Badmintion,
nước suối,-8000,"₫8,000",27/03/2024,Expenses,,Badmintion,
mì trộn,-28000,"₫28,000",27/03/2024,Expenses,,AC,
hủ tiếu,-16900,"₫16,900",27/03/2024,Expenses,,AC,
gửi xe,-2000,"₫2,000",27/03/2024,Expenses,,Study,
cơm sườn,-26000,"₫26,000",28/03/2024,Expenses,,AC,
trà sữa chamocha,-28000,"₫28,000",28/03/2024,Expenses,,AV,
bún thịt nướng,-21000,"₫21,000",28/03/2024,Expenses,,AC,
bi da,-32000,"₫32,000",28/03/2024,Expenses,,Bida,
xăng,-61000,"₫61,000",30/03/2024,Expenses,,DC,
quấn cán,-11000,"₫11,000",30/03/2024,Expenses,,Badmintion,
gửi xe,-2000,"₫2,000",30/03/2024,Expenses,,Study,
cầu lông,-27000,"₫27,000",30/03/2024,Expenses,,Badmintion,
xăng,-30000,"₫30,000",01/04/2024,Expenses,,DC,
ép dưa hấu,-12000,"₫12,000",01/04/2024,Expenses,,AV,
cầu lông bhn,-30000,"₫30,000",01/04/2024,Expenses,,Badmintion,
cafe bột,-13000,"₫13,000",01/04/2024,Expenses,,Coffee,
cơm xào bà,-25000,"₫25,000",01/04/2024,Expenses,,AC,
mì + sữa tơi,-70000,"₫70,000",01/04/2024,Expenses,,AC,
cơm chiên + nước đá,-19000,"₫19,000",01/04/2024,Expenses,,AC,
cơm cái khế,-26000,"₫26,000",02/04/2024,Expenses,,AC,
mì - hoành bờ kè,-50000,"₫50,000",02/04/2024,Expenses,,AC,
cơm tắm,-25000,"₫25,000",03/04/2024,Expenses,,AC,
ép dưa hấu,-12000,"₫12,000",03/04/2024,Expenses,,AV,
cầu lông,-25000,"₫25,000",03/04/2024,Expenses,,Badmintion,
nước cam căn tin DI,-10000,"₫10,000",03/04/2024,Expenses,,AV,
xăng,-20000,"₫20,000",03/04/2024,Expenses,,DC,
sữa chua,-8000,"₫8,000",03/04/2024,Expenses,,AC,
mì hoành ngã tư,-30000,"₫30,000",03/04/2024,Expenses,,AC,
bida minh quan 79,-43000,"₫43,000",04/04/2024,Expenses,,Bida,
gửi xe,-4000,"₫4,000",04/04/2024,Expenses,,Study,
nc đá,-3000,"₫3,000",04/04/2024,Expenses,,AC,
icloud,-19000,"₫19,000",04/04/2024,Expenses,Monthly,Utility,
bún thịt nướng,-20000,"₫20,000",04/04/2024,Expenses,,AC,
bún đậu,-26000,"₫26,000",04/04/2024,Expenses,,AC,
lẩu chai,-28000,"₫28,000",05/04/2024,Expenses,,AC,
cơm chiên + nc đá,-19000,"₫19,000",05/04/2024,Expenses,,AC,
cafe gói,-14000,"₫14,000",05/04/2024,Expenses,,Coffee,
xăng,-20000,"₫20,000",05/04/2024,Expenses,,DC,
"bida -ân, duy",-19000,"₫19,000",05/04/2024,Expenses,,Bida,
xăng,-50000,"₫50,000",07/04/2024,Expenses,,DC,
cầu lông,-30000,"₫30,000",07/04/2024,Expenses,,Badmintion,
bánh mì,-17000,"₫17,000",07/04/2024,Expenses,,AC,
cơm tắm,-25000,"₫25,000",08/04/2024,Expenses,,AC,
nước cam căn tin,-13000,"₫13,000",08/04/2024,Expenses,,RL,
cơm chiên,-18000,"₫18,000",08/04/2024,Expenses,,AC,
bida,-29000,"₫29,000",08/04/2024,Expenses,,Bida,
cafe bột,-11000,"₫11,000",08/04/2024,Expenses,,Coffee,
sữa tươi,-35000,"₫35,000",08/04/2024,Expenses,,AC,
bún thịt xào,-20000,"₫20,000",09/04/2024,Expenses,,AC,
21G,-28500,"₫28,500",09/04/2024,Expenses,,Utility,
mì xào bò,-25000,"₫25,000",09/04/2024,Expenses,,AC,
gửi xe,-3000,"₫3,000",09/04/2024,Expenses,,Study,
gửi xe,-4000,"₫4,000",10/04/2024,Expenses,,Study,
xôi + bánh ướt,-8000,"₫8,000",10/04/2024,Expenses,,AC,
sữa chua,-9000,"₫9,000",10/04/2024,Expenses,,AV,
cầu lông,-25000,"₫25,000",10/04/2024,Expenses,,Badmintion,
duong châu + nc đá,-20000,"₫20,000",10/04/2024,Expenses,,AC,
lẩu chao đạt 3,-30000,"₫30,000",10/04/2024,Expenses,,AC,
bánh mì kinh đô,-8000,"₫8,000",10/04/2024,Expenses,,AC,
ép táo đỏ,-20000,"₫20,000",11/04/2024,Expenses,,AV,
trà mật ông cozzy,-10000,"₫10,000",11/04/2024,Expenses,,AV,
quỹ phong ktx,-30000,"₫30,000",11/04/2024,Expenses,,Home,
xăng,-30000,"₫30,000",11/04/2024,Expenses,,DC,
bún đậu,-25000,"₫25,000",11/04/2024,Expenses,,AC,
nước ép sinh nhật hiếu,-4000,"₫4,000",11/04/2024,Expenses,,RL,
10 đôi vớ ngắn,-52000,"₫52,000",11/04/2024,Expenses,,CL,
bida,-27000,"₫27,000",11/04/2024,Expenses,,Bida,
cơm gà chiên bột + nc đá,-21000,"₫21,000",11/04/2024,Expenses,,AC,
xăng,-30000,"₫30,000",13/04/2024,Expenses,,DC,
điện nước tháng 3,-72000,"₫72,000",13/04/2024,Expenses,Monthly,Home,
cầu lông,-25000,"₫25,000",13/04/2024,Expenses,,Badmintion,
mì quành,-30000,"₫30,000",13/04/2024,Expenses,,AC,
bida vs lớp,-10000,"₫10,000",13/04/2024,Expenses,,Bida,
gửi xe,-2000,"₫2,000",13/04/2024,Expenses,,Study,
hủ tiếu mạc thiên tích,-21000,"₫21,000",14/04/2024,Expenses,,AC,
xăng,-20000,"₫20,000",14/04/2024,Expenses,,DC,
cafe bột,-15000,"₫15,000",14/04/2024,Expenses,,Coffee,
sữa tươi,-35000,"₫35,000",14/04/2024,Expenses,,AC,
cơm dương châu,-18000,"₫18,000",14/04/2024,Expenses,,AC,
cơm bà trâm,-28000,"₫28,000",15/04/2024,Expenses,,AC,
gửi xe,-1000,"₫1,000",15/04/2024,Expenses,,Study,
bida,-23000,"₫23,000",15/04/2024,Expenses,,Bida,
bún thịt nướng + nc đá,-21000,"₫21,000",15/04/2024,Expenses,,AC,
bánh mì căn tin,-9000,"₫9,000",16/04/2024,Expenses,,AC,
sữa chua,-7000,"₫7,000",16/04/2024,Expenses,,AC,
bida vs béo,-40000,"₫40,000",16/04/2024,Expenses,,Bida,
bánh mì,-20000,"₫20,000",16/04/2024,Expenses,,AC,
xoi,-7000,"₫7,000",16/04/2024,Expenses,,AC,
cơm gà sv,-26000,"₫26,000",16/04/2024,Expenses,,AC,
xăng,-30000,"₫30,000",16/04/2024,Expenses,,DC,
bánh mì xsa xíu,-15000,"₫15,000",17/04/2024,Expenses,,AC,
cầu long,-20000,"₫20,000",17/04/2024,Expenses,,Badmintion,
sữa proby,-8000,"₫8,000",17/04/2024,Expenses,,AV,
bún thiệt nướng,-22000,"₫22,000",17/04/2024,Expenses,,AC,
gửi xe,-2000,"₫2,000",17/04/2024,Expenses,,Study,
xăng,-50000,"₫50,000",19/04/2024,Expenses,,DC,
gửi xe,-2000,"₫2,000",19/04/2024,Expenses,,Study,
bida béo vs béo,-38000,"₫38,000",19/04/2024,Expenses,,Bida,
bida vs duy,-12000,"₫12,000",19/04/2024,Expenses,,Bida,
phở,-30000,"₫30,000",21/04/2024,Expenses,,AC,
đia béo với béo,-36000,"₫36,000",21/04/2024,Expenses,,Bida,
cafe bột,-12000,"₫12,000",22/04/2024,Expenses,,Coffee,
hủ tiêu,-16000,"₫16,000",22/04/2024,Expenses,,AC,
kệ phòng ktx,-6000,"₫6,000",22/04/2024,Expenses,,Home,
xăng,-40000,"₫40,000",22/04/2024,Expenses,,DC,
sữa tươi,-35000,"₫35,000",22/04/2024,Expenses,,AC,
photo tài liẹu Ar,-8000,"₫8,000",22/04/2024,Expenses,,Study,
tẩy đá,-3000,"₫3,000",22/04/2024,Expenses,,RL,
bánh mì,-11000,"₫11,000",22/04/2024,Expenses,,AV,
mì,-30000,"₫30,000",22/04/2024,Expenses,,AC,
hồng trà soonder,-31000,"₫31,000",22/04/2024,Expenses,,G,
bánh mì hữu hiệp,-20000,"₫20,000",22/04/2024,Expenses,,AC,
mì tài phát + nc đá,-31000,"₫31,000",23/04/2024,Expenses,,AC,
bida,-41000,"₫41,000",23/04/2024,Expenses,,Bida,
bún đậu,-25000,"₫25,000",23/04/2024,Expenses,,AC,
photo,-3000,"₫3,000",24/04/2024,Expenses,,Study,
bún đậu,-32000,"₫32,000",24/04/2024,Expenses,,AC,
gửi xe,-2000,"₫2,000",24/04/2024,Expenses,,Study,
nước lọc,-10000,"₫10,000",24/04/2024,Expenses,,Utility,
cơm gà + nc đá,-31000,"₫31,000",24/04/2024,Expenses,,AC,
bida,-18000,"₫18,000",24/04/2024,Expenses,,Bida,
cơm dương châu+ nc đá,-19000,"₫19,000",25/04/2024,Expenses,,AC,
gửi xe,-2000,"₫2,000",25/04/2024,Expenses,,Study,
cơm đồ xào,-20000,"₫20,000",25/04/2024,Expenses,,AC,
cầu lông tân hội,-32000,"₫32,000",26/04/2024,Expenses,,Badmintion,
xăng,-20000,"₫20,000",26/04/2024,Expenses,,DC,
bida,-26000,"₫26,000",27/04/2024,Expenses,,Bida,
bún bò,-25000,"₫25,000",27/04/2024,Expenses,,AC,
xăng,-50000,"₫50,000",27/04/2024,Expenses,,DC,
hớt tóc,-30000,"₫30,000",27/04/2024,Expenses,,Body,
nước mía,-10000,"₫10,000",29/04/2024,Expenses,,AV,
bida,-28000,"₫28,000",29/04/2024,Expenses,,Bida,
xăng,-20000,"₫20,000",29/04/2024,Expenses,,DC,
cầu lông,-30000,"₫30,000",29/04/2024,Expenses,,Badmintion,
nước mía + bánh oxi,-11000,"₫11,000",30/04/2024,Expenses,,AV,
cầu lông,-29000,"₫29,000",30/04/2024,Expenses,,Badmintion,
xăng,-30000,"₫30,000",30/04/2024,Expenses,,DC,
phí bảo vệ tk,-3000,"₫3,000",01/05/2024,Expenses,,Utility,
nước mía,-10000,"₫10,000",01/05/2024,Expenses,,RL,
cầu lông,-35000,"₫35,000",01/05/2024,Expenses,,Badmintion,
hủ tiếu,-20000,"₫20,000",01/05/2024,Expenses,,AC,
cơm dương châu,-19000,"₫19,000",04/05/2024,Expenses,,AC,
xăng,-40000,"₫40,000",04/05/2024,Expenses,,DC,
ngọc yếu làm intro SE,-39000,"₫39,000",04/05/2024,Expenses,,Study,
cơm sườn trứng,-25000,"₫25,000",04/05/2024,Expenses,,AC,
mì tài phát,-30000,"₫30,000",05/05/2024,Expenses,,AC,
nước ktx,-26000,"₫26,000",05/05/2024,Expenses,,Home,
bánh mì,-15000,"₫15,000",05/05/2024,Expenses,,AC,
bánh mì ăn sáng + nc đá,-11000,"₫11,000",05/05/2024,Expenses,,AC,
cafe can tin DI,-12000,"₫12,000",05/05/2024,Expenses,,RL,
gửi xe + trà đá,-6000,"₫6,000",05/05/2024,Expenses,,RL,
bida,-13333,"₫13,333",05/05/2024,Expenses,,Bida,
cafe bột,-58000,"₫58,000",06/05/2024,Expenses,,Coffee,
xăng,-20000,"₫20,000",06/05/2024,Expenses,,DC,
kẹo cu ne,-23000,"₫23,000",06/05/2024,Expenses,,AV,
khẩu trang,-25000,"₫25,000",06/05/2024,Expenses,,Utility,
dầu gọi đầu,-20000,"₫20,000",06/05/2024,Expenses,,Utility,
mì + sữa,-272000,"₫272,000",06/05/2024,Expenses,,AC,
phở,-25000,"₫25,000",06/05/2024,Expenses,,AC,
cơm đồ xào,-20000,"₫20,000",07/05/2024,Expenses,,AC,
"bida vs ân, duy",-15000,"₫15,000",07/05/2024,Expenses,,Bida,
bún chả hn,-32000,"₫32,000",07/05/2024,Expenses,,AC,
bánh mì patê trần hưng đạo,-12000,"₫12,000",08/05/2024,Expenses,,AC,
làm lại thẻ sv,-50000,"₫50,000",08/05/2024,Expenses,,Accident,
icloud,-19000,"₫19,000",08/05/2024,Expenses,Monthly,Utility,
cơm đồ xào,-20000,"₫20,000",08/05/2024,Expenses,,AC,
cầu lông,-40000,"₫40,000",08/05/2024,Expenses,,Badmintion,
dương châu + nc đá,-21000,"₫21,000",08/05/2024,Expenses,,AC,
gửi xe,-6000,"₫6,000",08/05/2024,Expenses,,Utility,
nước rửa chén,-21000,"₫21,000",09/05/2024,Expenses,,Home,
ram 8g,-388100,"₫388,100",09/05/2024,Expenses,BigM,Utility,
cơm đồ xào,-20000,"₫20,000",09/05/2024,Expenses,,AC,
gửi xe,-2000,"₫2,000",09/05/2024,Expenses,,Study,
bánh mì kẹp,-8000,"₫8,000",09/05/2024,Expenses,,AV,
chuối,-6000,"₫6,000",09/05/2024,Expenses,,AC,
bún đậu,-25000,"₫25,000",09/05/2024,Expenses,,AC,
4g + tiền đt,-55000,"₫55,000",09/05/2024,Expenses,,Utility,
nước đá,-2000,"₫2,000",09/05/2024,Expenses,,AC,
dương châu,-18000,"₫18,000",09/05/2024,Expenses,,AC,
cafe muối bà sông,-20000,"₫20,000",09/05/2024,Expenses,,RL,
biđa,-23000,"₫23,000",10/05/2024,Expenses,,Bida,
gửi xe,-4000,"₫4,000",10/05/2024,Expenses,,Study,
cơm dương châu,-19000,"₫19,000",10/05/2024,Expenses,,AC,
bánh mì gà,-12000,"₫12,000",10/05/2024,Expenses,,AC,
bánh mì ăn trưa,-15000,"₫15,000",10/05/2024,Expenses,,AC,
phí shopee later,-17000,"₫17,000",10/05/2024,Expenses,,Entertainment,
điện nước tháng 5,-68000,"₫68,000",10/05/2024,Expenses,Monthly,Home,
dương châu + nc đá,-20000,"₫20,000",11/05/2024,Expenses,,AC,
cam,-10000,"₫10,000",11/05/2024,Expenses,,AV,
cơm đồ xào,-20000,"₫20,000",11/05/2024,Expenses,,AC,
bánh mì,-12000,"₫12,000",11/05/2024,Expenses,,AC,
chuối,-5000,"₫5,000",11/05/2024,Expenses,,AC,
bún bò huế,-35000,"₫35,000",12/05/2024,Expenses,,AC,
dương châu,-18000,"₫18,000",12/05/2024,Expenses,,AC,
bida,-25000,"₫25,000",12/05/2024,Expenses,,Bida,
bánh mì kẹp + nc đá,-10000,"₫10,000",12/05/2024,Expenses,,AC,
nước,-26000,"₫26,000",12/05/2024,Expenses,,Home,
cafe bột,-14000,"₫14,000",12/05/2024,Expenses,,Coffee,
cơm đồ xào,-20000,"₫20,000",12/05/2024,Expenses,,AC,
lăn nách,-54000,"₫54,000",12/05/2024,Expenses,,Utility,
cơm đồ xào,-20000,"₫20,000",13/05/2024,Expenses,,AC,
chuối,-5000,"₫5,000",13/05/2024,Expenses,,AC,
dương châu + nc đá,-20000,"₫20,000",13/05/2024,Expenses,,AC,
cơm đồ xào,-20000,"₫20,000",14/05/2024,Expenses,,AC,
dương châu + nc đá,-21000,"₫21,000",14/05/2024,Expenses,,AC,
bánh mì,-12000,"₫12,000",14/05/2024,Expenses,,AC,
bánh kẹp,-8000,"₫8,000",14/05/2024,Expenses,,AV,
cơm đồ xào + nc đá,-21000,"₫21,000",15/05/2024,Expenses,,AC,
phí rút tiền,-1100,"₫1,100",15/05/2024,Expenses,,Utility,
chuối,-5000,"₫5,000",15/05/2024,Expenses,,AC,
bánh mì,-12000,"₫12,000",15/05/2024,Expenses,,AC,
dương châu,-18000,"₫18,000",15/05/2024,Expenses,,AC,
cầu lông,-40000,"₫40,000",15/05/2024,Expenses,,Badmintion,
bida với đám kiên,-34000,"₫34,000",16/05/2024,Expenses,,Bida,
xăng về quê,-30000,"₫30,000",16/05/2024,Expenses,,DC,
phí rút tiền,-1100,"₫1,100",16/05/2024,Expenses,,Utility,
bida một mình,-51000,"₫51,000",16/05/2024,Expenses,,Bida,
cơm đồ xào + nc đá,-21000,"₫21,000",16/05/2024,Expenses,,AC,
cầu lông,-36000,"₫36,000",18/05/2024,Expenses,,Badmintion,
cầu lông,-32000,"₫32,000",19/05/2024,Expenses,,Badmintion,
nước mía,-5000,"₫5,000",19/05/2024,Expenses,,AV,
xăng,-20000,"₫20,000",19/05/2024,Expenses,,DC,
béo thiếu tiền bida,-19000,"₫19,000",19/05/2024,Expenses,,Ngu,
bi da,-34000,"₫34,000",19/05/2024,Expenses,,Bida,
bánh mì,-15000,"₫15,000",21/05/2024,Expenses,,AC,
tiền vé xe đi hòa an,-80000,"₫80,000",21/05/2024,Expenses,,Study,
xăng,-30000,"₫30,000",21/05/2024,Expenses,,DC,
cafe cả tàu,-10000,"₫10,000",21/05/2024,Expenses,,Coffee,
spotify,-29500,"₫29,500",22/05/2024,Expenses,,Mental,
cầu lông,-26000,"₫26,000",25/05/2024,Expenses,,Badmintion,
nước mía,-5000,"₫5,000",25/05/2024,Expenses,,AV,
sữa chua đá - mộc,-15000,"₫15,000",25/05/2024,Expenses,,AV,
xăng,-30000,"₫30,000",25/05/2024,Expenses,,DC,
hớt tóc,-30000,"₫30,000",25/05/2024,Expenses,,Body,
bún đậu,-31000,"₫31,000",26/05/2024,Expenses,,AC,
bánh kẹp,-25000,"₫25,000",26/05/2024,Expenses,,AC,
xăng,-20000,"₫20,000",26/05/2024,Expenses,,DC,
trái cây,-65000,"₫65,000",26/05/2024,Expenses,,AC,
sữa chua,-10000,"₫10,000",26/05/2024,Expenses,,AC,
khăn giấy,-15000,"₫15,000",26/05/2024,Expenses,,Utility,
bida,-52000,"₫52,000",26/05/2024,Expenses,,Bida,
khăn,-35000,"₫35,000",27/05/2024,Expenses,,Utility,
sơ mi,-6000,"₫6,000",27/05/2024,Expenses,,Study,
trà đá,-8000,"₫8,000",27/05/2024,Expenses,,AC,
tiền ktx hòa an,-100000,"₫100,000",27/05/2024,Expenses,,Home,
tiền điện nước tháng 5,-37000,"₫37,000",27/05/2024,Expenses,Monthly,Home,
tiền cơm trong tháng 5,-305000,"₫305,000",27/05/2024,Expenses,,AC,
mì ăn khuya,-22000,"₫22,000",01/06/2024,Expenses,,AC,
tiền thiếu sau khi đi hòa an chưa rõ lý do,-80000,"₫80,000",01/06/2024,Expenses,,Accident,
trà đá,-28000,"₫28,000",01/06/2024,Expenses,,AC,
lẩu ăn chung nhóm Q,-37000,"₫37,000",01/06/2024,Expenses,,RL,
giặc đồ,-10000,"₫10,000",01/06/2024,Expenses,,Home,
bida,-10000,"₫10,000",01/06/2024,Expenses,,Bida,
sữa chua,-24000,"₫24,000",01/06/2024,Expenses,,AV,
mì tài phát,-30000,"₫30,000",01/06/2024,Expenses,,AC,
sữa tươi,-8000,"₫8,000",01/06/2024,Expenses,,AC,
bánh mì + nabati,-28000,"₫28,000",01/06/2024,Expenses,,AV,
tiền ăn hòa an tháng 6,-560000,"₫560,000",01/06/2024,Expenses,,AC,
xăng,-30000,"₫30,000",01/06/2024,Expenses,,DC,
icloud,-19000,"₫19,000",01/06/2024,Expenses,Monthly,Utility,
điện nước hòa ăn,-41000,"₫41,000",01/06/2024,Expenses,Monthly,Home,
cafe,-128000,"₫128,000",01/06/2024,Expenses,,Coffee,
"sách, viết, sổ",-255765,"₫255,765",10/06/2024,Expenses,BigM,Study,
cầu lông,-30000,"₫30,000",10/06/2024,Expenses,,Badmintion,
phí shopee late,-8000,"₫8,000",10/06/2024,Expenses,,Entertainment,
cầu lông,-30000,"₫30,000",11/06/2024,Expenses,,Badmintion,
bánh mì,-12000,"₫12,000",11/06/2024,Expenses,,AC,
khoai mì nướng,-5000,"₫5,000",12/06/2024,Expenses,,AV,
xoi gất,-10000,"₫10,000",12/06/2024,Expenses,,AV,
bida với tường + béo,-52000,"₫52,000",12/06/2024,Expenses,,Bida,
hớt tóc,-30000,"₫30,000",12/06/2024,Expenses,,Body,
xăng,-50000,"₫50,000",12/06/2024,Expenses,,DC,
nui chiên,-33000,"₫33,000",12/06/2024,Expenses,,AC,
trà chanh,-5000,"₫5,000",12/06/2024,Expenses,,RL,
học phí 1-III,-3528000,"₫3,528,000",13/06/2024,Expenses,BigY,Study,
cafe moca,-17000,"₫17,000",13/06/2024,Expenses,,Coffee,
bánh mì que,-10000,"₫10,000",13/06/2024,Expenses,,AC,
cầu lông,-39000,"₫39,000",16/06/2024,Expenses,,Badmintion,
tiền xăng việt em,-11000,"₫11,000",16/06/2024,Expenses,,DC,
usb cài linux,-150000,"₫150,000",24/06/2024,Expenses,BigM,Utility,
net lan hùng cài linux,-20000,"₫20,000",24/06/2024,Expenses,,Study,
cầu lông,-37000,"₫37,000",24/06/2024,Expenses,,Badmintion,
xăng,-30000,"₫30,000",24/06/2024,Expenses,,DC,
bida với đám kiên,-22000,"₫22,000",24/06/2024,Expenses,,Bida,
xăng,-20000,"₫20,000",28/06/2024,Expenses,,DC,
cầu lông,-50000,"₫50,000",28/06/2024,Expenses,,Badmintion,
xăng,-20000,"₫20,000",30/06/2024,Expenses,,DC,
bida với đám kiên,-25000,"₫25,000",30/06/2024,Expenses,,Bida,
bún đậu,-39000,"₫39,000",30/06/2024,Expenses,,AC,
mì + sữa tươi,-71000,"₫71,000",30/06/2024,Expenses,,AC,
trượt ba tin,-20000,"₫20,000",30/06/2024,Expenses,,RL,
bida với đám linh,-32000,"₫32,000",30/06/2024,Expenses,,Bida,
cafe bột,-13000,"₫13,000",30/06/2024,Expenses,,Coffee,
xăng,-40000,"₫40,000",01/07/2024,Expenses,,DC,
gửi xe DI,-2000,"₫2,000",01/07/2024,Expenses,,Study,
phí bảo vệ tk,-3000,"₫3,000",01/07/2024,Expenses,,Utility,
cổng tai nghe,-29000,"₫29,000",01/07/2024,Expenses,,Utility,
mì căn tin + bún chả giò,-40000,"₫40,000",01/07/2024,Expenses,,AC,
gửi xe,-4000,"₫4,000",02/07/2024,Expenses,,Study,
nc suối,-6000,"₫6,000",02/07/2024,Expenses,,Utility,
dao cạo râu,-7000,"₫7,000",02/07/2024,Expenses,,Body,
cơm sáng chiều,-40000,"₫40,000",02/07/2024,Expenses,,AC,
nước đá,-2000,"₫2,000",02/07/2024,Expenses,,AC,
lẩu với đám Long,-30000,"₫30,000",03/07/2024,Expenses,,RL,
bánh mì,-12000,"₫12,000",03/07/2024,Expenses,,AC,
nước đá,-1000,"₫1,000",03/07/2024,Expenses,,AC,
mì ý,-20000,"₫20,000",03/07/2024,Expenses,,AC,
cafe ông Quang,-33000,"₫33,000",03/07/2024,Expenses,,Coffee,
cơm sáng chiều + nc đá,-46000,"₫46,000",04/07/2024,Expenses,,AC,
bida,-28000,"₫28,000",04/07/2024,Expenses,,Bida,
mì ý + nc đá,-21000,"₫21,000",05/07/2024,Expenses,,AC,
cầu lông,-40000,"₫40,000",05/07/2024,Expenses,,Badmintion,
bida béo,-18000,"₫18,000",05/07/2024,Expenses,,Bida,
mì + sữa tơi,-42000,"₫42,000",08/07/2024,Expenses,,AC,
mì ý căn tin,-20000,"₫20,000",08/07/2024,Expenses,,AC,
xăng,-40000,"₫40,000",08/07/2024,Expenses,,DC,
cafe bột,-14000,"₫14,000",08/07/2024,Expenses,,Coffee,
mì hoành,-30000,"₫30,000",08/07/2024,Expenses,,AC,
bi da vs phúc,-20000,"₫20,000",09/07/2024,Expenses,,Bida,
bún chả giò + cơm tấm,-45000,"₫45,000",09/07/2024,Expenses,,AC,
nc đá,-3000,"₫3,000",09/07/2024,Expenses,,AC,
cơm gà + mì ý + nc đá,-41000,"₫41,000",10/07/2024,Expenses,,AC,
phở việt,-30000,"₫30,000",11/07/2024,Expenses,,AC,
mì tài phát,-31000,"₫31,000",11/07/2024,Expenses,,AC,
icloud,-19000,"₫19,000",11/07/2024,Expenses,Monthly,Utility,
phí thiếu shopee,-7558,"₫7,558",12/07/2024,Expenses,,Entertainment,
bida với kiên,-36000,"₫36,000",12/07/2024,Expenses,,Bida,
ghế xoay,-256207,"₫256,207",12/07/2024,Expenses,BigM,Utility,
xăng,-20000,"₫20,000",12/07/2024,Expenses,,DC,
cầu lông + quấn cán,-45000,"₫45,000",12/07/2024,Expenses,,Badmintion,
dồ chiên 20 bida -14 do chien,-20000,"₫20,000",14/07/2024,Expenses,,AV,
bida với linh,-25000,"₫25,000",14/07/2024,Expenses,,Bida,
xăng,-30000,"₫30,000",14/07/2024,Expenses,,DC,
lót chuột của kiên,-40000,"₫40,000",14/07/2024,Expenses,,Utility,
lãi shopee mua,-15000,"₫15,000",15/07/2024,Expenses,,Entertainment,
cơm xá bấu,-23000,"₫23,000",15/07/2024,Expenses,,AC,
bida với duy,-28000,"₫28,000",16/07/2024,Expenses,,Bida,
mì ý,-21000,"₫21,000",16/07/2024,Expenses,,AC,
nước đá + CƠM XÁ bấu,-23000,"₫23,000",16/07/2024,Expenses,,AC,
xăng,-20000,"₫20,000",18/07/2024,Expenses,,DC,
bánh mì + nước đá,-15000,"₫15,000",18/07/2024,Expenses,,AC,
cafe làm bài,-25000,"₫25,000",18/07/2024,Expenses,,RL,
bún chả + mì ý,-60000,"₫60,000",18/07/2024,Expenses,,AC,
đồ chiên + nc mía,-33000,"₫33,000",20/07/2024,Expenses,,AV,
quần short + áo thun coolmate,-288800,"₫288,800",20/07/2024,Expenses,BigM,CL,
áo khoác xanh lá,-239200,"₫239,200",20/07/2024,Expenses,BigM,CL,
4g 21G,-60000,"₫60,000",20/07/2024,Expenses,,Utility,
cầu lông,-15000,"₫15,000",20/07/2024,Expenses,,Badmintion,
bi da với kiên,-15000,"₫15,000",20/07/2024,Expenses,,Bida,
spotify,-29500,"₫29,500",22/07/2024,Expenses,,Mental,
cầu lông,-15000,"₫15,000",22/07/2024,Expenses,,Badmintion,
xăng,-20000,"₫20,000",22/07/2024,Expenses,,DC,
cầu lông,-40000,"₫40,000",22/07/2024,Expenses,,Badmintion,
nc đá + cơm xá bấu,-23000,"₫23,000",23/07/2024,Expenses,,AC,
cầu lông,-40000,"₫40,000",23/07/2024,Expenses,,Badmintion,
xăng,-40000,"₫40,000",23/07/2024,Expenses,,DC,
cầu lông,-33000,"₫33,000",23/07/2024,Expenses,,Badmintion,
lưới cầu lông,-130000,"₫130,000",25/07/2024,Expenses,,Badmintion,
cầu lông + quấn cán,-45000,"₫45,000",25/07/2024,Expenses,,Badmintion,
cầu lông,-40000,"₫40,000",26/07/2024,Expenses,,Badmintion,
bánh mì,-15000,"₫15,000",26/07/2024,Expenses,,AC,
xăng,-20000,"₫20,000",26/07/2024,Expenses,,DC,
ktx hk1 24-25,-205000,"₫205,000",26/07/2024,Expenses,Monthly,Home,
xăng việt em,-20000,"₫20,000",27/07/2024,Expenses,,DC,
cầu lông,-17000,"₫17,000",27/07/2024,Expenses,,Badmintion,
cầu lông,-45000,"₫45,000",28/07/2024,Expenses,,Badmintion,
cầu lông,-31000,"₫31,000",29/07/2024,Expenses,,Badmintion,
xăng,-40000,"₫40,000",31/07/2024,Expenses,,DC,
cầu lông,-31000,"₫31,000",31/07/2024,Expenses,,Badmintion,
xăng,-20000,"₫20,000",01/08/2024,Expenses,,DC,
bida béo with Tuong,-32000,"₫32,000",01/08/2024,Expenses,,Bida,
cầu lông,-32000,"₫32,000",01/08/2024,Expenses,,Badmintion,
bánh mì ăn sáng,-15000,"₫15,000",01/08/2024,Expenses,,AC,
"bida - trong, tuong",-35000,"₫35,000",03/08/2024,Expenses,,Bida,
cầu lông,-45000,"₫45,000",03/08/2024,Expenses,,Badmintion,
yaout đá với tường,-15000,"₫15,000",04/08/2024,Expenses,,RL,
bida với tường,-30000,"₫30,000",04/08/2024,Expenses,,Bida,
xăng,-20000,"₫20,000",04/08/2024,Expenses,,DC,
khẩu trang,-9000,"₫9,000",05/08/2024,Expenses,,Utility,
bida với ân,-19000,"₫19,000",05/08/2024,Expenses,,Bida,
xăng,-30000,"₫30,000",05/08/2024,Expenses,,DC,
cafe bột,-15000,"₫15,000",05/08/2024,Expenses,,Coffee,
mì + sữa,-56000,"₫56,000",05/08/2024,Expenses,,AC,
gửi xe,-2000,"₫2,000",05/08/2024,Expenses,,Study,
bánh mì,-12000,"₫12,000",05/08/2024,Expenses,,AC,
mì ý,-20000,"₫20,000",06/08/2024,Expenses,,AC,
nước suối,-5000,"₫5,000",06/08/2024,Expenses,,AC,
bida vs ân,-16000,"₫16,000",06/08/2024,Expenses,,Bida,
tiền xe hk12425,-129000,"₫129,000",06/08/2024,Expenses,,Home,
cơm gà,-26000,"₫26,000",06/08/2024,Expenses,,AC,
bida vs bóe,-43000,"₫43,000",06/08/2024,Expenses,,Bida,
gửi xe,-1000,"₫1,000",07/08/2024,Expenses,,Study,
cơm + phở + nc đá,-42000,"₫42,000",07/08/2024,Expenses,,AC,
bida vs duy ân,-19000,"₫19,000",08/08/2024,Expenses,,Bida,
bún chay,-30000,"₫30,000",08/08/2024,Expenses,,AC,
iCloud,-19000,"₫19,000",08/08/2024,Expenses,Monthly,Utility,
mì ý + nc đá,-22000,"₫22,000",08/08/2024,Expenses,,AC,
bida vs duy ân,-10000,"₫10,000",09/08/2024,Expenses,,Bida,
xăng,-20000,"₫20,000",09/08/2024,Expenses,,DC,
mỳ ý + nc đá,-16000,"₫16,000",09/08/2024,Expenses,,AC,
gửi xe,-6000,"₫6,000",09/08/2024,Expenses,,Study,
"bida với a thành, tiến",-30000,"₫30,000",11/08/2024,Expenses,,Bida,
mì + sữa,-68000,"₫68,000",12/08/2024,Expenses,,AC,
cafe bột,-14000,"₫14,000",12/08/2024,Expenses,,Coffee,
xăng,-30000,"₫30,000",12/08/2024,Expenses,,DC,
nc suối,-6000,"₫6,000",13/08/2024,Expenses,,AV,
cơm bà trâm,-28000,"₫28,000",13/08/2024,Expenses,,AC,
3 băng vs ân,-15000,"₫15,000",13/08/2024,Expenses,,Bida,
gửi xe,-4000,"₫4,000",13/08/2024,Expenses,,Study,
cơm gà + nc đá,-32000,"₫32,000",13/08/2024,Expenses,,AC,
mì ý,-20000,"₫20,000",14/08/2024,Expenses,,AC,
cơm sườn + nc đá,-27000,"₫27,000",14/08/2024,Expenses,,AC,
bida với ân,-20000,"₫20,000",14/08/2024,Expenses,,Bida,
xoi vị,-6000,"₫6,000",14/08/2024,Expenses,,AC,
gửi xe,-2000,"₫2,000",14/08/2024,Expenses,,Study,
mì ý + nc đá,-22000,"₫22,000",15/08/2024,Expenses,,AC,
mua vé số với ân,-5000,"₫5,000",15/08/2024,Expenses,,Entertainment,
cơm thảo điền,-27000,"₫27,000",15/08/2024,Expenses,,AC,
bida với ân,-26000,"₫26,000",15/08/2024,Expenses,,Bida,
nước cam,-8000,"₫8,000",16/08/2024,Expenses,,AV,
xoi vị,-8000,"₫8,000",16/08/2024,Expenses,,AC,
bún thịt nướng + nước đá,-22000,"₫22,000",16/08/2024,Expenses,,AC,
đồ chiên,-20000,"₫20,000",17/08/2024,Expenses,,AV,
bida linh như,-15000,"₫15,000",17/08/2024,Expenses,,Bida,
xăng,-20000,"₫20,000",17/08/2024,Expenses,,DC,
cầu lông,-50000,"₫50,000",17/08/2024,Expenses,,Badmintion,
gửi xe,-3000,"₫3,000",20/08/2024,Expenses,,Study,
bida với ân,-31000,"₫31,000",20/08/2024,Expenses,,Bida,
xăng,-20000,"₫20,000",20/08/2024,Expenses,,DC,
sữa tươi,-33000,"₫33,000",20/08/2024,Expenses,,AC,
mì hoành,-30000,"₫30,000",20/08/2024,Expenses,,AC,
điện nước tháng 7,-37000,"₫37,000",20/08/2024,Expenses,Monthly,Home,
cơm gà sv + nc đá,-25000,"₫25,000",20/08/2024,Expenses,,AC,
gửi xe,-4000,"₫4,000",21/08/2024,Expenses,,Study,
xăng,-20000,"₫20,000",21/08/2024,Expenses,,DC,
nc cam,-8000,"₫8,000",21/08/2024,Expenses,,AV,
bún bò + bún chả giò + nc đá,-42000,"₫42,000",21/08/2024,Expenses,,AC,
bánh mì,-12000,"₫12,000",21/08/2024,Expenses,,AC,
vé số,-5000,"₫5,000",22/08/2024,Expenses,,Entertainment,
daya HDMI,-76000,"₫76,000",22/08/2024,Expenses,,Utility,
nước cam,-8000,"₫8,000",22/08/2024,Expenses,,AV,
mì ý + nc đá,-21000,"₫21,000",22/08/2024,Expenses,,AC,
bida,-22000,"₫22,000",22/08/2024,Expenses,,Bida,
bánh dừa,-10000,"₫10,000",22/08/2024,Expenses,,AV,
spotify,-29500,"₫29,500",22/08/2024,Expenses,,Utility,
gửi xe + nc đá,-3000,"₫3,000",22/08/2024,Expenses,,RL,
21G,-56000,"₫56,000",22/08/2024,Expenses,,Utility,
bún đậu,-25000,"₫25,000",22/08/2024,Expenses,,AC,
nước cam,-8000,"₫8,000",23/08/2024,Expenses,,AV,
bún bò trần hoàng na,-25000,"₫25,000",23/08/2024,Expenses,,AC,
xăng,-20000,"₫20,000",23/08/2024,Expenses,,DC,
bida vs ân,-22000,"₫22,000",23/08/2024,Expenses,,Bida,
"bida a thành, béo",-45000,"₫45,000",23/08/2024,Expenses,,Bida,
cầu lông,-43000,"₫43,000",25/08/2024,Expenses,,Badmintion,
cafe,-15000,"₫15,000",26/08/2024,Expenses,,Coffee,
bida với a thành,-42000,"₫42,000",26/08/2024,Expenses,,Bida,
sữa tươi,-35000,"₫35,000",26/08/2024,Expenses,,AC,
kẹo,-6000,"₫6,000",26/08/2024,Expenses,,AV,
cơm thảo điền,-24000,"₫24,000",27/08/2024,Expenses,,AC,
gửi xe,-2000,"₫2,000",27/08/2024,Expenses,,Study,
mì ý + nc đá,-22000,"₫22,000",27/08/2024,Expenses,,AC,
bida với ân,-24000,"₫24,000",27/08/2024,Expenses,,Bida,
mì ý + nước dá,-22000,"₫22,000",28/08/2024,Expenses,,AC,
gửi xe,-4000,"₫4,000",28/08/2024,Expenses,,Study,
mì ý + gầ jolibi,-74000,"₫74,000",28/08/2024,Expenses,,AC,
nước cam,-8000,"₫8,000",28/08/2024,Expenses,,AV,
xoi vị,-8000,"₫8,000",28/08/2024,Expenses,,AC,
bida với ân,-18000,"₫18,000",28/08/2024,Expenses,,Bida,
cơm gà xối mỡ,-30000,"₫30,000",29/08/2024,Expenses,,AC,
mì ý + nc đá,-21000,"₫21,000",29/08/2024,Expenses,,AC,
xăng,-20000,"₫20,000",29/08/2024,Expenses,,DC,
bánh tiêu,-7000,"₫7,000",29/08/2024,Expenses,,AC,
nước cam,-8000,"₫8,000",29/08/2024,Expenses,,AV,
bida với ân,-30000,"₫30,000",29/08/2024,Expenses,,Bida,
bánh nhân dừa,-8000,"₫8,000",29/08/2024,Expenses,,AV,
phí rút tiền,-2200,"₫2,200",30/08/2024,Expenses,,Utility,
xăng,-20000,"₫20,000",30/08/2024,Expenses,,DC,
bánh tiêu,-8000,"₫8,000",30/08/2024,Expenses,,AC,
bún riêu,-15000,"₫15,000",30/08/2024,Expenses,,AC,
cầu lông,-40000,"₫40,000",03/09/2024,Expenses,,Badmintion,
bida với tường,-30000,"₫30,000",03/09/2024,Expenses,,Bida,
cefe bột,-15000,"₫15,000",03/09/2024,Expenses,,Coffee,
xăng,-70000,"₫70,000",03/09/2024,Expenses,,DC,
sửa + mì,-40000,"₫40,000",03/09/2024,Expenses,,AC,
bún đậu,-36000,"₫36,000",03/09/2024,Expenses,,AC,
uống nước với đám linh,-56000,"₫56,000",03/09/2024,Expenses,,RL,
bida với ân,-20000,"₫20,000",04/09/2024,Expenses,,Bida,
gửi xe,-5000,"₫5,000",04/09/2024,Expenses,,Study,
bò tái giấm,-60000,"₫60,000",04/09/2024,Expenses,,AC,
cơm bà trâm,-27000,"₫27,000",04/09/2024,Expenses,,AC,
cơm sườn,-24000,"₫24,000",05/09/2024,Expenses,,AC,
bánh nhân dừa,-8000,"₫8,000",05/09/2024,Expenses,,AV,
nc cam,-8000,"₫8,000",05/09/2024,Expenses,,AV,
phở,-20000,"₫20,000",05/09/2024,Expenses,,AC,
icloud,-19000,"₫19,000",05/09/2024,Expenses,Monthly,Utility,
cam,-8000,"₫8,000",06/09/2024,Expenses,,AV,
mì hoành,-30000,"₫30,000",06/09/2024,Expenses,,AC,
bida với ân,-21000,"₫21,000",06/09/2024,Expenses,,Bida,
xăng,-20000,"₫20,000",06/09/2024,Expenses,,DC,
bida với béo,-35000,"₫35,000",06/09/2024,Expenses,,Bida,
cầu lông,-30000,"₫30,000",07/09/2024,Expenses,,Badmintion,
bida vs kien,-30000,"₫30,000",08/09/2024,Expenses,,Bida,
mì trứng,-27000,"₫27,000",10/09/2024,Expenses,,AC,
nước thùng ktx,-30000,"₫30,000",10/09/2024,Expenses,,Home,
phở,-20000,"₫20,000",10/09/2024,Expenses,,AC,
đậm trà sữa,-32000,"₫32,000",10/09/2024,Expenses,,AV,
tiền điện nc tháng 8,-92000,"₫92,000",10/09/2024,Expenses,Monthly,Home,
gửi xe,-2000,"₫2,000",10/09/2024,Expenses,,Study,
xăng,-30000,"₫30,000",10/09/2024,Expenses,,DC,
cơm sườn,-25000,"₫25,000",11/09/2024,Expenses,,AC,
bánh tiêu,-4000,"₫4,000",11/09/2024,Expenses,,AC,
gửi xe,-2000,"₫2,000",11/09/2024,Expenses,,Study,
bida với ân,-25000,"₫25,000",11/09/2024,Expenses,,Bida,
cơm gà + nc đá,-20000,"₫20,000",11/09/2024,Expenses,,AC,
bida với ân,-18000,"₫18,000",12/09/2024,Expenses,,Bida,
cơm thảo điền,-22000,"₫22,000",12/09/2024,Expenses,,AC,
cơm gà,-20000,"₫20,000",12/09/2024,Expenses,,AC,
gửi xe,-4000,"₫4,000",12/09/2024,Expenses,,Study,
bida với ân,-18000,"₫18,000",13/09/2024,Expenses,,Bida,
xăng,-20000,"₫20,000",13/09/2024,Expenses,,DC,
cafe phúc long,-35000,"₫35,000",13/09/2024,Expenses,,RL,
đá banh,-25000,"₫25,000",13/09/2024,Expenses,,Body,
bò né,-40000,"₫40,000",13/09/2024,Expenses,,AC,
bánh phúc long,-10000,"₫10,000",13/09/2024,Expenses,,AV,
bánh tiêu,-4000,"₫4,000",13/09/2024,Expenses,,AC,
mì + sữa tươi,-68000,"₫68,000",16/09/2024,Expenses,,AC,
xăng,-30000,"₫30,000",16/09/2024,Expenses,,DC,
tai nghe blu,-644000,"₫644,000",16/09/2024,Expenses,BigM,Utility,
balo đeo chéo,-250000,"₫250,000",16/09/2024,Expenses,BigM,CL,
phí vay shopee,-13900,"₫13,900",16/09/2024,Expenses,,Entertainment,
giày đá banh,-89000,"₫89,000",16/09/2024,Expenses,,Body,
pho tài liệu toán khmt,-12000,"₫12,000",16/09/2024,Expenses,,Study,
bida với ân,-29000,"₫29,000",17/09/2024,Expenses,,Bida,
com sườn,-24000,"₫24,000",17/09/2024,Expenses,,AC,
cơm sinh viên,-34000,"₫34,000",17/09/2024,Expenses,,AC,
gửi xe,-2000,"₫2,000",17/09/2024,Expenses,,Study,
cơm gà,-20000,"₫20,000",18/09/2024,Expenses,,AC,
afe highland,-35000,"₫35,000",18/09/2024,Expenses,,Coffee,
cơm sườn,-25000,"₫25,000",18/09/2024,Expenses,,AC,
gửi xe,-2000,"₫2,000",18/09/2024,Expenses,,Study,
bida với ân,-26000,"₫26,000",18/09/2024,Expenses,,Bida,
mì ý,-20000,"₫20,000",19/09/2024,Expenses,,AC,
bida vs ân,-30000,"₫30,000",19/09/2024,Expenses,,Bida,
bánh bò,-8000,"₫8,000",19/09/2024,Expenses,,AV,
xăng ân,-7000,"₫7,000",19/09/2024,Expenses,,DC,
cơm sườn,-24000,"₫24,000",19/09/2024,Expenses,,AC,
gửi xe,-2000,"₫2,000",19/09/2024,Expenses,,Study,
nước cam,-8000,"₫8,000",19/09/2024,Expenses,,AV,
bún riêu,-20000,"₫20,000",20/09/2024,Expenses,,AC,
bánh tiêu + nc đá,-5000,"₫5,000",20/09/2024,Expenses,,AC,
xăng,-20000,"₫20,000",20/09/2024,Expenses,,DC,
bida vs ân,-19000,"₫19,000",20/09/2024,Expenses,,Bida,
xăng,-50000,"₫50,000",23/09/2024,Expenses,,DC,
"bida với tường, phi",-35000,"₫35,000",23/09/2024,Expenses,,Bida,
học phí 2-I,-26447000,"₫26,447,000",23/09/2024,Expenses,BigY,Study,
spotify,-30000,"₫30,000",23/09/2024,Expenses,,Mental,
cầu lông,-30000,"₫30,000",23/09/2024,Expenses,,Badmintion,
4g,-60000,"₫60,000",23/09/2024,Expenses,,Utility,
cơm sườn,-50000,"₫50,000",24/09/2024,Expenses,,AC,
bida với ân,-16000,"₫16,000",24/09/2024,Expenses,,Bida,
gửi xe,-2000,"₫2,000",24/09/2024,Expenses,,Study,
đonà phí,-27000,"₫27,000",25/09/2024,Expenses,,Study,
bida với quỳnh,-20000,"₫20,000",25/09/2024,Expenses,,AV,
mì ý,-15000,"₫15,000",25/09/2024,Expenses,,AC,
bida với ân,-19000,"₫19,000",25/09/2024,Expenses,,Bida,
gửi xe,-2000,"₫2,000",25/09/2024,Expenses,,Study,
cơm sườn,-24000,"₫24,000",25/09/2024,Expenses,,AC,
bánh mì,-12000,"₫12,000",26/09/2024,Expenses,,AC,
bida với ân,-28000,"₫28,000",26/09/2024,Expenses,,Bida,
dầu gọi đầu,-16000,"₫16,000",26/09/2024,Expenses,,Utility,
cafe học bài,-25000,"₫25,000",26/09/2024,Expenses,,Coffee,
miếng rửa chén,-2000,"₫2,000",26/09/2024,Expenses,,Home,
mì ý,-20000,"₫20,000",26/09/2024,Expenses,,AC,
bún riêu,-20000,"₫20,000",26/09/2024,Expenses,,AC,
cam,-8000,"₫8,000",26/09/2024,Expenses,,AV,
bida với ân,-16000,"₫16,000",27/09/2024,Expenses,,Bida,
bún riêu,-25000,"₫25,000",27/09/2024,Expenses,,AC,
cam,-8000,"₫8,000",27/09/2024,Expenses,,AV,
nước mía,-10000,"₫10,000",28/09/2024,Expenses,,AV,
viết,-60000,"₫60,000",28/09/2024,Expenses,,Study,
phí rút tiền,-2200,"₫2,200",28/09/2024,Expenses,,Utility,
gửi xe coop mart,-2000,"₫2,000",28/09/2024,Expenses,,AC,
xăng đi sa đéc,-40000,"₫40,000",28/09/2024,Expenses,,DC,
cầu lông,-31000,"₫31,000",29/09/2024,Expenses,,Badmintion,
xăng việt,-10000,"₫10,000",29/09/2024,Expenses,,DC,
ca fe bột,-13000,"₫13,000",30/09/2024,Expenses,,Coffee,
sữa tươi + mì,-38000,"₫38,000",30/09/2024,Expenses,,AC,
khẩu trang,-11000,"₫11,000",30/09/2024,Expenses,,Utility,
cam cho q,-8000,"₫8,000",01/10/2024,Expenses,,G,
cơm sườn,-24000,"₫24,000",01/10/2024,Expenses,,AC,
phí bảo vệ tk,-3000,"₫3,000",01/10/2024,Expenses,,Utility,
mì hoành,-30000,"₫30,000",01/10/2024,Expenses,,AC,
cam,-8000,"₫8,000",01/10/2024,Expenses,,AV,
bida với ân,-25000,"₫25,000",01/10/2024,Expenses,,Bida,
gửi xe,-6000,"₫6,000",01/10/2024,Expenses,,Study,
bida với quỳnh,-35000,"₫35,000",02/10/2024,Expenses,,G,
bida với quỳnh,-35000,"₫35,000",02/10/2024,Expenses,,Bida,
bida với ân,-19000,"₫19,000",02/10/2024,Expenses,,Bida,
cam,-8000,"₫8,000",02/10/2024,Expenses,,AV,
mì ý,-20000,"₫20,000",02/10/2024,Expenses,,AC,
gửi xe,-1000,"₫1,000",02/10/2024,Expenses,,Study,
khăn giấy,-7000,"₫7,000",02/10/2024,Expenses,,Utility,
bún riu,-30000,"₫30,000",02/10/2024,Expenses,,AC,
sữa tắm,-16000,"₫16,000",02/10/2024,Expenses,,Utility,
bida với béo,-30000,"₫30,000",03/10/2024,Expenses,,Bida,
gửi xe,-4000,"₫4,000",03/10/2024,Expenses,,Study,
cafe bida,-10000,"₫10,000",03/10/2024,Expenses,,Coffee,
bida với ân,-30000,"₫30,000",03/10/2024,Expenses,,Bida,
cơm sườn,-24000,"₫24,000",03/10/2024,Expenses,,AC,
mì ý + nc đá,-21000,"₫21,000",03/10/2024,Expenses,,AC,
xăng về quê,-20000,"₫20,000",04/10/2024,Expenses,,DC,
phí bảo vệ tài khoản,-3000,"₫3,000",04/10/2024,Expenses,,Utility,
mì ý,-20000,"₫20,000",04/10/2024,Expenses,,AC,
bánh mì ăn tối,-12000,"₫12,000",04/10/2024,Expenses,,AC,
gửi xe,-2000,"₫2,000",04/10/2024,Expenses,,Study,
cam,-8000,"₫8,000",04/10/2024,Expenses,,AV,
bánh kem sn NA,-30000,"₫30,000",06/10/2024,Expenses,,RL,
cục sạc,-30000,"₫30,000",06/10/2024,Expenses,,Accident,
xăng qua cantho,-30000,"₫30,000",06/10/2024,Expenses,,DC,
đi sinh nhật NA,-137000,"₫137,000",06/10/2024,Expenses,,RL,
bánh mì,-15000,"₫15,000",07/10/2024,Expenses,,AC,
cơm,-20000,"₫20,000",07/10/2024,Expenses,,AC,
trứng gà nướng,-18000,"₫18,000",07/10/2024,Expenses,,AC,
gym,-20000,"₫20,000",07/10/2024,Expenses,,Gym,
nc cam,-8000,"₫8,000",07/10/2024,Expenses,,AV,
tiền nước ktx,-20000,"₫20,000",07/10/2024,Expenses,,AC,
bánh mì,-15000,"₫15,000",08/10/2024,Expenses,,AC,
cơm dương châu,-22000,"₫22,000",08/10/2024,Expenses,,AC,
gym thang 10,-240000,"₫240,000",08/10/2024,Expenses,Monthly,Gym,
mì tài phát,-30000,"₫30,000",08/10/2024,Expenses,,AC,
gửi xe,-2000,"₫2,000",08/10/2024,Expenses,,Study,
tài liệu,-5000,"₫5,000",08/10/2024,Expenses,,Study,
trứng gà,-12000,"₫12,000",09/10/2024,Expenses,,AC,
cơm chiên,-18000,"₫18,000",09/10/2024,Expenses,,AC,
cơm gà,-20000,"₫20,000",09/10/2024,Expenses,,AC,
điện nc tháng 9,-74000,"₫74,000",09/10/2024,Expenses,Monthly,Home,
gửi xe,-2000,"₫2,000",09/10/2024,Expenses,,Study,
chuối,-7000,"₫7,000",09/10/2024,Expenses,,AC,
nước cam,-8000,"₫8,000",09/10/2024,Expenses,,AV,
dao cạo râu,-8000,"₫8,000",09/10/2024,Expenses,,Utility,
bánh AFC,-15000,"₫15,000",09/10/2024,Expenses,,AV,
gửi xe,-2000,"₫2,000",10/10/2024,Expenses,,Study,
nước cam,-8000,"₫8,000",10/10/2024,Expenses,,AV,
cơm dương châu,-27000,"₫27,000",10/10/2024,Expenses,,AC,
cơm gà,-20000,"₫20,000",10/10/2024,Expenses,,AC,
nước cam,-8000,"₫8,000",11/10/2024,Expenses,,AV,
phở việt,-30000,"₫30,000",11/10/2024,Expenses,,AC,
bánh tiêu,-4000,"₫4,000",11/10/2024,Expenses,,AC,
gửi xe,-2000,"₫2,000",11/10/2024,Expenses,,Study,
xăng,-20000,"₫20,000",11/10/2024,Expenses,,DC,
bún riêu,-20000,"₫20,000",11/10/2024,Expenses,,AC,
bida với ân,-13000,"₫13,000",11/10/2024,Expenses,,Bida,
bánh mì,-8000,"₫8,000",11/10/2024,Expenses,,AC,
nước mía,-7000,"₫7,000",13/10/2024,Expenses,,AV,
bida với tường em,-20000,"₫20,000",13/10/2024,Expenses,,Bida,
xăng,-30000,"₫30,000",13/10/2024,Expenses,,DC,
áo đoàn,-45000,"₫45,000",13/10/2024,Expenses,,Study,
cầu lông,-30000,"₫30,000",13/10/2024,Expenses,,Badmintion,
mì quảng,-40000,"₫40,000",13/10/2024,Expenses,,AC,
cơm chiên,-18000,"₫18,000",14/10/2024,Expenses,,AC,
chối chiên,-8000,"₫8,000",14/10/2024,Expenses,,AV,
sữa tươi + mì,-30000,"₫30,000",14/10/2024,Expenses,,AC,
cold brew,-28000,"₫28,000",14/10/2024,Expenses,,Coffee,
offee bột,-10000,"₫10,000",14/10/2024,Expenses,,Coffee,
xăng,-30000,"₫30,000",14/10/2024,Expenses,,DC,
bánh mì,-15000,"₫15,000",14/10/2024,Expenses,,AC,
nước cam,-8000,"₫8,000",15/10/2024,Expenses,,AV,
mì hoành,-30000,"₫30,000",15/10/2024,Expenses,,AC,
bánh mì + cơm chiên,-33000,"₫33,000",15/10/2024,Expenses,,AC,
gửi xe,-4000,"₫4,000",15/10/2024,Expenses,,Study,
xăng xe ân (đưa dư tiền nc),-9000,"₫9,000",16/10/2024,Expenses,,DC,
cam,-8000,"₫8,000",16/10/2024,Expenses,,AV,
bánh chuối,-7000,"₫7,000",16/10/2024,Expenses,,AC,
cơm gà,-20000,"₫20,000",16/10/2024,Expenses,,AC,
bò né,-36000,"₫36,000",16/10/2024,Expenses,,AC,
gửi xe,-2000,"₫2,000",16/10/2024,Expenses,,Study,
cafe vs ân,-35000,"₫35,000",16/10/2024,Expenses,,Coffee,
bida vs lớp,-11000,"₫11,000",16/10/2024,Expenses,,Bida,
gửi xe,-4000,"₫4,000",17/10/2024,Expenses,,Study,
tài khoản youtube,-16000,"₫16,000",17/10/2024,Expenses,,Study,
bánh mì,-15000,"₫15,000",17/10/2024,Expenses,,AC,
bida với ân,-11000,"₫11,000",17/10/2024,Expenses,,Bida,
bánh AFC + đậu,-25000,"₫25,000",17/10/2024,Expenses,,AC,
mì ý,-20000,"₫20,000",17/10/2024,Expenses,,AC,
xăng,-20000,"₫20,000",18/10/2024,Expenses,,DC,
ép dưa hấu,-10000,"₫10,000",18/10/2024,Expenses,,AV,
đồng hồ,-283064,"₫283,064",18/10/2024,Expenses,BigM,CL,
phí rút tiền,-1100,"₫1,100",18/10/2024,Expenses,,Utility,
sữa chua,-8000,"₫8,000",18/10/2024,Expenses,,AC,
cafe,-13000,"₫13,000",18/10/2024,Expenses,,Mental,
gửi xe,-4000,"₫4,000",18/10/2024,Expenses,,Study,
cơm,-20000,"₫20,000",18/10/2024,Expenses,,AC,
bánh đậu phọng,-10000,"₫10,000",18/10/2024,Expenses,,AV,
khoai,-6000,"₫6,000",19/10/2024,Expenses,,AC,
xăng,-20000,"₫20,000",19/10/2024,Expenses,,DC,
đá banh,-18000,"₫18,000",19/10/2024,Expenses,,Body,
gửi xe,-2000,"₫2,000",19/10/2024,Expenses,,Study,
xoi gấc,-10000,"₫10,000",20/10/2024,Expenses,,AC,
bida với tường,-37000,"₫37,000",20/10/2024,Expenses,,Bida,
xăng,-30000,"₫30,000",20/10/2024,Expenses,,DC,
xin gom,-6000,"₫6,000",21/10/2024,Expenses,,AV,
đậu phọng + sữa,-15000,"₫15,000",21/10/2024,Expenses,,AC,
afe bột,-13000,"₫13,000",21/10/2024,Expenses,,Coffee,
lưới đan vợt,-140000,"₫140,000",21/10/2024,Expenses,BigM,Badmintion,
xăng,-30000,"₫30,000",21/10/2024,Expenses,,DC,
cafe cả tàu,-10000,"₫10,000",21/10/2024,Expenses,,Coffee,
mì + sữa tươi,-67000,"₫67,000",21/10/2024,Expenses,,AC,
cơm,-22000,"₫22,000",21/10/2024,Expenses,,AC,
vé số,-5000,"₫5,000",22/10/2024,Expenses,,Entertainment,
555,-35000,"₫35,000",22/10/2024,Expenses,,Smoking,
khăn giấy,-2000,"₫2,000",22/10/2024,Expenses,,Utility,
gửi xe,-6000,"₫6,000",22/10/2024,Expenses,,Study,
cam,-8000,"₫8,000",22/10/2024,Expenses,,AV,
cơm tắm,-24000,"₫24,000",22/10/2024,Expenses,,AC,
spotify,-30000,"₫30,000",22/10/2024,Expenses,,Mental,
mì hoành,-30000,"₫30,000",22/10/2024,Expenses,,AC,
bida vs ân,-21000,"₫21,000",22/10/2024,Expenses,,Bida,
bánh mì,-8000,"₫8,000",22/10/2024,Expenses,,AC,
bánh mì,-12000,"₫12,000",22/10/2024,Expenses,,AC,
gà jolipi,-60000,"₫60,000",23/10/2024,Expenses,,AC,
khoai,-6000,"₫6,000",23/10/2024,Expenses,,AC,
cam,-8000,"₫8,000",23/10/2024,Expenses,,AV,
cafe nguyễn trãi,-13000,"₫13,000",23/10/2024,Expenses,,Coffee,
phở,-15000,"₫15,000",23/10/2024,Expenses,,AC,
21g 4g,-95000,"₫95,000",23/10/2024,Expenses,,Utility,
gửi xe,-2000,"₫2,000",23/10/2024,Expenses,,Study,
bida với béo,-24000,"₫24,000",23/10/2024,Expenses,,Bida,
má phanh,-240000,"₫240,000",23/10/2024,Expenses,BigM,Utility,
cầu lông,-17000,"₫17,000",24/10/2024,Expenses,,Badmintion,
bánh chuối + xôi,-12000,"₫12,000",24/10/2024,Expenses,,AC,
cơm,-20000,"₫20,000",24/10/2024,Expenses,,AC,
xăng,-20000,"₫20,000",24/10/2024,Expenses,,DC,
bánh mì,-12000,"₫12,000",24/10/2024,Expenses,,AC,
nc cam,-8000,"₫8,000",24/10/2024,Expenses,,AV,
gửi xe,-2000,"₫2,000",24/10/2024,Expenses,,Study,
nước suối,-21000,"₫21,000",24/10/2024,Expenses,,AC,
cơm sườn,-25000,"₫25,000",24/10/2024,Expenses,,AC,
nước suối,-5000,"₫5,000",25/10/2024,Expenses,,AC,
nước cam,-8000,"₫8,000",25/10/2024,Expenses,,AV,
bida với ân,-14000,"₫14,000",25/10/2024,Expenses,,Bida,
xăng,-20000,"₫20,000",25/10/2024,Expenses,,DC,
bún riêu,-25000,"₫25,000",25/10/2024,Expenses,,AC,
xăng,-20000,"₫20,000",27/10/2024,Expenses,,DC,
sữa tươi,-35000,"₫35,000",27/10/2024,Expenses,,AC,
cơm dương châu,-22000,"₫22,000",27/10/2024,Expenses,,AC,
afc,-26000,"₫26,000",27/10/2024,Expenses,,AV,
cơm gà,-20000,"₫20,000",27/10/2024,Expenses,,AC,
cafe deadline,-25000,"₫25,000",27/10/2024,Expenses,,Study,
xôi,-7000,"₫7,000",27/10/2024,Expenses,,AC,
cơm sườn,-24000,"₫24,000",28/10/2024,Expenses,,AC,
cafe bột,-17000,"₫17,000",28/10/2024,Expenses,,Coffee,
trứng gà nướng,-12000,"₫12,000",28/10/2024,Expenses,,AC,
bún riêu,-25000,"₫25,000",28/10/2024,Expenses,,AC,
bida với ân,-38000,"₫38,000",28/10/2024,Expenses,,Bida,
gửi xe,-4000,"₫4,000",28/10/2024,Expenses,,Study,
khoai lan,-6000,"₫6,000",28/10/2024,Expenses,,AC,
đồ vắt cam,-10000,"₫10,000",28/10/2024,Expenses,,Home,
bánh mì,-12000,"₫12,000",29/10/2024,Expenses,,AC,
ép dưa hấu,-15000,"₫15,000",29/10/2024,Expenses,,AV,
khoai + xoi,-13000,"₫13,000",29/10/2024,Expenses,,AC,
mì hoành,-30000,"₫30,000",29/10/2024,Expenses,,AC,
bida với ân,-15000,"₫15,000",29/10/2024,Expenses,,Bida,
bún riêu + nc đá,-26000,"₫26,000",29/10/2024,Expenses,,AC,
gửi xe,-4000,"₫4,000",29/10/2024,Expenses,,Study,
cơm sườn,-24000,"₫24,000",30/10/2024,Expenses,,AC,
rau má,-10000,"₫10,000",30/10/2024,Expenses,,AV,
xúc xích,-24000,"₫24,000",30/10/2024,Expenses,,AC,
kẹo,-6000,"₫6,000",30/10/2024,Expenses,,AV,
bida với ân,-17000,"₫17,000",30/10/2024,Expenses,,Bida,
cơm gà,-20000,"₫20,000",30/10/2024,Expenses,,AC,
bánhbò,-8000,"₫8,000",30/10/2024,Expenses,,AC,
gửi xe,-4000,"₫4,000",30/10/2024,Expenses,,Study,
xoi,-7000,"₫7,000",30/10/2024,Expenses,,AC,
gửi xe,-6000,"₫6,000",31/10/2024,Expenses,,Study,
nước cam,-8000,"₫8,000",31/10/2024,Expenses,,AV,
thịnh ngo+ gửi xe hưng,-4000,"₫4,000",31/10/2024,Expenses,,RL,
cơm sườn + heo quay,-32000,"₫32,000",31/10/2024,Expenses,,AC,
ca phê làm bài,-16000,"₫16,000",31/10/2024,Expenses,,Study,
xoi + khoai lan,-13000,"₫13,000",31/10/2024,Expenses,,AC,
nuosc sối,-10000,"₫10,000",31/10/2024,Expenses,,Utility,
xăng,-30000,"₫30,000",31/10/2024,Expenses,,DC,
bánh mì + mì ý,-27000,"₫27,000",31/10/2024,Expenses,,AC,
bún riêu,-25000,"₫25,000",01/11/2024,Expenses,,AC,
xăng,-10000,"₫10,000",01/11/2024,Expenses,,DC,
khoai,-6000,"₫6,000",01/11/2024,Expenses,,AC,
cầu long,-42000,"₫42,000",01/11/2024,Expenses,,Badmintion,
bida với ân,-17000,"₫17,000",01/11/2024,Expenses,,Bida,
caffe,-19000,"₫19,000",01/11/2024,Expenses,,Coffee,
gửi xe,-2000,"₫2,000",01/11/2024,Expenses,,Study,
cơm sườn,-23000,"₫23,000",04/11/2024,Expenses,,AC,
trứng gà,-12000,"₫12,000",04/11/2024,Expenses,,AC,
xănge,-50000,"₫50,000",04/11/2024,Expenses,,DC,
kem đánh răng,-15000,"₫15,000",04/11/2024,Expenses,,Utility,
sữa tươi + mì,-40000,"₫40,000",04/11/2024,Expenses,,AC,
khoai + soi,-13000,"₫13,000",05/11/2024,Expenses,,AC,
bida với ân,-28000,"₫28,000",05/11/2024,Expenses,,Bida,
bánh mì,-15000,"₫15,000",05/11/2024,Expenses,,AC,
gửi xe,-4000,"₫4,000",05/11/2024,Expenses,,Study,
mì hoành,-30000,"₫30,000",05/11/2024,Expenses,,AC,
bún riêu,-20000,"₫20,000",05/11/2024,Expenses,,AC,
bida với ân,-24000,"₫24,000",06/11/2024,Expenses,,Bida,
trứng gà nướng,-12000,"₫12,000",06/11/2024,Expenses,,AC,
đậu phọng,-10000,"₫10,000",06/11/2024,Expenses,,AV,
dầu gọi,-14000,"₫14,000",06/11/2024,Expenses,,Utility,
cơm sườn,-24000,"₫24,000",06/11/2024,Expenses,,AC,
khoai,-6000,"₫6,000",06/11/2024,Expenses,,AC,
cơm gà,-20000,"₫20,000",06/11/2024,Expenses,,AC,
gửi xe,-4000,"₫4,000",07/11/2024,Expenses,,Study,
khoai,-6000,"₫6,000",07/11/2024,Expenses,,AC,
bánh mì ăn vặt,-7000,"₫7,000",07/11/2024,Expenses,,AV,
cơm gà,-20000,"₫20,000",07/11/2024,Expenses,,AC,
bida với  ân,-16000,"₫16,000",07/11/2024,Expenses,,Bida,
cơm sườn,-24000,"₫24,000",07/11/2024,Expenses,,AC,
bánh bò,-6000,"₫6,000",07/11/2024,Expenses,,AV,
gửi xe,-2000,"₫2,000",08/11/2024,Expenses,,Study,
phở,-30000,"₫30,000",08/11/2024,Expenses,,AC,
xoi + khoai,-13000,"₫13,000",08/11/2024,Expenses,,AC,
xăng,-20000,"₫20,000",08/11/2024,Expenses,,DC,
nước ngọt,-10000,"₫10,000",08/11/2024,Expenses,,AV,
mì ý,-20000,"₫20,000",08/11/2024,Expenses,,AC,
cơm dương châu,-22000,"₫22,000",10/11/2024,Expenses,,AC,
gym tháng 1,-183000,"₫183,000",01/01/2025,Expenses,Monthly,Gym,
xăng,-30000,"₫30,000",10/11/2024,Expenses,,DC,
sữa tươi + mì,-70000,"₫70,000",10/11/2024,Expenses,,AC,
cafe matin,-32000,"₫32,000",10/11/2024,Expenses,,Coffee,
xoi,-7000,"₫7,000",10/11/2024,Expenses,,AC,
nước suối,-10000,"₫10,000",10/11/2024,Expenses,,Utility,
cơm thịt kho tiêu,-26000,"₫26,000",10/11/2024,Expenses,,AC,
gym tháng 11,-184000,"₫184,000",10/11/2024,Expenses,Monthly,Gym,
cơm lê trang,-28000,"₫28,000",11/11/2024,Expenses,,AC,
bánh mì thổ nhĩ kỳ,-25000,"₫25,000",11/11/2024,Expenses,,AC,
khăn giấy,-10000,"₫10,000",11/11/2024,Expenses,,Utility,
phở,-20000,"₫20,000",11/11/2024,Expenses,,AC,
bánh mì tươi,-7000,"₫7,000",11/11/2024,Expenses,,AC,
ca ffe bột,-13000,"₫13,000",11/11/2024,Expenses,,Coffee,
xăng,-20000,"₫20,000",12/11/2024,Expenses,,DC,
bida với ân,-16000,"₫16,000",12/11/2024,Expenses,,Bida,
bánh afc,-15000,"₫15,000",12/11/2024,Expenses,,AV,
xoi,-7000,"₫7,000",12/11/2024,Expenses,,AC,
nước cam hoàng phát,-21000,"₫21,000",12/11/2024,Expenses,,AV,
cơm sườn,-24000,"₫24,000",12/11/2024,Expenses,,AC,
cơm,-28000,"₫28,000",12/11/2024,Expenses,,AC,
bánh bò,-6000,"₫6,000",12/11/2024,Expenses,,AV,
gửi xe,-4000,"₫4,000",12/11/2024,Expenses,,Study,
nước cam cantin,-10000,"₫10,000",12/11/2024,Expenses,,AV,
trà sữa cho q,-32000,"₫32,000",13/11/2024,Expenses,,G,
gửi xe,-4000,"₫4,000",13/11/2024,Expenses,,Study,
trà sữa,-25000,"₫25,000",13/11/2024,Expenses,,AV,
mì ý + nc đá,-21000,"₫21,000",13/11/2024,Expenses,,AC,
xoi + khoai,-13000,"₫13,000",13/11/2024,Expenses,,AC,
combo jolibi,-75000,"₫75,000",13/11/2024,Expenses,,AC,
áo khoác đen,-161000,"₫161,000",13/11/2024,Expenses,BigM,CL,
bida với ân,-17000,"₫17,000",13/11/2024,Expenses,,Bida,
gửi xe,-2000,"₫2,000",14/11/2024,Expenses,,Study,
cơm,-20000,"₫20,000",14/11/2024,Expenses,,AC,
bánh mì,-12000,"₫12,000",14/11/2024,Expenses,,AC,
trà ổi,-26000,"₫26,000",14/11/2024,Expenses,,AV,
cơm sườn,-24000,"₫24,000",14/11/2024,Expenses,,AC,
khoai + bánh chuối,-13000,"₫13,000",14/11/2024,Expenses,,AC,
gửi xe,-2000,"₫2,000",14/11/2024,Expenses,,Study,
nước cam,-8000,"₫8,000",14/11/2024,Expenses,,AV,
phở,-35000,"₫35,000",15/11/2024,Expenses,,AC,
cơm,-20000,"₫20,000",15/11/2024,Expenses,,AC,
bánh mì,-7000,"₫7,000",15/11/2024,Expenses,,AC,
xăng,-20000,"₫20,000",15/11/2024,Expenses,,DC,
phí bảo vệ tk,-3000,"₫3,000",15/11/2024,Expenses,,Utility,
điện nước tháng 10,-95000,"₫95,000",15/11/2024,Expenses,Monthly,Home,
xăng,-20000,"₫20,000",17/11/2024,Expenses,,DC,
lăng nách,-62000,"₫62,000",17/11/2024,Expenses,,Utility,
mì + sữa + cam,-80000,"₫80,000",17/11/2024,Expenses,,AC,
cơm chiên,-22000,"₫22,000",17/11/2024,Expenses,,AC,
iCloud+,-19000,"₫19,000",17/11/2024,Expenses,Monthly,Utility,
bọt giặc + dầu gọi,-20000,"₫20,000",17/11/2024,Expenses,,Utility,
cơm gà,-20000,"₫20,000",17/11/2024,Expenses,,AC,
nuocs ngọt,-15000,"₫15,000",17/11/2024,Expenses,,AV,
xăng,-20000,"₫20,000",17/11/2024,Expenses,,DC,
sữa chua + nc đá,-9000,"₫9,000",17/11/2024,Expenses,,AC,
cafe,-17000,"₫17,000",17/11/2024,Expenses,,Coffee,
bánh mì,-15000,"₫15,000",17/11/2024,Expenses,,AC,
bánh mì heo quay,-15000,"₫15,000",18/11/2024,Expenses,,AC,
trà gừng,-26000,"₫26,000",18/11/2024,Expenses,,Study,
cơm sườn,-25000,"₫25,000",18/11/2024,Expenses,,AC,
bánh mì + nc đá,-9000,"₫9,000",18/11/2024,Expenses,,AC,
ăn sáng,-13000,"₫13,000",18/11/2024,Expenses,,AC,
cơm gà,-20000,"₫20,000",18/11/2024,Expenses,,AC,
xúc xích,-24000,"₫24,000",18/11/2024,Expenses,,AC,
bida vs ân,-20000,"₫20,000",19/11/2024,Expenses,,Bida,
cơm,-24000,"₫24,000",19/11/2024,Expenses,,AC,
nước thùng,-26000,"₫26,000",19/11/2024,Expenses,,Home,
cơm gà lê trang,-35000,"₫35,000",19/11/2024,Expenses,,AC,
khoai lan,-5000,"₫5,000",19/11/2024,Expenses,,AC,
gửi xe,-2000,"₫2,000",19/11/2024,Expenses,,Study,
cơm gà,-20000,"₫20,000",20/11/2024,Expenses,,AC,
bánh mì,-12000,"₫12,000",20/11/2024,Expenses,,AC,
xoi + nc đá,-8000,"₫8,000",20/11/2024,Expenses,,AC,
pocary gym,-15000,"₫15,000",20/11/2024,Expenses,,Gym,
cơm sườn,-24000,"₫24,000",20/11/2024,Expenses,,AC,
bida vs ân,-32000,"₫32,000",20/11/2024,Expenses,,Bida,
gửi xe,-2000,"₫2,000",20/11/2024,Expenses,,Study,
nc suối,-9000,"₫9,000",21/11/2024,Expenses,,Gym,
cơm chiên tiền ký,-40000,"₫40,000",21/11/2024,Expenses,,AC,
bún chả giò,-20000,"₫20,000",21/11/2024,Expenses,,AC,
ăn sáng,-13000,"₫13,000",21/11/2024,Expenses,,AC,
bia dới béo,-15000,"₫15,000",21/11/2024,Expenses,,Bida,
4g tháng 2,-35000,"₫35,000",20/02/2025,Expenses,Monthly,Utility,
4g thang 11,-60000,"₫60,000",21/11/2024,Expenses,,Utility,
4g tháng 1,-60000,"₫60,000",21/01/2025,Expenses,Monthly,Utility,
4g tháng 12,-59000,"₫59,000",22/12/2024,Expenses,Monthly,Utility,
xăng,-20000,"₫20,000",22/11/2024,Expenses,,DC,
xăng,-20000,"₫20,000",22/11/2024,Expenses,,DC,
spotify,-29500,"₫29,500",22/11/2024,Expenses,,Mental,
sữa tuoi + bánh mì,-15000,"₫15,000",22/11/2024,Expenses,,AC,
cơm gà lê trang,-28000,"₫28,000",22/11/2024,Expenses,,AC,
rau má,-6000,"₫6,000",22/11/2024,Expenses,,AV,
trà đào với Q,-38000,"₫38,000",22/11/2024,Expenses,,G,
cơm,-20000,"₫20,000",22/11/2024,Expenses,,AC,
nước ép dưa dấu,-15000,"₫15,000",22/11/2024,Expenses,,AV,
cơm tiền ký,-40000,"₫40,000",24/11/2024,Expenses,,AC,
mì + sữa,-70000,"₫70,000",24/11/2024,Expenses,,AC,
xăng,-30000,"₫30,000",24/11/2024,Expenses,,DC,
sữa tắm,-140000,"₫140,000",24/11/2024,Expenses,,Utility,
cơm gà,-20000,"₫20,000",25/11/2024,Expenses,,AC,
thuốc sức thẹo,-325000,"₫325,000",25/11/2024,Expenses,BigM,Body,
cơm tiền ký,-40000,"₫40,000",25/11/2024,Expenses,,AC,
ăn sáng + nước đá,-14000,"₫14,000",25/11/2024,Expenses,,AC,
ép dưa hấu,-10000,"₫10,000",25/11/2024,Expenses,,AV,
trà sen vs Q,-35000,"₫35,000",26/11/2024,Expenses,,G,
mì hoành,-30000,"₫30,000",26/11/2024,Expenses,,AC,
vé số,-10000,"₫10,000",26/11/2024,Expenses,,Entertainment,
gửi xe,-4000,"₫4,000",26/11/2024,Expenses,,Study,
cơm sườn,-20000,"₫20,000",26/11/2024,Expenses,,AC,
bánh mì,-15000,"₫15,000",26/11/2024,Expenses,,AC,
bida với ân,-25000,"₫25,000",26/11/2024,Expenses,,Bida,
xoi + nc đá,-8000,"₫8,000",26/11/2024,Expenses,,AC,
cơm tiền ký,-40000,"₫40,000",27/11/2024,Expenses,,AC,
cơm gà,-30000,"₫30,000",27/11/2024,Expenses,,AC,
bida với ân,-15000,"₫15,000",27/11/2024,Expenses,,Bida,
bida với ân,-42000,"₫42,000",28/11/2024,Expenses,,Bida,
nước mía,-10000,"₫10,000",28/11/2024,Expenses,,AV,
bida với béo,-38000,"₫38,000",28/11/2024,Expenses,,Bida,
afc,-15000,"₫15,000",28/11/2024,Expenses,,AC,
ca fe sữa,-23000,"₫23,000",28/11/2024,Expenses,,Entertainment,
bún riêu,-25000,"₫25,000",28/11/2024,Expenses,,AC,
pocira tập gym,-22000,"₫22,000",28/11/2024,Expenses,,Gym,
cơm sườn,-24000,"₫24,000",28/11/2024,Expenses,,AC,
thua bài,-11000,"₫11,000",29/11/2024,Expenses,,RL,
bộ bài,-10000,"₫10,000",29/11/2024,Expenses,,RL,
bia min beach,-35000,"₫35,000",29/11/2024,Expenses,,AV,
lẩu với lớp,-40000,"₫40,000",29/11/2024,Expenses,,RL,
cơm lê trang,-34000,"₫34,000",29/11/2024,Expenses,,AC,
xăng,-30000,"₫30,000",29/11/2024,Expenses,,DC,
xoi,-8000,"₫8,000",29/11/2024,Expenses,,AC,
ép dưa hấu,-15000,"₫15,000",29/11/2024,Expenses,,AV,
gửi xe,-5000,"₫5,000",29/11/2024,Expenses,,Study,
bida,-31000,"₫31,000",29/11/2024,Expenses,,Bida,
phí trả sau zalo,-20000,"₫20,000",30/11/2024,Expenses,,Ngu,
cầu lông,-38000,"₫38,000",30/11/2024,Expenses,,Badmintion,
bánh mì ăn sáng,-22000,"₫22,000",30/11/2024,Expenses,,AC,
karaoke với đám tấn phúc,-76000,"₫76,000",03/12/2024,Expenses,,RL,
mèo bạc,-16000,"₫16,000",03/12/2024,Expenses,,Smoking,
bánh mì,-12000,"₫12,000",03/12/2024,Expenses,,AC,
ốp lưng + dán màn,-21000,"₫21,000",03/12/2024,Expenses,,Utility,
gym tháng 12,-183000,"₫183,000",03/12/2024,Expenses,Monthly,Gym,
màn hình,-1155150,"₫1,155,150",03/12/2024,Expenses,BigM,Utility,
bida với ân,-16000,"₫16,000",03/12/2024,Expenses,,Bida,
bún riêu,-20000,"₫20,000",03/12/2024,Expenses,,AC,
cafe,-14000,"₫14,000",03/12/2024,Expenses,,Coffee,
vé số,-10000,"₫10,000",03/12/2024,Expenses,,Entertainment,
sữa tươi,-66000,"₫66,000",03/12/2024,Expenses,,AC,
xăng,-50000,"₫50,000",03/12/2024,Expenses,,DC,
xoi + nc đá,-8000,"₫8,000",04/12/2024,Expenses,,AC,
cơm sườn,-24000,"₫24,000",05/12/2024,Expenses,,AC,
tiền cơm,-24000,"₫24,000",04/12/2024,Expenses,,AC,
cơm đồ xào,-20000,"₫20,000",04/12/2024,Expenses,,AC,
icloud,-19000,"₫19,000",04/12/2024,Expenses,Monthly,Utility,
bánh tráng nướng,-16000,"₫16,000",04/12/2024,Expenses,,AC,
bún chả giò + nc đá,-22000,"₫22,000",05/12/2024,Expenses,,AC,
bảo vệ tài khoản,-3000,"₫3,000",05/12/2024,Expenses,,Utility,
cơm nấm,-45000,"₫45,000",05/12/2024,Expenses,,AC,
xoi + nc đá,-8000,"₫8,000",06/12/2024,Expenses,,AC,
ktx hk1 24-25,-204000,"₫204,000",23/08/2024,Expenses,Monthly,Home,
ktx hk1 24-25,-204000,"₫204,000",20/09/2024,Expenses,Monthly,Home,
ktx hk1 24-25,-204000,"₫204,000",25/10/2024,Expenses,Monthly,Home,
ktx hk1 24-25,-204000,"₫204,000",15/11/2024,Expenses,Monthly,Home,
ktx hk1 24-25,-204000,"₫204,000",03/12/2024,Expenses,Monthly,Home,
KTX 1-II,-265416,"₫265,416",01/01/2024,Expenses,Monthly,Home,
KTX 1-II,-265416,"₫265,416",01/02/2024,Expenses,Monthly,Home,
KTX 1-II,-265416,"₫265,416",01/03/2024,Expenses,Monthly,Home,
KTX 1-II,-265416,"₫265,416",01/04/2024,Expenses,Monthly,Home,
KTX 1-II,-265416,"₫265,416",20/12/2023,Expenses,Monthly,Home,
cơm đồ xào,-20000,"₫20,000",06/12/2024,Expenses,,AC,
cơm tiền ký,-40000,"₫40,000",06/12/2024,Expenses,,AC,
bánh tráng nướng,-15000,"₫15,000",06/12/2024,Expenses,,AC,
shop 6/12,69482,"₫69,482",06/12/2024,In-come,,,Salary
xoi + nc đá,-8000,"₫8,000",07/12/2024,Expenses,,AC,
coffee,-17000,"₫17,000",07/12/2024,Expenses,,Coffee,
gửi xe hội thảo,-2000,"₫2,000",07/12/2024,Expenses,,Study,
nam á bank tạo tk lấy ly nước ,-50000,"₫50,000",07/12/2024,Expenses,,Ngu,
revai,-11000,"₫11,000",07/12/2024,Expenses,,RL,
lẩu chay,-29000,"₫29,000",07/12/2024,Expenses,,AC,
xăng,-10000,"₫10,000",07/12/2024,Expenses,,DC,
gửi xe hội thảo,-5000,"₫5,000",07/12/2024,Expenses,,RL,
cơm gà,-20000,"₫20,000",07/12/2024,Expenses,,AC,
nước ép dưa hấu,-15000,"₫15,000",07/12/2024,Expenses,,AV,
cơm + nc đá,-21000,"₫21,000",08/12/2024,Expenses,,AC,
cơm gà lê trang,-28000,"₫28,000",08/12/2024,Expenses,,AC,
trứng gà nướng,-18000,"₫18,000",08/12/2024,Expenses,,AC,
shopee 8/12,73602,"₫73,602",08/12/2024,In-come,,,Salary
xoi + mì + nc đá,-23000,"₫23,000",09/12/2024,Expenses,,AC,
cơm gà,-20000,"₫20,000",09/12/2024,Expenses,,AC,
cơm tiền ký,-40000,"₫40,000",09/12/2024,Expenses,,AC,
nhậu với phòng ,-40000,"₫40,000",09/12/2024,Expenses,,Entertainment,
xoi + nc đá,-8000,"₫8,000",10/12/2024,Expenses,,AC,
nuôi,-20000,"₫20,000",10/12/2024,Expenses,,AC,
cháo bịch,-7000,"₫7,000",10/12/2024,Expenses,,AC,
lương shop,66036,"₫66,036",10/12/2024,In-come,,,Salary
xoi,-7000,"₫7,000",11/12/2024,Expenses,,AC,
xăng về quê,-30000,"₫30,000",11/12/2024,Expenses,,DC,
xin mẹ tiền xăng,40000,"₫40,000",13/12/2024,In-come,,,Family
cơm gà chiên bột,-20000,"₫20,000",13/12/2024,Expenses,,AC,
xăng,-20000,"₫20,000",14/12/2024,Expenses,,DC,
xoi + cơm,-27000,"₫27,000",14/12/2024,Expenses,,AC,
cầu lông,-27000,"₫27,000",14/12/2024,Expenses,,Badmintion,
bida với kiên,-60000,"₫60,000",18/12/2024,Expenses,,Bida,
xăng đi cantho,-22000,"₫22,000",18/12/2024,Expenses,,DC,
nc cam,-8000,"₫8,000",18/12/2024,Expenses,,AV,
dưa hấu việt em,-10000,"₫10,000",18/12/2024,Expenses,,RL,
chuối nướng,-10000,"₫10,000",18/12/2024,Expenses,,AV,
bida với kiên,-20000,"₫20,000",21/12/2024,Expenses,,Bida,
xăng,-20000,"₫20,000",21/12/2024,Expenses,,DC,
xin mẹ đánh cầu,56625,"₫56,625",22/12/2024,In-come,,,Family
cầu lông,-39000,"₫39,000",22/12/2024,Expenses,,Badmintion,
Spotify monthly,-29500,"₫29,500",22/12/2024,Expenses,Monthly,Mental,
bánh tráng nướng,-15000,"₫15,000",22/12/2024,Expenses,,AC,
bida vs a thành,-41000,"₫41,000",24/12/2024,Expenses,,Bida,
bánh chợ nha mân,-20000,"₫20,000",24/12/2024,Expenses,,RL,
nước tự động,-10000,"₫10,000",24/12/2024,Expenses,,AV,
xăng,-10000,"₫10,000",24/12/2024,Expenses,,DC,
xin mẹ đóng ktx,1050000,"₫1,050,000",25/12/2024,In-come,,,Family
ktx tháng 1,-328500,"₫328,500",01/01/2025,Expenses,Monthly,Home,
ktx tháng 2,-328000,"₫328,000",01/02/2025,Expenses,Monthly,Home,
ktx tháng 3,-328000,"₫328,000",01/03/2025,Expenses,Monthly,Home,
ktx tháng 4,-328000,"₫328,000",01/04/2025,Expenses,Monthly,Home,
bida với a thành,-40000,"₫40,000",26/12/2024,Expenses,,Bida,
bánh mì ,-15000,"₫15,000",26/12/2024,Expenses,,AV,
điện nước,-94000,"₫94,000",15/11/2024,Expenses,Monthly,Home,
xin mẹ tiền đi học,91000,"₫91,000",30/12/2024,In-come,,,Family
xăng đi học,-30000,"₫30,000",31/12/2024,Expenses,,DC,
nước suối + gửi xe,-10000,"₫10,000",31/12/2024,Expenses,,Study,
coffee,-16000,"₫16,000",31/12/2024,Expenses,,Coffee,
bida với a thành,-44000,"₫44,000",31/12/2024,Expenses,,Bida,
bánh bimbim,-14000,"₫14,000",31/12/2024,Expenses,,AV,
xin mẹ tiền đi học,350000,"₫350,000",02/01/2025,In-come,,,Family
xăng,-30000,"₫30,000",02/01/2025,Expenses,,DC,
gửi xe 2-II,-34000,"₫34,000",02/01/2025,Expenses,Monthly,Home,
gửi xe 2-II,-33000,"₫33,000",02/02/2025,Expenses,Monthly,Home,
gửi xe 2-II,-33000,"₫33,000",02/03/2025,Expenses,Monthly,Home,
cơm gà lê trang,-28000,"₫28,000",02/01/2025,Expenses,,AC,
bida vs ân,-39000,"₫39,000",02/01/2025,Expenses,,Bida,
gửi xe ,-2000,"₫2,000",02/01/2025,Expenses,,Study,
thuốc lá,-24000,"₫24,000",02/01/2025,Expenses,,Smoking,
cafe đá banh,-16000,"₫16,000",02/01/2025,Expenses,,Entertainment,
cơm sườn,-24000,"₫24,000",02/01/2025,Expenses,,AC,
bánh mì,-12000,"₫12,000",02/01/2025,Expenses,,AC,
cơm gà + sườn,-52000,"₫52,000",03/01/2025,Expenses,,AC,
bida với ân,-25000,"₫25,000",03/01/2025,Expenses,,Bida,
ân bao bida,10000,"₫10,000",03/01/2025,In-come,,,Anh em
bánh mì căn tin,-18000,"₫18,000",03/01/2025,Expenses,,AC,
xin mẹ ,105819,"₫105,819",05/01/2025,In-come,,,Family
xoi + bánh mì,-14000,"₫14,000",04/01/2025,Expenses,,AC,
gửi xe,-2000,"₫2,000",04/01/2025,Expenses,,Study,
xăng,-60000,"₫60,000",04/01/2025,Expenses,,DC,
nước mía + đồ chiên,-15000,"₫15,000",04/01/2025,Expenses,,AV,
cầu lông,-35000,"₫35,000",04/01/2025,Expenses,,Badmintion,
bida với tường em,-30000,"₫30,000",04/01/2025,Expenses,,Bida,
xin mẹ tiền ăn,370000,"₫370,000",06/01/2025,In-come,,,Family
dượng 9 cho,200000,"₫200,000",06/01/2025,In-come,,,Clan
cơm + bánh mì,-32000,"₫32,000",06/01/2025,Expenses,,AC,
bida với ân,-25000,"₫25,000",06/01/2025,Expenses,,Bida,
iClond+,-19000,"₫19,000",06/01/2025,Expenses,Monthly,Utility,
bảo vệ tài khoản,-3000,"₫3,000",06/01/2025,Expenses,,Utility,
ăn sáng + bún riêu + cơm tắm,-64000,"₫64,000",07/01/2025,Expenses,,AC,
uống nước với q,-45000,"₫45,000",07/01/2025,Expenses,,G,
bida với ân,-25000,"₫25,000",07/01/2025,Expenses,,Bida,
quỷ nước,-20000,"₫20,000",07/01/2025,Expenses,,AC,
xăng,-20000,"₫20,000",07/01/2025,Expenses,,DC,
ăn sáng + cơm trưa + phở + mì,-65000,"₫65,000",08/01/2025,Expenses,,AC,
đậu phọng ,-12000,"₫12,000",08/01/2025,Expenses,,AV,
cafe căn tin,-14000,"₫14,000",09/01/2025,Expenses,,Coffee,
cơm trưa + bò né + bánh bò,-66000,"₫66,000",09/01/2025,Expenses,,AC,
bida ,-25000,"₫25,000",09/01/2025,Expenses,,Bida,
điện nước tháng 1,-70000,"₫70,000",19/02/2025,Expenses,Monthly,Home,
bún xào + bún đậu + bún riếu + bánh tráng nướng + bánh mì,-100000,"₫100,000",10/01/2025,Expenses,,AC,
bida với ân,-25000,"₫25,000",10/01/2025,Expenses,,Bida,
gửi xe,-8000,"₫8,000",10/01/2025,Expenses,,Study,
đá banh vs lớp,-50000,"₫50,000",10/01/2025,Expenses,,Sport,
xăng,-30000,"₫30,000",11/01/2025,Expenses,,DC,
mì căn tin + khoai,-31000,"₫31,000",11/01/2025,Expenses,,AC,
giày adidas,-756000,"₫756,000",11/01/2025,Expenses,BigM,CL,
xin tiền tuần,500000,"₫500,000",13/01/2025,In-come,,,Family
"xin mẹ tiền xăng, ăn",80000,"₫80,000",14/01/2025,In-come,,,Family
cơm + mì + sữa,-58000,"₫58,000",14/01/2025,Expenses,,AC,
bida với ân,-25000,"₫25,000",14/01/2025,Expenses,,Bida,
xoi + xúc xích + 2cơm+ nước suối + bánh mì,-95000,"₫95,000",15/01/2025,Expenses,,AC,
cafe căn tin,-14000,"₫14,000",15/01/2025,Expenses,,Coffee,
gửi xe,-6000,"₫6,000",15/01/2025,Expenses,,Study,
khăn giấy,-7000,"₫7,000",15/01/2025,Expenses,,Body,
bida với ân,-16000,"₫16,000",15/01/2025,Expenses,,Bida,
xăng,-30000,"₫30,000",15/01/2025,Expenses,,DC,
"cơm ba rọi, cơm sườn, bánh mì căn tin, kẹo ho + bánh đề thám",-76000,"₫76,000",16/01/2025,Expenses,,AC,
bida với ân,-50000,"₫50,000",16/01/2025,Expenses,,Bida,
cafe với phúc,-20000,"₫20,000",16/01/2025,Expenses,,Coffee,
hớt tóc ,-35000,"₫35,000",16/01/2025,Expenses,,Body,
a ba hiếu cho,300000,"₫300,000",18/01/2025,In-come,,,Clan
cầu lông,-70000,"₫70,000",16/01/2025,Expenses,,Badmintion,
xăng,-30000,"₫30,000",16/01/2025,Expenses,,DC,
sigon melon,-24000,"₫24,000",16/01/2025,Expenses,,Smoking,
1 áo thun + 2 quần,-745000,"₫745,000",16/01/2025,Expenses,BigM,CL,
xin mẹ tiền đi chơi,114000,"₫114,000",18/01/2025,In-come,,,Family
xin mẹ tiền đi chơi,358922,"₫358,922",19/01/2025,In-come,,,Family
đá banh,-23000,"₫23,000",19/01/2025,Expenses,,Sport,
cơm sườn,-24000,"₫24,000",19/01/2025,Expenses,,AC,
uống nc với béo + tường ,-30000,"₫30,000",19/01/2025,Expenses,,RL,
chapman,-45000,"₫45,000",19/01/2025,Expenses,,Smoking,
xăng,-20000,"₫20,000",20/01/2025,Expenses,,DC,
bida với tường em,-27000,"₫27,000",20/01/2025,Expenses,,Bida,
nước mía + đồ chiên,-20000,"₫20,000",20/01/2025,Expenses,,AV,
cafe hạnh nhân vs tường,-37000,"₫37,000",21/01/2025,Expenses,,RL,
bún đậu,-55000,"₫55,000",21/01/2025,Expenses,,AC,
cầu lông,-41000,"₫41,000",23/01/2025,Expenses,,Badmintion,
Spotify monthly,-29500,"₫29,500",24/01/2025,Expenses,Monthly,Mental,
đá banh,-10000,"₫10,000",25/01/2025,Expenses,,Sport,
cầu lông,-26000,"₫26,000",25/01/2025,Expenses,,Badmintion,
tiền nc bida,-15000,"₫15,000",25/01/2025,Expenses,,RL,
mẹ lì xì tết,567000,"₫567,000",25/01/2025,In-come,,,Family
xăng,-30000,"₫30,000",26/01/2025,Expenses,,DC,
nước với đám linh + thua bài,-60000,"₫60,000",26/01/2025,Expenses,,RL,
chicken+ ,-60000,"₫60,000",26/01/2025,Expenses,,AC,
thuốc lá,-37000,"₫37,000",26/01/2025,Expenses,,Smoking,
mì + sưa tươi,-68000,"₫68,000",26/01/2025,Expenses,,AC,
cầu lông,-20000,"₫20,000",27/01/2025,Expenses,,AC,
nước với đám kiên,-17000,"₫17,000",27/01/2025,Expenses,,RL,
bánh bao,-16000,"₫16,000",27/01/2025,Expenses,,AC,
bánh mì ăn sáng,-15000,"₫15,000",27/01/2025,Expenses,,AC,
net với a thành,-35000,"₫35,000",28/01/2025,Expenses,,RL,
mì trứng,-18000,"₫18,000",28/01/2025,Expenses,,AC,
xăng,-40000,"₫40,000",31/01/2025,Expenses,,DC,
nc với đám linh,-52000,"₫52,000",31/01/2025,Expenses,,RL,
bánh bao,-8000,"₫8,000",31/01/2025,Expenses,,AC,
lì xì,760000,"₫760,000",31/01/2025,In-come,,,Clan
bida với tường em,-39000,"₫39,000",01/02/2025,Expenses,,Bida,
tường em: bida,-20000,"₫20,000",01/02/2025,Expenses,,RL,
xin mẹ tiền đi chơi,50000,"₫50,000",02/02/2025,In-come,,,Family
"hủ tiếu với hiếu, như",-40000,"₫40,000",01/02/2025,Expenses,,AC,
xăng,-70000,"₫70,000",01/02/2025,Expenses,,DC,
nước sa đéc,-24000,"₫24,000",01/02/2025,Expenses,,RL,
xin mẹ tiền ăn,524000,"₫524,000",02/02/2025,In-come,,,Family
ngũ cốc  + mì u don,-61000,"₫61,000",03/02/2025,Expenses,,AC,
nước với Q,-30000,"₫30,000",03/02/2025,Expenses,,RL,
coi phim + kara nhóm linh + sữa chua đá,-147000,"₫147,000",04/02/2025,Expenses,,RL,
jolibe + bahs ích ,-93000,"₫93,000",04/02/2025,Expenses,,AC,
xăng,-40000,"₫40,000",04/02/2025,Expenses,,DC,
đề anh văn + gửi xe,-76000,"₫76,000",04/02/2025,Expenses,,Study,
bida với béo,-25000,"₫25,000",04/02/2025,Expenses,,RL,
"bánh mì +mì căn tin + cơm gà, mì ý",-104000,"₫104,000",05/02/2025,Expenses,,AC,
ép dưa hấu,-15000,"₫15,000",05/02/2025,Expenses,,AV,
thuốc lá,-85000,"₫85,000",05/02/2025,Expenses,,Smoking,
lê trang + cơm sườn + bánh trang nướng,-69000,"₫69,000",06/02/2025,Expenses,,AC,
iCloud+,-19000,"₫19,000",06/02/2025,Expenses,Monthly,Utility,
lê trang + cơm gà + sữa tươi + ngũ cóc,-72000,"₫72,000",07/02/2025,Expenses,,AC,
bida vs ân,-25000,"₫25,000",07/02/2025,Expenses,,Bida,
khăn giấy,-14000,"₫14,000",07/02/2025,Expenses,,Utility,
mì hoành + lê trang + sữa tươi + nc suối + bánh mì,-101000,"₫101,000",08/02/2025,Expenses,,AC,
bida với ân,-25000,"₫25,000",08/02/2025,Expenses,,Bida,
xăng,-30000,"₫30,000",08/02/2025,Expenses,,DC,
đá banh,-15000,"₫15,000",09/02/2025,Expenses,,Sport,
sinh tố xoài,-15000,"₫15,000",09/02/2025,Expenses,,AV,
xăng,-30000,"₫30,000",10/02/2025,Expenses,,DC,
gửi xe đi học,-8000,"₫8,000",10/02/2025,Expenses,,Study,
cơm gà,-29000,"₫29,000",10/02/2025,Expenses,,AC,
xin mẹ tiền tuần,470000,"₫470,000",10/02/2025,In-come,,,Family
kính chiếu hậu + phí rút tiền,-124900,"₫124,900",10/02/2025,Expenses,BigM,Utility,
uống nc làm bài,-26000,"₫26,000",10/02/2025,Expenses,,Study,
bún chả giò + cơm sườn,-45000,"₫45,000",11/02/2025,Expenses,,AC,
ép táo,-18000,"₫18,000",11/02/2025,Expenses,,AV,
bida với ân,-10000,"₫10,000",11/02/2025,Expenses,,Bida,
cơm,-40000,"₫40,000",12/02/2025,Expenses,,AC,
sinh tố xoày + đậu phọng,-25000,"₫25,000",12/02/2025,Expenses,,AV,
ép táo học bài,-20000,"₫20,000",12/02/2025,Expenses,,RL,
tập + gửi xe,-20000,"₫20,000",12/02/2025,Expenses,,Study,
cơm + phở + bánh ướt,-64000,"₫64,000",13/02/2025,Expenses,,AC,
ép táo,-15000,"₫15,000",13/02/2025,Expenses,,AV,
bida với ân,-25000,"₫25,000",13/02/2025,Expenses,,Bida,
lê trang + bún chả + cơm nắm,-65000,"₫65,000",14/02/2025,Expenses,,AC,
rau má dừa,-10000,"₫10,000",14/02/2025,Expenses,,AV,
bida với béo,-24000,"₫24,000",14/02/2025,Expenses,,Bida,
bún riu + cơm,-51000,"₫51,000",15/02/2025,Expenses,,AC,
bida với ân,-25000,"₫25,000",15/02/2025,Expenses,,Bida,
xăng về quê,-30000,"₫30,000",15/02/2025,Expenses,,DC,
học phí toeic,-2000000,"₫2,000,000",15/02/2025,Expenses,BigY,English,
xin mẹ tiền tuân,440000,"₫440,000",17/02/2025,In-come,,,Family
cơm gà+ hột gà,-41000,"₫41,000",17/02/2025,Expenses,,AC,
gửi xe,-16000,"₫16,000",17/02/2025,Expenses,,Study,
bida với ân,-25000,"₫25,000",17/02/2025,Expenses,,Bida,
cơm + phở + hột gà + ăn sáng,-65000,"₫65,000",18/02/2025,Expenses,,AC,
ép táo + rau má,-33000,"₫33,000",18/02/2025,Expenses,,AV,
xăng,-30000,"₫30,000",18/02/2025,Expenses,,DC,
khăn giấy,-8000,"₫8,000",19/02/2025,Expenses,,Utility,
bida với ân,-25000,"₫25,000",19/02/2025,Expenses,,Bida,
lê trang + sữa + bánh mì ngọt + cơm căn tin+ ăn sáng,-84000,"₫84,000",19/02/2025,Expenses,,AC,
nón bảo hiểm,-325000,"₫325,000",19/02/2025,Expenses,BigM,CL,
điện nước tháng 12,-48000,"₫48,000",09/01/2025,Expenses,Monthly,Home,
photo tài liệu chủ nghĩa + gửi xe,-17000,"₫17,000",19/02/2025,Expenses,,Study,
lỗ tiền MWG,-137000,"₫137,000",19/02/2025,Expenses,,Ngu,
cơm + bún + xúc xích,-64000,"₫64,000",20/02/2025,Expenses,,AC,
bida với ân,-25000,"₫25,000",20/02/2025,Expenses,,Bida,
sinh tố xoài,-15000,"₫15,000",20/02/2025,Expenses,,AV,
áo đá banh ,-100000,"₫100,000",20/02/2025,Expenses,,CL,
xoi + cơm sườn +cơm nắm ,-91000,"₫91,000",21/02/2025,Expenses,,AC,
bida với ân,-25000,"₫25,000",21/02/2025,Expenses,,Bida,
xăng,-30000,"₫30,000",22/02/2025,Expenses,,DC,
bida với tường em,-35000,"₫35,000",22/02/2025,Expenses,,Bida,
học phí 2-II,21569000,"₫21,569,000",24/02/2025,In-come,BigY,,Family
nước mía vs đám triết ,-9000,"₫9,000",24/02/2025,Expenses,,AV,
cơm sườn,-27000,"₫27,000",24/02/2025,Expenses,,AC,
cafe bột,-19000,"₫19,000",25/02/2025,Expenses,,Coffee,
ngũ cốc + cơm + bún,-51000,"₫51,000",25/02/2025,Expenses,,AC,
Spotify monthly,-29500,"₫29,500",25/02/2025,Expenses,Monthly,Utility,
cơm căn tin + cơm sườn,-54000,"₫54,000",26/02/2025,Expenses,,AC,
bida với ân,-29000,"₫29,000",26/02/2025,Expenses,,Bida,
"cơm căn tin, bún, xoi, ",-56000,"₫56,000",27/02/2025,Expenses,,AC,
milo dầm+ cam,-20000,"₫20,000",27/02/2025,Expenses,,AV,
khăn giấy,-6000,"₫6,000",27/02/2025,Expenses,,Utility,
cơm sườn,-50000,"₫50,000",28/02/2025,Expenses,,AC,
ép táo,-18000,"₫18,000",28/02/2025,Expenses,,AV,
gửi xe,-8000,"₫8,000",28/02/2025,Expenses,,Study,
cơm + soi,-58000,"₫58,000",01/03/2025,Expenses,,AC,
bida với ân,-25000,"₫25,000",01/03/2025,Expenses,,Bida,
xăng về quê,-3000,"₫3,000",01/03/2025,Expenses,,DC,
cam vắt,-10000,"₫10,000",01/03/2025,Expenses,,AV,
học phí 2-II,-20737000,"₫20,737,000",01/03/2025,Expenses,BigY,Study,
tiền ăn,700000,"₫700,000",02/03/2025,In-come,,,Family
mì + sữa,-70000,"₫70,000",03/03/2025,Expenses,,AC,
kem đánh răng,-30000,"₫30,000",03/03/2025,Expenses,,Body,
cơm,-25000,"₫25,000",03/03/2025,Expenses,,AC,
xăng,-30000,"₫30,000",03/03/2025,Expenses,,DC,
bida với ân,-25000,"₫25,000",03/03/2025,Expenses,,Bida,
cơm + lặp xưởng,-66000,"₫66,000",04/03/2025,Expenses,,AC,
icloud ,-19000,"₫19,000",04/03/2025,Expenses,Monthly,Utility,
cơm + bún + nc suối,-57000,"₫57,000",05/03/2025,Expenses,,AC,
bida với ân,-28000,"₫28,000",05/03/2025,Expenses,,Bida,
gửi xe,-13000,"₫13,000",05/03/2025,Expenses,,Study,
xoi + cơm,-58000,"₫58,000",06/03/2025,Expenses,,AC,
chìa khóa xe,-50000,"₫50,000",06/03/2025,Expenses,,Utility,
nước học bài,-25000,"₫25,000",06/03/2025,Expenses,,RL,
bảo vệ tài khoản,-2975,"₫2,975",04/03/2025,Expenses,Monthly,Utility,
cơm trưa + lê trang,-53000,"₫53,000",07/03/2025,Expenses,,AC,
cơm,-28000,"₫28,000",08/03/2025,Expenses,,AC,
bida với ân,-20000,"₫20,000",08/03/2025,Expenses,,Bida,
bida với kiên phương,-25000,"₫25,000",08/03/2025,Expenses,,Bida,
xăng,-20000,"₫20,000",08/03/2025,Expenses,,DC,
xăng,-30000,"₫30,000",10/03/2025,Expenses,,DC,
hớt tóc ,-35000,"₫35,000",10/03/2025,Expenses,,Body,
mì + sữa + ngũ cóc + cơm,-145000,"₫145,000",10/03/2025,Expenses,,AC,
cầu lôgn,-24000,"₫24,000",09/03/2025,Expenses,,Badmintion,
dầu gọi,-30000,"₫30,000",10/03/2025,Expenses,,Body,
xin tiền tuần,590000,"₫590,000",10/03/2025,In-come,,,Family
bida với ân,-25000,"₫25,000",10/03/2025,Expenses,,Bida,
phí thường niên - vietinbank,-73000,"₫73,000",11/03/2025,Expenses,Annual,Utility,
cơm + nc đá + cơm,-45000,"₫45,000",11/03/2025,Expenses,,AC,
cơm,-55000,"₫55,000",12/03/2025,Expenses,,AC,
đá banh + nc ,-17000,"₫17,000",12/03/2025,Expenses,,Sport,
bida với ân + béo,-45000,"₫45,000",12/03/2025,Expenses,,Bida,
xin tiền tuần,500000,"₫500,000",14/03/2025,In-come,,,Family
cơm + xoi,-55000,"₫55,000",13/03/2025,Expenses,,AC,
cháo sò + chuối,-76000,"₫76,000",14/03/2025,Expenses,,AC,
tàu hủ + nc dừa,-27000,"₫27,000",14/03/2025,Expenses,,AV,
thuốc,-14000,"₫14,000",14/03/2025,Expenses,,Accident,
cơm + bánh mì + sữa chua,-94000,"₫94,000",15/03/2025,Expenses,,AC,
slide + gửi xe,-32000,"₫32,000",15/03/2025,Expenses,,Study,
cafe,-18000,"₫18,000",15/03/2025,Expenses,,Coffee,
cacao muóio,-40000,"₫40,000",15/03/2025,Expenses,,G,
bánh mì,-12000,"₫12,000",16/03/2025,Expenses,,AC,
xăng,-20000,"₫20,000",16/03/2025,Expenses,,DC,
xăng,-20000,"₫20,000",17/03/2025,Expenses,,DC,
cơm,-20000,"₫20,000",17/03/2025,Expenses,,AC,
xin mẹ tiền tuần,630000,"₫630,000",17/03/2025,In-come,,,Family
tiền nước,-30000,"₫30,000",17/03/2025,Expenses,,AC,
xăng,-20000,"₫20,000",18/03/2025,Expenses,,DC,
dì út cho tiền,100000,"₫100,000",18/03/2025,In-come,,,Clan
bánh mì + cơm + sữa chua,-60000,"₫60,000",18/03/2025,Expenses,,AC,
cf vs q,-28000,"₫28,000",18/03/2025,Expenses,,G,
ốp lưng,-43000,"₫43,000",18/03/2025,Expenses,,Utility,
bida với ân,-25000,"₫25,000",19/03/2025,Expenses,,Bida,
căn tin + cơm sườn + bánh mì,-52000,"₫52,000",19/03/2025,Expenses,,AC,
tàu hủ,-12000,"₫12,000",19/03/2025,Expenses,,AV,
bún đậu + bánh mì + nc đá + sữa chua + ba,-58000,"₫58,000",20/03/2025,Expenses,,AC,
bida với ân,-21000,"₫21,000",20/03/2025,Expenses,,Bida,
gửi xe đi học,-6000,"₫6,000",20/03/2025,Expenses,,Study,
bánh osi,-6000,"₫6,000",20/03/2025,Expenses,,AV,
bida với ân,-25000,"₫25,000",21/03/2025,Expenses,,Bida,
bánh mì + jolibi + bún,-127000,"₫127,000",21/03/2025,Expenses,,AC,
chuối chiên + bánh mì + bánh trứng,-48000,"₫48,000",22/03/2025,Expenses,,AC,
sinh tố đu đủ,-15000,"₫15,000",21/03/2025,Expenses,,AC,
bida với kiên,-23000,"₫23,000",22/03/2025,Expenses,,Bida,
xin mẹ tiền ăn,500000,"₫500,000",25/03/2025,In-come,,,Family
xăng,-30000,"₫30,000",25/03/2025,Expenses,,DC,
bánh mì + sữa chua,-29000,"₫29,000",25/03/2025,Expenses,,AC,
tiền điện nước tháng 2,-90000,"₫90,000",25/03/2025,Expenses,Monthly,Home,
bida với ân,-25000,"₫25,000",26/03/2025,Expenses,,Bida,
cháo sò + bánh mì + cơm căn tin,-71000,"₫71,000",26/03/2025,Expenses,,AC,
tàu hủ,-12000,"₫12,000",26/03/2025,Expenses,,AV,
khăn giấy,-7000,"₫7,000",26/03/2025,Expenses,,Utility,
bánh mì + cơm tiền ký,-74000,"₫74,000",27/03/2025,Expenses,,AC,
bánh mì ngọt + sinh tố đu đủ,-23000,"₫23,000",27/03/2025,Expenses,,AV,
bida với ân,-25000,"₫25,000",27/03/2025,Expenses,,Bida,
mùng,-104000,"₫104,000",27/03/2025,Expenses,BigM,Home,
cơm,-40000,"₫40,000",28/03/2025,Expenses,,AC,
latte học bài + ân + hưng,-25000,"₫25,000",28/03/2025,Expenses,,RL,
sinh tố đu đủ,-15000,"₫15,000",28/03/2025,Expenses,,AV,
cơm + chuối + sữa,-56000,"₫56,000",29/03/2025,Expenses,,AC,
sinh tố,-15000,"₫15,000",29/03/2025,Expenses,,AV,
cơm căn tin,-40000,"₫40,000",30/03/2025,Expenses,,AC,
xin mẹ tiền ăn tuần,500000,"₫500,000",30/03/2025,In-come,,,Family
tàu hủ,-12000,"₫12,000",30/03/2025,Expenses,,AV,
cơm,-40000,"₫40,000",31/03/2025,Expenses,,AC,
sinh tố,-12000,"₫12,000",31/03/2025,Expenses,,AV,
21G 4G,-60000,"₫60,000",31/03/2025,Expenses,Monthly,Utility,
gửi xe,-2000,"₫2,000",31/03/2025,Expenses,,Study,
áo sơ mi trắng,-310000,"₫310,000",31/03/2025,Expenses,BigM,CL,
cơm căn tin + cơm sườn,-45000,"₫45,000",01/04/2025,Expenses,,AC,
bida với ân,-25000,"₫25,000",01/04/2025,Expenses,,Bida,
bida với ân,-25000,"₫25,000",02/04/2025,Expenses,,Bida,
cơm + mì cay,-75000,"₫75,000",02/04/2025,Expenses,,AC,
bún riêu + bánh mì + comw,-57000,"₫57,000",03/04/2025,Expenses,,AC,
bida với ân,-25000,"₫25,000",03/04/2025,Expenses,,Bida,
sinh tố dừa + bow + bánh,-37000,"₫37,000",03/04/2025,Expenses,,AV,
xăng,-20000,"₫20,000",04/04/2025,Expenses,,DC,
bánh mì,-12000,"₫12,000",04/04/2025,Expenses,,AC,
xin tiền tuần,540000,"₫540,000",08/04/2025,In-come,,,Family
cầu lông,-41000,"₫41,000",07/04/2025,Expenses,,Badmintion,
xăng,-20000,"₫20,000",07/04/2025,Expenses,,DC,
cầu lông,-36000,"₫36,000",05/04/2025,Expenses,,Badmintion,
nc mía + đồ chiên,-20000,"₫20,000",05/04/2025,Expenses,,AV,
cơm,-40000,"₫40,000",08/04/2025,Expenses,,AC,
sinh tố đu đủ,-13000,"₫13,000",08/04/2025,Expenses,,AV,
jolibi + cơm,-95000,"₫95,000",09/04/2025,Expenses,,AC,
cafe học bài,-18000,"₫18,000",09/04/2025,Expenses,,RL,
xang,-30000,"₫30,000",09/04/2025,Expenses,,DC,
bánh mì,-12000,"₫12,000",10/04/2025,Expenses,,AC,
bida với ân,-25000,"₫25,000",10/04/2025,Expenses,,Bida,
xin mẹ tiền tuần,250000,"₫250,000",11/04/2025,In-come,,,Family
xăng,-30000,"₫30,000",11/04/2025,Expenses,,DC,
sinh tố đu đủ,-13000,"₫13,000",11/04/2025,Expenses,,AV,
sinh nhật hiếu,-10000,"₫10,000",11/04/2025,Expenses,,RL,
gửi xe,-2000,"₫2,000",11/04/2025,Expenses,,Study,
bida với béo,-15000,"₫15,000",11/04/2025,Expenses,,Bida,
bánh mì ăn sáng,-15000,"₫15,000",12/04/2025,Expenses,,AC,
xin mẹ tiền tuần,400000,"₫400,000",16/04/2025,In-come,,,Family
xăng,-30000,"₫30,000",15/04/2025,Expenses,,DC,
đề toeic,-38000,"₫38,000",15/04/2025,Expenses,,Study,
khăn giấy,-8000,"₫8,000",15/04/2025,Expenses,,Utility,
bánh mì + sữa tươi,-18000,"₫18,000",15/04/2025,Expenses,,AC,
cafe ,-17000,"₫17,000",16/04/2025,Expenses,,Coffee,
nước đá + khoai lan,-8000,"₫8,000",16/04/2025,Expenses,,AC,
điện nước tháng 3,-100000,"₫100,000",16/04/2025,Expenses,Monthly,Home,
đồ ăn + khoai,-33000,"₫33,000",17/04/2025,Expenses,,AC,
bida với béo,-22000,"₫22,000",17/04/2025,Expenses,,Bida,
bida với ân,-25000,"₫25,000",18/04/2025,Expenses,,Bida,
cơm tiền ký + khoai+ sữa tươi+ xoi,-64000,"₫64,000",18/04/2025,Expenses,,AC,
tàu hủ,-12000,"₫12,000",18/04/2025,Expenses,,AV,
hamburgor + bánh ăn sáng + gửi xe + nước đá,-62000,"₫62,000",19/04/2025,Expenses,,AC,
bida với ân,-25000,"₫25,000",19/04/2025,Expenses,,Bida,
bida với ân,-25000,"₫25,000",20/04/2025,Expenses,,Bida,
chuối chiên + bánh tiêu,-15000,"₫15,000",20/04/2025,Expenses,,AC,
gửi xe,-4000,"₫4,000",20/04/2025,Expenses,,Study,
cầu lông,-20000,"₫20,000",21/04/2025,Expenses,,Badmintion,
đổ xăng,-20000,"₫20,000",21/04/2025,Expenses,,DC,
xin mẹ tiền tuần,323000,"₫323,000",22/04/2025,In-come,,,Family
đồ ăn,-10000,"₫10,000",22/04/2025,Expenses,,AC,
cầu lông,-22000,"₫22,000",23/04/2025,Expenses,,Badmintion,
nước mắn + ức gà + bánh cam + khoai lan + cơm + muối iot,-64000,"₫64,000",23/04/2025,Expenses,,AC,
xăng,-30000,"₫30,000",23/04/2025,Expenses,,DC,
bida với béo,-30000,"₫30,000",23/04/2025,Expenses,,Bida,
đồ ăn + bánh mì,-38000,"₫38,000",24/04/2025,Expenses,,AC,
sữa chua + ăn sáng + nc đá,-30000,"₫30,000",25/04/2025,Expenses,,AC,
tàu hủ,-12000,"₫12,000",24/04/2025,Expenses,,AV,
xăng,-30000,"₫30,000",27/04/2025,Expenses,,DC,
xin mẹ tiền ktx,1533000,"₫1,533,000",27/04/2025,In-come,,,Family
dép,-26000,"₫26,000",27/04/2025,Expenses,,CL,
bida với kiên,-30000,"₫30,000",27/04/2025,Expenses,,Bida,
bida với a thành,-30000,"₫30,000",28/04/2025,Expenses,,Bida,
xin mẹ tiền xăng,93000,"₫93,000",28/04/2025,In-come,,,Family
"cầu lông, quấn cán",-56000,"₫56,000",29/04/2025,Expenses,,Badmintion,
nước mía,-5000,"₫5,000",29/04/2025,Expenses,,AV,
ktx 2-III tháng 5,-328000,"₫328,000",01/05/2025,Expenses,Monthly,Home,
ktx 2-III tháng 6,-328000,"₫328,000",01/06/2025,Expenses,Monthly,Home,
ktx 2-III tháng 7,-328000,"₫328,000",01/07/2025,Expenses,Monthly,Home,
ktx 2-III tháng 8,-328000,"₫328,000",01/08/2025,Expenses,Monthly,Home,
cầu lông,-31000,"₫31,000",30/04/2025,Expenses,,Badmintion,
bida với béo tường,-27000,"₫27,000",30/04/2025,Expenses,,Bida,
bánh bao,-8000,"₫8,000",30/04/2025,Expenses,,AC,
bánh mì tập gym,-10000,"₫10,000",02/05/2025,Expenses,,AC,
xin mẹ tiền ăn,250000,"₫250,000",02/05/2025,In-come,,,Family
21G 4G,-47000,"₫47,000",02/05/2025,Expenses,Monthly,Utility,
gửi xe,-12000,"₫12,000",03/05/2025,Expenses,,Home,
sinh tố xoài + sữa chua,-25000,"₫25,000",02/05/2025,Expenses,,AV,
nón kết,-121000,"₫121,000",03/05/2025,Expenses,,CL,
cà chua + khoai + xúc xích + xoi,-68000,"₫68,000",03/05/2025,Expenses,,AC,
tàu hủ,-12000,"₫12,000",03/05/2025,Expenses,,AV,
tàu hủ cho béo + gửi xe hưng,-14000,"₫14,000",03/05/2025,Expenses,,RL,
bida với béo,-20000,"₫20,000",03/05/2025,Expenses,,Bida,
xin mẹ tiền ăn,400000,"₫400,000",04/05/2025,In-come,,,Family
matcha latte,-19000,"₫19,000",04/05/2025,Expenses,,AV,
nước ktx + nc đá + tiền cơm,-49000,"₫49,000",05/05/2025,Expenses,,AC,
mua tủ của phúc,-500000,"₫500,000",05/05/2025,Expenses,BigM,Home,
kệ để đồ bếp,-79000,"₫79,000",05/05/2025,Expenses,BigM,Home,
xe 2-III,-25000,"₫25,000",01/07/2025,Expenses,Monthly,Home,
xe 2-III,-25000,"₫25,000",01/08/2025,Expenses,Monthly,Home,
xe 2-III,-25000,"₫25,000",01/06/2025,Expenses,Monthly,Home,
xe 2-III,-25000,"₫25,000",01/05/2025,Expenses,Monthly,Home,
bida với hưng thịnh,-21000,"₫21,000",05/05/2025,Expenses,,Bida,
tàu hủ,-12000,"₫12,000",05/05/2025,Expenses,,AV,
xăng,-30000,"₫30,000",05/05/2025,Expenses,,DC,
bánh + sữa đậu nành,-25000,"₫25,000",06/05/2025,Expenses,,AV,
cơm ktx,-32000,"₫32,000",06/05/2025,Expenses,,AC,
tiền phà,-15000,"₫15,000",07/05/2025,Expenses,,DC,
xin mẹ ,300000,"₫300,000",07/05/2025,In-come,,,Family
phở + mì,-86000,"₫86,000",07/05/2025,Expenses,,AC,
vé xẻo quýt + xuồng ,-54000,"₫54,000",07/05/2025,Expenses,,RL,
xăng,-20000,"₫20,000",07/05/2025,Expenses,,DC,
vé xem phim,-55000,"₫55,000",07/05/2025,Expenses,,RL,
cafe muối,-20000,"₫20,000",07/05/2025,Expenses,,Coffee,
đồ ăn vặt + bánh papa bee,-40000,"₫40,000",07/05/2025,Expenses,,AV,
xăng,-40000,"₫40,000",09/05/2025,Expenses,,DC,
xin mẹ tiền xăng,35000,"₫35,000",09/05/2025,In-come,,,Family
cafe đợi mẹ,-18000,"₫18,000",09/05/2025,Expenses,,Coffee,
bida với kiên,-68000,"₫68,000",09/05/2025,Expenses,,Bida,
giá đũa + sạn + khổ trang,-40000,"₫40,000",09/05/2025,Expenses,,Utility,
sữa + mì + xúc xích,-89000,"₫89,000",09/05/2025,Expenses,,AC,
bánh ,-14000,"₫14,000",09/05/2025,Expenses,,AV,
tập vở,-38000,"₫38,000",09/05/2025,Expenses,,Study,
xin mẹ tiền tuần,217000,"₫217,000",10/05/2025,In-come,,,Family
"bida với béo, thịnh hưng",-22000,"₫22,000",10/05/2025,Expenses,,Bida,
cơm dương châu + nc đá,-22000,"₫22,000",10/05/2025,Expenses,,AC,
gửi xe,-4000,"₫4,000",10/05/2025,Expenses,,Study,
bida với thịnh hưng,-22000,"₫22,000",11/05/2025,Expenses,,Bida,
pocarri,-22000,"₫22,000",11/05/2025,Expenses,,Body,
bida với hưng thịnh,-25000,"₫25,000",12/05/2025,Expenses,,Bida,
nc đá,-5000,"₫5,000",12/05/2025,Expenses,,AC,
cà chua + khoai lan + trứng + chuối chiên + nc đá + chuối,-82000,"₫82,000",13/05/2025,Expenses,,AC,
phin cà phê,-20000,"₫20,000",13/05/2025,Expenses,,Coffee,
đồ rửa chén,-2000,"₫2,000",13/05/2025,Expenses,,Utility,
bida với ân,-28000,"₫28,000",13/05/2025,Expenses,,Bida,
bida với ân,-93000,"₫93,000",14/05/2025,Expenses,,Bida,
sinh tố + sin gom,-21000,"₫21,000",14/05/2025,Expenses,,AV,
khăn giấy ,-15000,"₫15,000",14/05/2025,Expenses,,Utility,
giáo trình,-54000,"₫54,000",14/05/2025,Expenses,,Study,
gạo + xúc xích + bánh vòng + bắp + nc đá,-41000,"₫41,000",15/05/2025,Expenses,,AC,
cafe,-12000,"₫12,000",15/05/2025,Expenses,,Coffee,
gửi xe,-6000,"₫6,000",15/05/2025,Expenses,,Study,
bắp + nuôi + đồ ăn sáng + ăn trưa FPT,-72000,"₫72,000",16/05/2025,Expenses,,AC,
bida với béo,-38000,"₫38,000",16/05/2025,Expenses,,Bida,
bida với ân,-25000,"₫25,000",15/05/2025,Expenses,,Bida,
xăng,-30000,"₫30,000",15/05/2025,Expenses,,DC,
c2,-10000,"₫10,000",17/05/2025,Expenses,,AV,
cafe,-15000,"₫15,000",18/05/2025,Expenses,,Coffee,
ăn sáng,-5000,"₫5,000",18/05/2025,Expenses,,AC,
phở việt,-30000,"₫30,000",19/05/2025,Expenses,,AC,
xin mẹ tiền ăn,20000,"₫20,000",19/05/2025,In-come,,,Family
tiền điện nc tháng 4,-180000,"₫180,000",19/05/2025,Expenses,Monthly,Home,
xăng,-20000,"₫20,000",20/05/2025,Expenses,,DC,
xin tiền tuần,370000,"₫370,000",20/05/2025,In-come,,,Family
nạp tiền đt,-10000,"₫10,000",20/05/2025,Expenses,,Utility,
"bida với ân, đám triết hào",-35000,"₫35,000",20/05/2025,Expenses,,Bida,
xúc xíc + trứng + sữa + ,-73000,"₫73,000",20/05/2025,Expenses,,AC,
rổ,-20000,"₫20,000",20/05/2025,Expenses,,Utility,
coca,-11000,"₫11,000",20/05/2025,Expenses,,AV,
bánh cam,-5000,"₫5,000",21/05/2025,Expenses,,AC,
bida với ân,-30000,"₫30,000",21/05/2025,Expenses,,Bida,
cafe,-18000,"₫18,000",21/05/2025,Expenses,,Coffee,
gửi xe,-4000,"₫4,000",21/05/2025,Expenses,,Study,
nước đá + cháo + bún + cơm,-73000,"₫73,000",22/05/2025,Expenses,,AC,
bida với ân,-23000,"₫23,000",22/05/2025,Expenses,,Bida,
giáo trinh tư tưởng,-10000,"₫10,000",23/05/2025,Expenses,,Study,
ăn sáng + nc đá,-14000,"₫14,000",23/05/2025,Expenses,,AC,
khóa học titv,-25000,"₫25,000",23/05/2025,Expenses,,Study,
bida vs ân,-25000,"₫25,000",23/05/2025,Expenses,,Bida,
xăng,-20000,"₫20,000",23/05/2025,Expenses,,DC,
sinh tố,-15000,"₫15,000",23/05/2025,Expenses,,AV,
sinh tố đu đủ,-15000,"₫15,000",24/05/2025,Expenses,,AV,
xăng,-20000,"₫20,000",26/05/2025,Expenses,,DC,
sót + xx + sữa + dầu ăn,-101000,"₫101,000",26/05/2025,Expenses,,AC,
100g cafe,-14000,"₫14,000",26/05/2025,Expenses,,Coffee,
rổ,-4000,"₫4,000",26/05/2025,Expenses,,Home,
mẹ cho,388000,"₫388,000",26/05/2025,In-come,,,Family
đồ ăn sáng + nc đá + cơm,-23000,"₫23,000",28/05/2025,Expenses,,AC,
bida với ân,-25000,"₫25,000",28/05/2025,Expenses,,Bida,
ân thiếu: chưa rõ lý do,-25000,"₫25,000",28/05/2025,Expenses,,Accident,
cafe trung nguyên,-18000,"₫18,000",28/05/2025,Expenses,,Coffee,
tàu hủ,-10000,"₫10,000",28/05/2025,Expenses,,AV,
bida với ân,-50000,"₫50,000",28/05/2025,Expenses,,Bida,
jolibi,-70000,"₫70,000",28/05/2025,Expenses,,AC,
chưa rõ lý do,-22000,"₫22,000",28/05/2025,Expenses,,Accident,
cafe,-18000,"₫18,000",30/05/2025,Expenses,,Coffee,
bida với ân,-25000,"₫25,000",30/05/2025,Expenses,,Bida,
acroutic,-55000,"₫55,000",30/05/2025,Expenses,,RL,
xăng,-20000,"₫20,000",30/05/2025,Expenses,,DC,
ăn sáng + nc đá,-3000,"₫3,000",30/05/2025,Expenses,,AC,
sữa đậu nành,-10000,"₫10,000",30/05/2025,Expenses,,AV,
bánh mì,-12000,"₫12,000",31/05/2025,Expenses,,AC,
gửi xe,-2000,"₫2,000",31/05/2025,Expenses,,Study,
cầu lông,-78000,"₫78,000",01/06/2025,Expenses,,Badmintion,
hớt tóc,-55000,"₫55,000",01/06/2025,Expenses,,Body,
nc mía,-10000,"₫10,000",01/06/2025,Expenses,,RL,
hủ tiếu,-15000,"₫15,000",01/06/2025,Expenses,,AV,
xin mẹ tiền đánh cầu,120000,"₫120,000",01/06/2025,In-come,,,Family
xăng,-20000,"₫20,000",01/06/2025,Expenses,,DC,
xin mẹ tiền tuàn,420000,"₫420,000",02/06/2025,In-come,,,Family
sữa,-33000,"₫33,000",02/06/2025,Expenses,,AC,
xăng,-30000,"₫30,000",02/06/2025,Expenses,,DC,
khẩu trang,-10000,"₫10,000",02/06/2025,Expenses,,Utility,
"bida với triết,…",-35000,"₫35,000",03/06/2025,Expenses,,Bida,
nc đá,-1000,"₫1,000",03/06/2025,Expenses,,AC,
bún cua,-25000,"₫25,000",04/06/2025,Expenses,,AC,
cà chua + trứng + gạo + nc đá,-51000,"₫51,000",04/06/2025,Expenses,,AC,
bida với ân  + béo,-45000,"₫45,000",04/06/2025,Expenses,,Bida,
xoi + nc đá + bún riêu,-34000,"₫34,000",05/06/2025,Expenses,,AC,
gửi xe,-4000,"₫4,000",05/06/2025,Expenses,,Study,
bida với ân,-25000,"₫25,000",05/06/2025,Expenses,,Bida,
tàu hủ,-12000,"₫12,000",05/06/2025,Expenses,,AV,
sinh tố đu đủ,-15000,"₫15,000",06/06/2025,Expenses,,AC,
bida với béo,-36000,"₫36,000",06/06/2025,Expenses,,Bida,
cầu lông,-50000,"₫50,000",07/06/2025,Expenses,,Badmintion,
xăng,-20000,"₫20,000",07/06/2025,Expenses,,DC,
xoi,-5000,"₫5,000",07/06/2025,Expenses,,AC,
xin mẹ ,160000,"₫160,000",07/06/2025,In-come,,,Family
xin mẹ ,71000,"₫71,000",09/06/2025,In-come,,,Family
bida với tường,-62000,"₫62,000",09/06/2025,Expenses,,Bida,
cầu lông,-32000,"₫32,000",09/06/2025,Expenses,,Badmintion,
nước mía,-5000,"₫5,000",09/06/2025,Expenses,,AV,
xin mẹ tiền ăn,350000,"₫350,000",10/06/2025,In-come,,,Family
xăng,-20000,"₫20,000",10/06/2025,Expenses,,DC,
bida với béo,-28000,"₫28,000",10/06/2025,Expenses,,Bida,
ăn sáng + trứng,-28000,"₫28,000",11/06/2025,Expenses,,AC,
cafe,-18000,"₫18,000",11/06/2025,Expenses,,Coffee,
điện thoại,-10000,"₫10,000",11/06/2025,Expenses,,Utility,
tàu hủ,-15000,"₫15,000",10/06/2025,Expenses,,AV,
jolibi vs ân,-72000,"₫72,000",11/06/2025,Expenses,,AC,
bida với ân,-30000,"₫30,000",11/06/2025,Expenses,,Bida,
sinh tố,-13000,"₫13,000",11/06/2025,Expenses,,AV,
xoi,-9000,"₫9,000",12/06/2025,Expenses,,AC,
gửi xe,-2000,"₫2,000",12/06/2025,Expenses,,Study,
bida với ân,-25000,"₫25,000",12/06/2025,Expenses,,Bida,
xin mẹ tiền đánh cầu,80000,"₫80,000",15/06/2025,In-come,,,Family
xăng,-20000,"₫20,000",13/06/2025,Expenses,,DC,
cầu lông,-75000,"₫75,000",14/06/2025,Expenses,,Badmintion,
bida ,-20000,"₫20,000",14/06/2025,Expenses,,Bida,
bánh mì,-15000,"₫15,000",14/06/2025,Expenses,,AC,
4g,-60000,"₫60,000",15/06/2025,Expenses,,Utility,
thiếu tường,15000,"₫15,000",15/06/2025,In-come,,,Anh em
xăng,-50000,"₫50,000",18/06/2025,Expenses,,DC,
cf,-14000,"₫14,000",18/06/2025,Expenses,,Coffee,
điện nước tháng 5,-116000,"₫116,000",18/06/2025,Expenses,Monthly,Home,
xin mẹ tiền tuần,410000,"₫410,000",18/06/2025,In-come,,,Family
bida với béo,-52000,"₫52,000",18/06/2025,Expenses,,Bida,
bida với ân,-41000,"₫41,000",20/06/2025,Expenses,,Bida,
gửi xe,-1000,"₫1,000",20/06/2025,Expenses,,Study,
trứng + nc đá + ăn sáng,-21000,"₫21,000",20/06/2025,Expenses,,AC,
lượm,200000,"₫200,000",20/06/2025,In-come,,,Luck
cf + mua  cf bột,-15000,"₫15,000",21/06/2025,Expenses,,Coffee,
bơi,-40000,"₫40,000",21/06/2025,Expenses,,Swimming,
bida với béo,-27000,"₫27,000",21/06/2025,Expenses,,Bida,
B1+ Gia Việt,-2800000,"₫2,800,000",22/06/2025,Expenses,BigY,English,
cầu lông vs việt,-25000,"₫25,000",22/06/2025,Expenses,,Badmintion,
cf đợi mẹ,-10000,"₫10,000",23/06/2025,Expenses,,Coffee,
xin mẹ tiền tuần,410000,"₫410,000",23/06/2025,In-come,,,Family
bida với béo,-28000,"₫28,000",23/06/2025,Expenses,,Bida,
xăng,-50000,"₫50,000",23/06/2025,Expenses,,DC,
tiền nước ktx,-22000,"₫22,000",23/06/2025,Expenses,,Home,
"15 cà chua, 20 khoai, 30 trứng",-65000,"₫65,000",24/06/2025,Expenses,,AC,
cafe trung nguyên 100g,-18000,"₫18,000",24/06/2025,Expenses,,Coffee,
dao cạo râu,-8000,"₫8,000",24/06/2025,Expenses,,Body,
nước đám triết,-12000,"₫12,000",24/06/2025,Expenses,,RL,
nước đá + mì udon,-56000,"₫56,000",25/06/2025,Expenses,,AC,
bida với ân,-80000,"₫80,000",25/06/2025,Expenses,,Bida,
tài liệ + gửi xe,-22000,"₫22,000",25/06/2025,Expenses,,Study,
xoi + nc đá,-9000,"₫9,000",26/06/2025,Expenses,,AC,
bida với ân,-36000,"₫36,000",26/06/2025,Expenses,,Bida,
bơi,-42000,"₫42,000",27/06/2025,Expenses,,Swimming,
dép,-116000,"₫116,000",27/06/2025,Expenses,BigM,CL,
kính bơi + bóng,-115000,"₫115,000",27/06/2025,Expenses,BigM,Swimming,
sữa tươi,-10000,"₫10,000",27/06/2025,Expenses,,AC,
tàu hủ + ăn sáng  + nc đá,-19000,"₫19,000",28/06/2025,Expenses,,AC,
sữa tươi + trứng + cà chua,-57000,"₫57,000",01/07/2025,Expenses,,AC,
cafe đợi mẹ + cf 100g,-27000,"₫27,000",01/07/2025,Expenses,,Coffee,
xin mẹ tiền tuần,427000,"₫427,000",01/07/2025,In-come,,,Family
xăng,-50000,"₫50,000",01/07/2025,Expenses,,DC,
bida với kiên,-13000,"₫13,000",29/06/2025,Expenses,,Bida,
bida với ân,-25000,"₫25,000",01/07/2025,Expenses,,Bida,
gửi xe,-2000,"₫2,000",01/07/2025,Expenses,,Study,
khăn giấy,-14000,"₫14,000",02/07/2025,Expenses,,Home,
nước đá,-2000,"₫2,000",02/07/2025,Expenses,,AC,
bơi ,-40000,"₫40,000",03/07/2025,Expenses,,Swimming,
bida với ân,-58000,"₫58,000",03/07/2025,Expenses,,Bida,
mì udon + nc đá,-63000,"₫63,000",03/07/2025,Expenses,,AC,
cafe bột,-18000,"₫18,000",03/07/2025,Expenses,,Coffee,
tàu hủ,-12000,"₫12,000",03/07/2025,Expenses,,AV,
bida với béo,-55000,"₫55,000",02/07/2025,Expenses,,Bida,
cầu lông,-19000,"₫19,000",04/07/2025,Expenses,,Badmintion,
xăng,-30000,"₫30,000",07/07/2025,Expenses,,DC,
 cafe 100g,-14000,"₫14,000",07/07/2025,Expenses,,Coffee,
mì,-18000,"₫18,000",07/07/2025,Expenses,,AC,
khẩu trang,-10000,"₫10,000",07/07/2025,Expenses,,Utility,
xin mẹ tiền tuần,460000,"₫460,000",06/07/2025,In-come,,,Family
xin mẹ tiền Gia Việt,2800000,"₫2,800,000",06/07/2025,In-come,BigY,,Family
bánh mì + trứng + cà chua + nc đá,-76000,"₫76,000",07/07/2025,Expenses,,AC,
bida với thịnh,-30000,"₫30,000",06/07/2025,Expenses,,Bida,
bơi ,-40000,"₫40,000",07/07/2025,Expenses,,Swimming,
quỷ lớp,-12000,"₫12,000",06/07/2025,Expenses,,Study,
bida với ân,-29000,"₫29,000",07/07/2025,Expenses,,Bida,
bida với thiên,-13000,"₫13,000",08/07/2025,Expenses,,Bida,
cơm sườn,-27000,"₫27,000",09/07/2025,Expenses,,AC,
bida với ân,-37000,"₫37,000",09/07/2025,Expenses,,Bida,
cầu lông,-38000,"₫38,000",10/07/2025,Expenses,,Badmintion,
cơm trưa + soi + gửi xe,-30500,"₫30,500",10/07/2025,Expenses,,AC,
Spotify monthly,-29500,"₫29,500",10/07/2025,Expenses,Monthly,Mental,
xin mẹ thêm tiền ăn,200000,"₫200,000",11/07/2025,In-come,,,Family
sinh tố đu đủ,-13000,"₫13,000",11/07/2025,Expenses,,AV,
lăn + dầu thơm + ddvs,-190000,"₫190,000",11/07/2025,Expenses,BigM,Body,
thuốc lá,-18000,"₫18,000",10/07/2025,Expenses,,Smoking,
bơi,-40000,"₫40,000",11/07/2025,Expenses,,Swimming,
tàu hủ,-12000,"₫12,000",11/07/2025,Expenses,,AV,
gửi xe,-4000,"₫4,000",11/07/2025,Expenses,,Study,
raw coffee,-30000,"₫30,000",12/07/2025,Expenses,,RL,
chuối chiên + bánh tiêu,-12000,"₫12,000",12/07/2025,Expenses,,AC,
bida với thịnh,-18000,"₫18,000",12/07/2025,Expenses,,Bida,
bún,-15000,"₫15,000",12/07/2025,Expenses,,AC,
xoi,-5000,"₫5,000",13/07/2025,Expenses,,AC,
coffee 100g,-18000,"₫18,000",13/07/2025,Expenses,,Coffee,
giải cầu lông,75000,"₫75,000",13/07/2025,In-come,,,Salary
xăng,-20000,"₫20,000",13/07/2025,Expenses,,DC,
học phí 2-III,12000000,"₫12,000,000",14/07/2025,In-come,BigY,,Family
xin mẹ tiền ăn,394000,"₫394,000",14/07/2025,In-come,,,Family
điện nước tháng 6,-164000,"₫164,000",14/07/2025,Expenses,Monthly,Home,
xăng,-40000,"₫40,000",14/07/2025,Expenses,,DC,
coffee học bài + gửi xe,-26000,"₫26,000",15/07/2025,Expenses,,Study,
bida với béo + khánh,-89000,"₫89,000",15/07/2025,Expenses,,Bida,
trứng +  cà chua + nc đá + ăn sáng + bánh,-64000,"₫64,000",15/07/2025,Expenses,,AC,
tàu hủ,-12000,"₫12,000",15/07/2025,Expenses,,AV,
sinh tố đu đủ + dừa,-28000,"₫28,000",17/07/2025,Expenses,,AV,
bơi,-40000,"₫40,000",17/07/2025,Expenses,,Swimming,
bánh mì c1,-15000,"₫15,000",17/07/2025,Expenses,,AC,
gửi xe,-4000,"₫4,000",17/07/2025,Expenses,,Study,
cafe đợi mẹ,-15000,"₫15,000",18/07/2025,Expenses,,Coffee,
bánh mì ăn sáng,-12000,"₫12,000",18/07/2025,Expenses,,AC,
bơi,-40000,"₫40,000",21/07/2025,Expenses,,Swimming,
xin tiền tuần,103000,"₫103,000",21/07/2025,In-come,,,Family
bánh tiêu,-12000,"₫12,000",21/07/2025,Expenses,,AC,
bida với thịnh,-25000,"₫25,000",21/07/2025,Expenses,,Bida,
cafe + nc đá,-19000,"₫19,000",22/07/2025,Expenses,,Coffee,
trứng + cà chua + gạo,-70000,"₫70,000",23/07/2025,Expenses,,AC,
xăng,-40000,"₫40,000",23/07/2025,Expenses,,DC,
xin mẹ tiền tuần,370000,"₫370,000",23/07/2025,In-come,,,Family
gửi xe,-2000,"₫2,000",23/07/2025,Expenses,,Study,
bơi,-40000,"₫40,000",24/07/2025,Expenses,,Swimming,
bún đậu + xoi + nc đá,-48000,"₫48,000",24/07/2025,Expenses,,AC,
bida với ân,-44000,"₫44,000",24/07/2025,Expenses,,Bida,
hớt tóc,-50000,"₫50,000",24/07/2025,Expenses,,Body,
bánh mì + nc đá,-13000,"₫13,000",25/07/2025,Expenses,,AC,
bida với thịnh,-32000,"₫32,000",26/07/2025,Expenses,,Bida,
sinh tố đu đủ+ tàu hủ,-25000,"₫25,000",26/07/2025,Expenses,,AV,
bánh mì ăn sáng,-9000,"₫9,000",26/07/2025,Expenses,,AC,
xăng,-20000,"₫20,000",26/07/2025,Expenses,,DC,
cafe + nc đá,-19000,"₫19,000",27/07/2025,Expenses,,Coffee,
sữa tươi,-10000,"₫10,000",27/07/2025,Expenses,,AC,
xăng,-30000,"₫30,000",27/07/2025,Expenses,,DC,
xin tiền tuần,200000,"₫200,000",27/07/2025,In-come,,,Family
"
Điều chỉnh chênh lệch thực tế hoặc Tổng chi phí nhỏ không ghi nhận",-7703005,"₫7,703,005",01/01/2022,Expenses,,,
trứng + cà + tỏi + dầu ăn,-44000,"₫44,000",28/07/2025,Expenses,,AC,
bida với béo,-41000,"₫41,000",28/07/2025,Expenses,,Bida,
ăn sáng + trưa,-21000,"₫21,000",29/07/2025,Expenses,,AC,
bơi,-40000,"₫40,000",28/07/2025,Expenses,,Swimming,
xăng,-30000,"₫30,000",31/07/2025,Expenses,,DC,
trứng + gạo + sưa tươi,-86000,"₫86,000",31/07/2025,Expenses,,AC,
cafe,-14000,"₫14,000",31/07/2025,Expenses,,Coffee,
xin mẹ tiền tuần,270000,"₫270,000",31/07/2025,In-come,,,Family
bida với ân,-35000,"₫35,000",31/07/2025,Expenses,,Bida,
mì udon,-62000,"₫62,000",31/07/2025,Expenses,,AC,
tàu hủ,-13000,"₫13,000",31/07/2025,Expenses,,AV,
đồ ăn sáng,-7000,"₫7,000",01/08/2025,Expenses,,AC,
bơi,-40000,"₫40,000",02/08/2025,Expenses,,Swimming,
sữa + đồ ăn sáng,-45000,"₫45,000",05/08/2025,Expenses,,AC,
sinh tố ,-15000,"₫15,000",02/08/2025,Expenses,,AV,
xăng,-40000,"₫40,000",05/08/2025,Expenses,,DC,
cafe,-15000,"₫15,000",05/08/2025,Expenses,,Coffee,
osi,-10000,"₫10,000",05/08/2025,Expenses,,AV,
xin mẹ tiền tuần,307000,"₫307,000",05/08/2025,In-come,,,Family
gửi xe,-6000,"₫6,000",05/08/2025,Expenses,,Study,
bida với ân + béo,-65000,"₫65,000",05/08/2025,Expenses,,Bida,
bơi,-40000,"₫40,000",06/08/2025,Expenses,,Swimming,
ăn sáng + ăn trựa,-37000,"₫37,000",07/08/2025,Expenses,,AC,
bida với ân,-40000,"₫40,000",07/08/2025,Expenses,,Bida,
tàu hủ + sinh tố bơ,-29000,"₫29,000",07/08/2025,Expenses,,AV,
xin mẹ tiền tuần,302000,"₫302,000",08/08/2025,In-come,,,Family
xăng,-30000,"₫30,000",08/08/2025,Expenses,,DC,
điện nước tháng 7,-125000,"₫125,000",10/08/2025,Expenses,Monthly,Home,
xăng,-40000,"₫40,000",11/08/2025,Expenses,,DC,
xin mẹ tiền tuần,350000,"₫350,000",11/08/2025,In-come,,,Family
trứng + cà chua + cá + ỏi + chuối,-51000,"₫51,000",11/08/2025,Expenses,,AC,
bida với ân,-44000,"₫44,000",12/08/2025,Expenses,,Bida,
bida với ân,-40000,"₫40,000",13/08/2025,Expenses,,Bida,
ăn sáng + nc đá,-9000,"₫9,000",13/08/2025,Expenses,,AC,
"nươc cam, ăn cuối kỳ",-28000,"₫28,000",13/08/2025,Expenses,,RL,
khăn giấy,-8000,"₫8,000",13/08/2025,Expenses,,Utility,
tàu hủ,-15000,"₫15,000",13/08/2025,Expenses,,AV,
bánh mì ăn sáng,-12000,"₫12,000",14/08/2025,Expenses,,AC,
VNM,149000,"₫149,000",14/08/2025,In-come,,,Invest
học phí 2-III,-12042000,"₫12,042,000",14/08/2025,Expenses,BigY,Study,
xin mẹ tiền ăn,120000,"₫120,000",15/08/2025,In-come,,,Family
xăng,-30000,"₫30,000",15/08/2025,Expenses,,DC,
xăng,-40000,"₫40,000",18/08/2025,Expenses,,DC,
cafe,-18000,"₫18,000",18/08/2025,Expenses,,Coffee,
xin mẹ tiền ăn,249000,"₫249,000",18/08/2025,In-come,,,Family
nước rửa mũi,-8000,"₫8,000",19/08/2025,Expenses,,Body,
bánh mì ăn sáng,-12000,"₫12,000",19/08/2025,Expenses,,AC,
xin mẹ đóng ktx,1650000,"₫1,650,000",20/08/2025,In-come,,,Family
bida với béo,-33000,"₫33,000",19/08/2025,Expenses,,Bida,
xăng,-40000,"₫40,000",19/08/2025,Expenses,,DC,
ktx 3-I tháng 9,-353000,"₫353,000",01/09/2025,Expenses,Monthly,Home,
ktx 3-I tháng 10,-353000,"₫353,000",01/10/2025,Expenses,Monthly,Home,
ktx 3-I tháng 11,-353000,"₫353,000",01/11/2025,Expenses,Monthly,Home,
ktx 3-I tháng 12,-354000,"₫354,000",01/12/2025,Expenses,Monthly,Home,
4G monthly,-50000,"₫50,000",20/08/2025,Expenses,Monthly,Utility,
đan vợt,-75000,"₫75,000",20/08/2025,Expenses,BigM,Badmintion,
thịt kho + nc đá,-16000,"₫16,000",21/08/2025,Expenses,,AC,
ép táo khóm,-15000,"₫15,000",21/08/2025,Expenses,,AC,
bida với béo,-36000,"₫36,000",22/08/2025,Expenses,,Bida,
xăng,-30000,"₫30,000",22/08/2025,Expenses,,DC,
coffe bột + nc đá,-19000,"₫19,000",23/08/2025,Expenses,,Coffee,
bida với béo,-23000,"₫23,000",23/08/2025,Expenses,,Bida,
thịnh: phim,10000,"₫10,000",23/08/2025,In-come,,,Anh em
cầu lông,-25000,"₫25,000",24/08/2025,Expenses,,Badmintion,
"xin: đánh cầu, bơi",50000,"₫50,000",24/08/2025,In-come,,,Family
bida với béo,-27000,"₫27,000",25/08/2025,Expenses,,Bida,
cầu lông,-30000,"₫30,000",24/08/2025,Expenses,,Badmintion,
tiền ăn + cầu lông,168000,"₫168,000",25/08/2025,In-come,,,Family
xăng,-40000,"₫40,000",25/08/2025,Expenses,,DC,
khăn giấy,-8000,"₫8,000",25/08/2025,Expenses,,Body,
cầu lông với việt,-30000,"₫30,000",26/08/2025,Expenses,,Badmintion,
xăng,-40000,"₫40,000",27/08/2025,Expenses,,DC,
nước ktx,-15000,"₫15,000",27/08/2025,Expenses,,Home,
bơi,-42000,"₫42,000",26/08/2025,Expenses,,Swimming,
tiền ăn,400000,"₫400,000",27/08/2025,In-come,,,Family
cafe bột,-15000,"₫15,000",27/08/2025,Expenses,,Coffee,
mì,-26000,"₫26,000",27/08/2025,Expenses,,AC,
phim: mưa đỏ,-87000,"₫87,000",27/08/2025,Expenses,,Entertainment,
bida với béo,-47000,"₫47,000",28/08/2025,Expenses,,Bida,
cầu lông,-18000,"₫18,000",30/08/2025,Expenses,,Badmintion,
bida với tường,-27000,"₫27,000",31/08/2025,Expenses,,Bida,
bida với béo,-31000,"₫31,000",01/09/2025,Expenses,,Bida,
hủ tiếu + nc mía,-23000,"₫23,000",01/09/2025,Expenses,,AC,
tiền đi chơi,50000,"₫50,000",02/09/2025,In-come,,,Family
xăng,-20000,"₫20,000",01/09/2025,Expenses,,DC,
phí bảo vệ tk,-3000,"₫3,000",01/09/2025,Expenses,,Utility,
kính treo ktx,55000,"₫55,000",03/09/2025,In-come,,,Sell old things
cf,-14000,"₫14,000",03/09/2025,Expenses,,Coffee,
tiền tuần,398000,"₫398,000",03/09/2025,In-come,,,Family
sữa tươi + mì + trứng+ gạo,-100000,"₫100,000",03/09/2025,Expenses,,AC,
xăng,-40000,"₫40,000",03/09/2025,Expenses,,DC,
cầu lông,-25000,"₫25,000",31/08/2025,Expenses,,Badmintion,
nhậu with ktpm,-122000,"₫122,000",05/09/2025,Expenses,,RL,
bida với béo,-65000,"₫65,000",05/09/2025,Expenses,,Bida,
nước đá,-2000,"₫2,000",05/09/2025,Expenses,,AC,
xăng,-40000,"₫40,000",07/09/2025,Expenses,,DC,
bida với béo,-25000,"₫25,000",07/09/2025,Expenses,,Bida,
tiền đánh bida,45000,"₫45,000",07/09/2025,In-come,,,Family
tiền tuần,450000,"₫450,000",08/09/2025,In-come,,,Family
ốp lưng kindle,-47000,"₫47,000",07/09/2025,Expenses,BigM,Utility,
cafe trung nguyên,-38000,"₫38,000",08/09/2025,Expenses,,Coffee,
bida với ân,-37000,"₫37,000",08/09/2025,Expenses,,Bida,
tàu hủ,-15000,"₫15,000",08/09/2025,Expenses,,AV,
ăn sáng + nc đá + đồ ăn,-45000,"₫45,000",09/09/2025,Expenses,,AC,
dầu gọi đầu,-16000,"₫16,000",09/09/2025,Expenses,,Body,
gửi xe,-6000,"₫6,000",09/09/2025,Expenses,,Study,
bida với béo + ân,-71000,"₫71,000",09/09/2025,Expenses,,Bida,
bida với ân,-55000,"₫55,000",10/09/2025,Expenses,,Bida,
bida với khánh,-22000,"₫22,000",12/09/2025,Expenses,,Bida,
bánh chuối + trứng,-11000,"₫11,000",12/09/2025,Expenses,,AC,
cầu lông với việt,-20000,"₫20,000",14/09/2025,Expenses,,Badmintion,
xăng,-40000,"₫40,000",14/09/2025,Expenses,,DC,
gạo 5kg,-100000,"₫100,000",14/09/2025,Expenses,,AC,
tỏi + trứng + cam + đồ ăn,-50000,"₫50,000",15/09/2025,Expenses,,AC,
tiền tuần,590000,"₫590,000",14/09/2025,In-come,,,Family
nước ktx,-30000,"₫30,000",14/09/2025,Expenses,,AC,
ăn sáng: nc đá + xoi + bánh tiêu,-35000,"₫35,000",15/09/2025,Expenses,,AC,
bán giáo trình,20000,"₫20,000",15/09/2025,In-come,,,Sell old things
gửi xe,-6000,"₫6,000",16/09/2025,Expenses,,Study,
"bida với ân, béo",-63000,"₫63,000",17/09/2025,Expenses,,Bida,
jolibee + cơm,-75000,"₫75,000",17/09/2025,Expenses,,AC,
cafe,-19000,"₫19,000",17/09/2025,Expenses,,Coffee,
điện nước tháng 8,-110000,"₫110,000",19/09/2025,Expenses,Monthly,Home,
"đi chợ: tỏi, trứng, cà chua, hành, nước đá",-30000,"₫30,000",19/09/2025,Expenses,,AC,
bida với ân,-30000,"₫30,000",19/09/2025,Expenses,,Bida,
xăng,-20000,"₫20,000",19/09/2025,Expenses,,DC,
"bún thịt nước, cơm",-50000,"₫50,000",19/09/2025,Expenses,,AC,
nước ép dưa hấu,-10000,"₫10,000",21/09/2025,Expenses,,AV,
cầu lông,-30000,"₫30,000",20/09/2025,Expenses,,Badmintion,
tiền tuần,533000,"₫533,000",21/09/2025,In-come,,,Family
"nhà: trứng, chuối",-50000,"₫50,000",22/09/2025,Expenses,,AC,
nước đá,-5000,"₫5,000",22/09/2025,Expenses,,AC,
bida với ân,-25000,"₫25,000",22/09/2025,Expenses,,Bida,
gửi xe,-4000,"₫4,000",22/09/2025,Expenses,,Study,
hớt tóc,-50000,"₫50,000",22/09/2025,Expenses,,Body,
cafe + nc đá,-18000,"₫18,000",23/09/2025,Expenses,,Coffee,
bida với ân,-36000,"₫36,000",23/09/2025,Expenses,,Bida,
tập lấy ĐRL,-40000,"₫40,000",23/09/2025,Expenses,,Study,
quỹ KTMP,-30000,"₫30,000",23/09/2025,Expenses,,Study,
khăn giấy,-8000,"₫8,000",23/09/2025,Expenses,,Utility,
"cà chua, hành + ăn sáng + xoi",-33000,"₫33,000",24/09/2025,Expenses,,AC,
xăng,-30000,"₫30,000",24/09/2025,Expenses,,DC,
bida với ân,-38000,"₫38,000",24/09/2025,Expenses,,Bida,
mì seoul,-52000,"₫52,000",24/09/2025,Expenses,,AC,
bida với ân,-30000,"₫30,000",25/09/2025,Expenses,,Bida,
cơm gà,-25000,"₫25,000",25/09/2025,Expenses,,AC,
cơm + đồ ăn,-44000,"₫44,000",26/09/2025,Expenses,,AC,
"ép dưa hấu , tàu hủ",-22000,"₫22,000",26/09/2025,Expenses,,AV,
xăng,-30000,"₫30,000",28/09/2025,Expenses,,AC,
"trứng, sữa, trái cây, mì",-100000,"₫100,000",29/09/2025,Expenses,,AC,
cafe,-15000,"₫15,000",28/09/2025,Expenses,,Coffee,
tiền tuần,527000,"₫527,000",28/09/2025,In-come,,,Family
mì khô,-22000,"₫22,000",28/09/2025,Expenses,,AC,
xoi ăn sáng + nc đá + bún chả giò,-23000,"₫23,000",29/09/2025,Expenses,,AC,
bida với thịnh,-20000,"₫20,000",29/09/2025,Expenses,,Bida,
555 bạc,-26000,"₫26,000",29/09/2025,Expenses,,Smoking,
ăn sáng + nc đá + bánh mì,-24000,"₫24,000",30/09/2025,Expenses,,AC,
bida với ân,-28000,"₫28,000",30/09/2025,Expenses,,Bida,
cafe,-20000,"₫20,000",30/09/2025,Expenses,,Coffee,
xoi + đồ ăn + nc đá,-24000,"₫24,000",01/10/2025,Expenses,,AC,
bida với ân,-28000,"₫28,000",02/10/2025,Expenses,,Bida,
tiền tuần,500000,"₫500,000",05/10/2025,In-come,,,Family
bida với ân,-22000,"₫22,000",04/10/2025,Expenses,,Bida,
miếng gà,-30000,"₫30,000",04/10/2025,Expenses,,AC,
xăng,-30000,"₫30,000",04/10/2025,Expenses,,DC,
bánh mì + cơm tây đô+ ,-39000,"₫39,000",05/10/2025,Expenses,,AC,
cf ăn sáng + nc đá,-12000,"₫12,000",05/10/2025,Expenses,,Coffee,
"trứng, thịt, chà bông, sữa tưới, cafe + nước dừa",-108000,"₫108,000",06/10/2025,Expenses,,AC,
bida với ân,-43000,"₫43,000",05/10/2025,Expenses,,Bida,
mì cay seoul,-52000,"₫52,000",05/10/2025,Expenses,,AC,
bida với ân,-23000,"₫23,000",06/10/2025,Expenses,,Bida,
cf căn tin,-15000,"₫15,000",06/10/2025,Expenses,,Coffee,
ăn sáng,-14000,"₫14,000",07/10/2025,Expenses,,AC,
nước ép dưa hấu,-15000,"₫15,000",07/10/2025,Expenses,,AV,
bida với ân,-37000,"₫37,000",07/10/2025,Expenses,,Bida,
xin tiền tiếng anh,300000,"₫300,000",08/10/2025,In-come,,,Family
Pre Ielts Gia Việt,-2880000,"₫2,880,000",08/10/2025,Expenses,BigY,English,
xăng,-30000,"₫30,000",08/10/2025,Expenses,,DC,
trà dâu,-28000,"₫28,000",08/10/2025,Expenses,,AV,
mì seoul vs Q,-52000,"₫52,000",08/10/2025,Expenses,,AC,
điện nước tháng 9,-100000,"₫100,000",08/10/2025,Expenses,Monthly,Home,
ân: tân,15000,"₫15,000",04/10/2025,In-come,,,Anh em
ăn sáng + nc đá,-6000,"₫6,000",09/10/2025,Expenses,,AC,
bida với ân,-28000,"₫28,000",09/10/2025,Expenses,,Bida,
vé số,-10000,"₫10,000",09/10/2025,Expenses,,Ngu,
ép táo,-22000,"₫22,000",09/10/2025,Expenses,,AV,
bida với béo + ktpm,-47000,"₫47,000",09/10/2025,Expenses,,Bida,
ăn sáng + mì thịt (căn tin),-36000,"₫36,000",10/10/2025,Expenses,,AC,
thuốc lá,-28000,"₫28,000",09/10/2025,Expenses,,Smoking,
trứng + thịt kho + ngũ cóc + cam + gạo,-100000,"₫100,000",12/10/2025,Expenses,,AC,
tiền tuần,540000,"₫540,000",12/10/2025,In-come,,,Family
xăng,-30000,"₫30,000",12/10/2025,Expenses,,DC,
bánh mì ăn sáng + cơm sườn,-38000,"₫38,000",13/10/2025,Expenses,,AC,
"dưa leo, cà chua, hành, nước dừa",-44000,"₫44,000",13/10/2025,Expenses,,AC,
cafe 100g,-18000,"₫18,000",12/10/2025,Expenses,,Coffee,
sữa chua,-7000,"₫7,000",12/10/2025,Expenses,,AC,
bida với béo,-40000,"₫40,000",13/10/2025,Expenses,,Bida,
ăn sáng + cháo + sữa chua,-49000,"₫49,000",14/10/2025,Expenses,,AC,
gửi xe,-6000,"₫6,000",14/10/2025,Expenses,,Study,
sửa bếp,-52000,"₫52,000",14/10/2025,Expenses,,Accident,
xăng,-50000,"₫50,000",16/10/2025,Expenses,,AC,
điện thoại,-10000,"₫10,000",16/10/2025,Expenses,,Utility,
"bánh tiêu, chuối chiên, hủ tiếu",-32000,"₫32,000",16/10/2025,Expenses,,AC,
bơi,-40000,"₫40,000",16/10/2025,Expenses,,Swimming,
bánh bonglan,-14000,"₫14,000",16/10/2025,Expenses,,AV,
bida với béo,-35000,"₫35,000",16/10/2025,Expenses,,Bida,
nước đá + bánh tiêu,-7000,"₫7,000",17/10/2025,Expenses,,AC,
cơm sườn,-25000,"₫25,000",17/10/2025,Expenses,,AC,
xăng,-20000,"₫20,000",17/10/2025,Expenses,,DC,
xăng,-50000,"₫50,000",20/10/2025,Expenses,,DC,
trứng + thịt kho + mì,-70000,"₫70,000",20/10/2025,Expenses,,AC,
thuốc 3 số,-25000,"₫25,000",19/10/2025,Expenses,,Smoking,
trà đào,-35000,"₫35,000",20/10/2025,Expenses,,AV,
bida với kiên,-25000,"₫25,000",18/10/2025,Expenses,,Bida,
nước mía,-10000,"₫10,000",19/10/2025,Expenses,,AV,
điện thoại cho cha,-175000,"₫175,000",19/10/2025,Expenses,BigM,Family,
vay vốn sinh viên 2025,48000000,"₫48,000,000",19/10/2025,In-come,"BigY, Vay",,Cho vay
xịn mẹ tiền tuần,883000,"₫883,000",19/10/2025,In-come,,,Family
bida với ân,-35000,"₫35,000",20/10/2025,Expenses,,Bida,
"cơm gà, cơm tắm , ăn sáng, nc đá",-64000,"₫64,000",20/10/2025,Expenses,,AC,
ép táo,-15000,"₫15,000",20/10/2025,Expenses,,AV,
đầu tư:  chưa chốt,-6720000,"₫6,720,000",20/10/2025,Expenses,"BigY, Vay",Cho vay,
"sữa chua, bánh KFC, tàu hủ",-33000,"₫33,000",21/10/2025,Expenses,,AV,
"ăn sáng, cơm trưa",-33000,"₫33,000",21/10/2025,Expenses,,AC,
bida với béo,-43000,"₫43,000",21/10/2025,Expenses,,Bida,
"cà chua, ăn sáng",-19000,"₫19,000",22/10/2025,Expenses,,AC,
cam ép,-12000,"₫12,000",22/10/2025,Expenses,,AV,
cáp sạc laptop,-47000,"₫47,000",22/10/2025,Expenses,,Utility,
học bổng 2-III,13090000,"₫13,090,000",23/10/2025,In-come,BigY,,Salary
"ăn sáng, trà đá, nc đá, C2",-40000,"₫40,000",23/10/2025,Expenses,,AC,
bánh AFC,-28000,"₫28,000",23/10/2025,Expenses,,AV,
gửi xe,-4000,"₫4,000",23/10/2025,Expenses,,Study,
nước ktx,-15000,"₫15,000",23/10/2025,Expenses,,Home,
bơi,-40000,"₫40,000",23/10/2025,Expenses,,Swimming,
bida với béo,-42000,"₫42,000",23/10/2025,Expenses,,Bida,
"cơm gà , ăn sáng",-34000,"₫34,000",24/10/2025,Expenses,,AC,
bida với ân,-30000,"₫30,000",24/10/2025,Expenses,,Bida,
nước cam,-8000,"₫8,000",24/10/2025,Expenses,,AV,
"đồ ăn, trứng, bánh",-70000,"₫70,000",27/10/2025,Expenses,,AC,
"ngũ cốc, bánh",-30000,"₫30,000",27/10/2025,Expenses,,AV,
xăng,-50000,"₫50,000",27/10/2025,Expenses,,DC,
tiền tuần,619000,"₫619,000",26/10/2025,In-come,,,Family
ăn sáng + nc đá,-6000,"₫6,000",27/10/2025,Expenses,,AC,
bida với ân,-33000,"₫33,000",27/10/2025,Expenses,,Bida,
4G monthly,-60000,"₫60,000",27/10/2025,Expenses,Monthly,Utility,
"ăn trưa, nước đá, nước suối",-38000,"₫38,000",28/10/2025,Expenses,,AC,
đậu hà lan,-10000,"₫10,000",28/10/2025,Expenses,,AV,
"tesst project, gửi xe",-8000,"₫8,000",28/10/2025,Expenses,,Study,
bida với ân,-36000,"₫36,000",28/10/2025,Expenses,,Bida,
mì cay,-52000,"₫52,000",28/10/2025,Expenses,,AC,
bida với ân,-67000,"₫67,000",29/10/2025,Expenses,,Bida,
"đùi gà ăn cơm, bánh tiêu, nc đá, chuối",-30000,"₫30,000",29/10/2025,Expenses,,AC,
"mì trộn, nước đá, cơm gà",-52000,"₫52,000",30/10/2025,Expenses,,AC,
"chuối nướng, ép dưa hấu",-24000,"₫24,000",30/10/2025,Expenses,,AV,
hớt tóc,-50000,"₫50,000",30/10/2025,Expenses,,Body,
"ăn sáng, mì thịt, nước đá, đùi gà",-48000,"₫48,000",01/11/2025,Expenses,,AC,
"cafe, bột",-35000,"₫35,000",01/11/2025,Expenses,,Coffee,
"khoai lan xáy, sữa tươi",-24000,"₫24,000",01/11/2025,Expenses,,AV,
xăng,-40000,"₫40,000",03/11/2025,Expenses,,DC,
"bánh, sữa, gạo, thịt kho, ",-100000,"₫100,000",03/11/2025,Expenses,,AC,
cafe,-15000,"₫15,000",03/11/2025,Expenses,,AV,
tiền tuần,550000,"₫550,000",03/11/2025,In-come,,,Family
"cơm gà, bò né, nước đá, bánh mì",-75000,"₫75,000",03/11/2025,Expenses,,AC,
gửi xe,-14000,"₫14,000",04/11/2025,Expenses,,Study,
"bida với ân, béo",-50000,"₫50,000",03/11/2025,Expenses,,Bida,
bida với ân,-35000,"₫35,000",04/11/2025,Expenses,,Bida,
phí bóng chuyền with KTPM,-17000,"₫17,000",04/11/2025,Expenses,,RL,
bàn phím hyperwork,-430000,"₫430,000",04/11/2025,Expenses,BigM,Utility,
"trứng, cà chua",-46000,"₫46,000",05/11/2025,Expenses,,AC,
ăn sáng,-5000,"₫5,000",06/11/2025,Expenses,,AC,
tàu hủ,-12000,"₫12,000",06/11/2025,Expenses,,AV,
"cơm sườn, xoi",-40000,"₫40,000",07/11/2025,Expenses,,AC,
bida với ân,-70000,"₫70,000",06/11/2025,Expenses,,Bida,
bida với béo,-44000,"₫44,000",07/11/2025,Expenses,,Bida,
miếng gà,-30000,"₫30,000",06/11/2025,Expenses,,AC,
bida với ân,-30000,"₫30,000",08/11/2025,Expenses,,Bida,
xăng,-50000,"₫50,000",10/11/2025,Expenses,,DC,
"trứng, ngũ cốc, bánh, gạo",-70000,"₫70,000",10/11/2025,Expenses,,AC,
tiền tuần,520000,"₫520,000",10/11/2025,In-come,,,Family
"mì, mì",-50000,"₫50,000",10/11/2025,Expenses,,AC,
sữa chua,-6000,"₫6,000",10/11/2025,Expenses,,AV,
bida với ân,-18000,"₫18,000",10/11/2025,Expenses,,Bida,
"cơm , bánh tiêu",-36000,"₫36,000",11/11/2025,Expenses,,AC,
gửi xe,-6000,"₫6,000",11/11/2025,Expenses,,Study,
phí làm hộ chiếu,-133000,"₫133,000",11/11/2025,Expenses,BigM,Utility,
"mì trộn itada, đồ ăn",-70000,"₫70,000",12/11/2025,Expenses,,AC,
bida với ân,-52000,"₫52,000",13/11/2025,Expenses,,Bida,
"gà , cơm, nc đá",-43000,"₫43,000",13/11/2025,Expenses,,AC,
"solola, probi",-16000,"₫16,000",13/11/2025,Expenses,,AV,
cafe,-16000,"₫16,000",13/11/2025,Expenses,,Coffee,
"mì thịt, đùi gà",-46000,"₫46,000",14/11/2025,Expenses,,AC,
tiền tuần,500000,"₫500,000",16/11/2025,In-come,,,Family
cafe,-30000,"₫30,000",17/11/2025,Expenses,,Coffee,
"sữa, thịt kho, trứng",-70000,"₫70,000",17/11/2025,Expenses,,AC,
xăng,-20000,"₫20,000",16/11/2025,Expenses,,DC,
quần tây,-343000,"₫343,000",16/11/2025,Expenses,BigM,CL,
ly lock & lock + túi,-404000,"₫404,000",16/11/2025,Expenses,BigM,Utility,
nhậu nhà q,-96000,"₫96,000",17/11/2025,Expenses,,RL,
ngu: gói apple,-50000,"₫50,000",17/11/2025,Expenses,,Ngu,
nước đá,-2000,"₫2,000",17/11/2025,Expenses,,AC,
bida với ân,-80000,"₫80,000",19/11/2025,Expenses,,Bida,
"ăn sáng, sữa chưa",-23000,"₫23,000",19/11/2025,Expenses,,AC,
thuốc lá,-25000,"₫25,000",19/11/2025,Expenses,,Smoking,
photo,-10000,"₫10,000",19/11/2025,Expenses,,Study,
dầu ăn,-22000,"₫22,000",19/11/2025,Expenses,,AC,
bida với béo,-44000,"₫44,000",20/11/2025,Expenses,,Bida,
đò ăn,-85000,"₫85,000",21/11/2025,Expenses,,AC,
cafe,-15000,"₫15,000",21/11/2025,Expenses,,AV,
xăng,-20000,"₫20,000",21/11/2025,Expenses,,DC,
ket noi yeu thuong,-20000,"₫20,000",21/11/2025,Expenses,,Study,
bánh ăn vặt,-6000,"₫6,000",23/11/2025,Expenses,,AV,
cafe,-50000,"₫50,000",23/11/2025,Expenses,,Coffee,
"thịt kho, trứng, gạo",-100000,"₫100,000",24/11/2025,Expenses,,AC,
tiền tuần,501000,"₫501,000",23/11/2025,In-come,,,Family
bida với béo,-47000,"₫47,000",07/02/2026,Expenses,,Bida,
bida với ân,-66000,"₫66,000",07/02/2026,Expenses,,Bida,
điện nước tháng 10,-107000,"₫107,000",24/11/2025,Expenses,Monthly,Home,
mì + cơm,-52000,"₫52,000",24/11/2025,Expenses,,AC,
gửi xe,-4000,"₫4,000",24/11/2025,Expenses,,Study,
photo,-25000,"₫25,000",24/11/2025,Expenses,,Study,
bida với béo,-32000,"₫32,000",24/11/2025,Expenses,,Bida,
bida với béo,-44000,"₫44,000",25/11/2025,Expenses,,Bida,
"mì, ăn sáng",-41000,"₫41,000",25/11/2025,Expenses,,AC,
nước ktx,-20000,"₫20,000",26/11/2025,Expenses,,Home,
4G monthly,-45000,"₫45,000",26/11/2025,Expenses,Monthly,Utility,
viết ,-14000,"₫14,000",27/11/2025,Expenses,,Study,
bánh tiêu,-6000,"₫6,000",27/11/2025,Expenses,,AC,
hủ tiếu,-37000,"₫37,000",26/11/2025,Expenses,,AC,
bida với ân,-39000,"₫39,000",27/11/2025,Expenses,,Bida,
gà,-85000,"₫85,000",27/11/2025,Expenses,,AC,
trà sữa,-30000,"₫30,000",27/11/2025,Expenses,,AV,
xăng,-20000,"₫20,000",29/11/2025,Expenses,,DC,
cháo,-20000,"₫20,000",28/11/2025,Expenses,,AC,
đồ ăn + trứng,-50000,"₫50,000",01/12/2025,Expenses,,AC,
vớ ,-19000,"₫19,000",28/11/2025,Expenses,,CL,
bida trộn với  ân,-48000,"₫48,000",07/02/2026,Expenses,,AC,
tai nghe chụp tai,-758000,"₫758,000",30/11/2025,Expenses,BigM,Utility,
tiền tuần,476000,"₫476,000",30/11/2025,In-come,,,Family
hủ tiếu,-17000,"₫17,000",30/11/2025,Expenses,,AC,
cháo,-50000,"₫50,000",02/12/2025,Expenses,,AC,
"xôi, nước đá",-11000,"₫11,000",01/12/2025,Expenses,,AC,
uống nước làm bài với q,-42000,"₫42,000",30/11/2025,Expenses,,G,
bida với ân,-43000,"₫43,000",01/12/2025,Expenses,,Bida,
vé xem phim,-85000,"₫85,000",01/12/2025,Expenses,,G,
"nước, bắp, bún",-125000,"₫125,000",03/12/2025,Expenses,,G,
khăn giấy,-7000,"₫7,000",03/12/2025,Expenses,,Body,
bida với ân,-40000,"₫40,000",03/12/2025,Expenses,,Bida,
mì,-27000,"₫27,000",03/12/2025,Expenses,,AC,
bida với béo,-44000,"₫44,000",03/12/2025,Expenses,,Bida,
cf + nước đá,-19000,"₫19,000",04/12/2025,Expenses,,Coffee,
bơi,-40000,"₫40,000",04/12/2025,Expenses,,Swimming,
hủ tiếu,-22000,"₫22,000",04/12/2025,Expenses,,AC,
điện nước tháng 11,-90000,"₫90,000",04/12/2025,Expenses,Monthly,Home,
rau má dừa,-10000,"₫10,000",05/12/2025,Expenses,,AV,
"xoi  đùi gà, hành tỏi",-33000,"₫33,000",05/12/2025,Expenses,,AC,
xăng,-20000,"₫20,000",05/12/2025,Expenses,,DC,
xăng,-30000,"₫30,000",07/12/2025,Expenses,,DC,
"trứng, sữa, thịt kho, nước mắn, nước tương, cf, gạo",-200000,"₫200,000",08/12/2025,Expenses,,AC,
tiền tuần,266000,"₫266,000",07/12/2025,In-come,,,Family
hớt tóc,-50000,"₫50,000",09/12/2025,Expenses,,Body,
spotify 3 tháng,-65000,"₫65,000",09/12/2025,Expenses,Monthly,Utility,
"nước đá, bánh ăn sáng",-13000,"₫13,000",09/12/2025,Expenses,,AC,
"gà, hủ tiếu, nước đá, bánh",-53000,"₫53,000",11/12/2025,Expenses,,AC,
bida với béo,-30000,"₫30,000",11/12/2025,Expenses,,Bida,
béo,30000,"₫30,000",27/11/2025,In-come,,,Anh em
cafe căn tin,-14000,"₫14,000",11/12/2025,Expenses,,Coffee,
bida với duy,-20000,"₫20,000",12/12/2025,Expenses,,Bida,
"mì, sữa chua",-29000,"₫29,000",12/12/2025,Expenses,,AC,
photo mmt,-20000,"₫20,000",12/12/2025,Expenses,,Study,
cơm sườn,-35000,"₫35,000",12/12/2025,Expenses,,AC,
cf,-18000,"₫18,000",12/12/2025,Expenses,,Coffee,
nhậu ktpm,-184000,"₫184,000",13/12/2025,Expenses,,RL,
bida với thịnh,-21000,"₫21,000",13/12/2025,Expenses,,Bida,
thịt sườn,-17000,"₫17,000",13/12/2025,Expenses,,AC,
vé số,-10000,"₫10,000",13/12/2025,Expenses,,Ngu,
xăng về quê,-20000,"₫20,000",13/12/2025,Expenses,,DC,
xăng,-30000,"₫30,000",14/12/2025,Expenses,,DC,
cafe,-15000,"₫15,000",14/12/2025,Expenses,,Coffee,
"khổ trang, khăn giấy",-30000,"₫30,000",14/12/2025,Expenses,,Utility,
kem đánh răng,-23000,"₫23,000",14/12/2025,Expenses,,Body,
tiền tuần,412000,"₫412,000",14/12/2025,In-come,,,Family
"ăn sáng , nước đá, bún",-50000,"₫50,000",16/12/2025,Expenses,,AC,
học phí 3-II,-18012000,"₫18,012,000",30/04/2026,Expenses,BigY,Study,
thảm tập thể dục,-170000,"₫170,000",01/06/2026,Expenses,BigM,Sport,
miếng dán chuột,-47000,"₫47,000",01/06/2026,Expenses,,Utility,
trọ tháng 6,-1546000,"₫1,546,000",01/06/2026,Expenses,Monthly,Home,
chuối chiên,-8000,"₫8,000",01/06/2026,Expenses,,AC,
xăng,-50000,"₫50,000",01/06/2026,Expenses,,DC,
bida total 3 đối,-100000,"₫100,000",01/06/2026,Expenses,,Bida,
boi tron,-90000,"₫90,000",01/06/2026,Expenses,,G,
tiền tuần,300000,"₫300,000",30/05/2026,In-come,,,Family
"thịt, trứng, khoai lan, bánh, trứng,
  sữa, bánh mì",-192000,"₫192,000",30/05/2026,Expenses,,AC,
bida với tường,-30000,"₫30,000",30/05/2026,Expenses,,Bida,
bánh bao,-17000,"₫17,000",30/05/2026,Expenses,,AC,
Cầu lông,-40000,"₫40,000",30/05/2026,Expenses,,Badmintion,
nạp điện thoại,-10000,"₫10,000",29/05/2026,Expenses,,Utility,
đăng ký in bảng điểm,-20000,"₫20,000",29/05/2026,Expenses,,Study,
cơm trưa với quỳnh,-50000,"₫50,000",29/05/2026,Expenses,,AC,
vé số,-40000,"₫40,000",28/05/2026,Expenses,,Ngu,
bánh mì que ăn sáng,-20000,"₫20,000",28/05/2026,Expenses,,AC,
trà sữa,-32000,"₫32,000",28/05/2026,Expenses,,AV,
bida với ân,-32000,"₫32,000",28/05/2026,Expenses,,Bida,
bida + trà sữa,-22000,"₫22,000",28/05/2026,Expenses,,Bida,
xăng,-40000,"₫40,000",26/05/2026,Expenses,,DC,
há cảo,-30000,"₫30,000",26/05/2026,Expenses,,AC,
bida với béo,-46000,"₫46,000",26/05/2026,Expenses,,Bida,
bida với ân,-40000,"₫40,000",26/05/2026,Expenses,,Bida,
cơm + bánh mì + sữa tươi,-52000,"₫52,000",26/05/2026,Expenses,,AC,
xăng,-40000,"₫40,000",24/05/2026,Expenses,,DC,
tiền tuần,550000,"₫550,000",24/05/2026,In-come,,,Family
"thịt kho, trứng,...",-150000,"₫150,000",24/05/2026,Expenses,,AC,
bida với ân,-45000,"₫45,000",24/05/2026,Expenses,,Bida,
bida với ân,-22000,"₫22,000",21/05/2026,Expenses,,Bida,
bánh mì ăn chiều,-15000,"₫15,000",21/05/2026,Expenses,,AC,
cơm + nước ẻm,-35000,"₫35,000",21/05/2026,Expenses,,G,
cơm + nước,-35000,"₫35,000",21/05/2026,Expenses,,AC,
hủ tiếu,-18000,"₫18,000",21/05/2026,Expenses,,AC,
bida với nhã,-35000,"₫35,000",20/05/2026,Expenses,,Bida,
cơm gà + bánh mì,-65000,"₫65,000",20/05/2026,Expenses,,AC,
cf,-35000,"₫35,000",20/05/2026,Expenses,,Coffee,
"bánh quy, bánh mì",-40000,"₫40,000",19/05/2026,Expenses,,AC,
bida với ân,-45000,"₫45,000",19/05/2026,Expenses,,Bida,
kẹo,-33000,"₫33,000",18/05/2026,Expenses,,AV,
nước tương,-10000,"₫10,000",18/05/2026,Expenses,,AC,
xăng,-50000,"₫50,000",17/05/2026,Expenses,,DC,
đường,-15000,"₫15,000",16/05/2026,Expenses,,RL,
khăn giấy,-35000,"₫35,000",16/05/2026,Expenses,,Home,
cf,-95000,"₫95,000",16/05/2026,Expenses,,Coffee,
thịt kho + trứng +đồ ăn,-100000,"₫100,000",16/05/2026,Expenses,,AC,
tiền tuần,450000,"₫450,000",16/05/2026,In-come,,,Family
nước dừa + sữa tươi,-30000,"₫30,000",15/05/2026,Expenses,,AV,
nước dừa,-20000,"₫20,000",15/05/2026,Expenses,,AV,
ăn với ktx,-121000,"₫121,000",07/02/2026,Expenses,,RL,
bida với ân,-54000,"₫54,000",15/05/2026,Expenses,,Bida,
xăng,-30000,"₫30,000",15/05/2026,Expenses,,DC,
quạt trọ,-150000,"₫150,000",15/05/2026,Expenses,,Home,
"nước đá, nước ngọt",-20000,"₫20,000",14/05/2026,Expenses,,AV,
lãi màn hình - ân,70000,"₫70,000",12/05/2026,In-come,,,Anh em
cf với thiên,-20000,"₫20,000",12/05/2026,Expenses,,RL,
cf,-20000,"₫20,000",12/05/2026,Expenses,,Coffee,
bánh mực + cơm cho ẻm,-75000,"₫75,000",12/05/2026,Expenses,,G,
cơm trưa,-25000,"₫25,000",12/05/2026,Expenses,,AC,
bida với ân,-15000,"₫15,000",12/05/2026,Expenses,,Bida,
ân - Màn hình + 70,-1320000,"₫1,320,000",12/05/2026,Expenses,Vay,Cho vay,
vé số,-20000,"₫20,000",10/05/2026,Expenses,,Ngu,
tiền tuần,400000,"₫400,000",10/05/2026,In-come,,,Family
"nước đá, sữa tươi",-10000,"₫10,000",10/05/2026,Expenses,,AC,
"bida với kiên, tín",-79000,"₫79,000",08/02/2026,Expenses,,Bida,
xăng,-50000,"₫50,000",10/05/2026,Expenses,,DC,
chuối chiên,-13000,"₫13,000",08/02/2026,Expenses,,AC,
mì chú béo,-25000,"₫25,000",09/05/2026,Expenses,,AC,
bida với kiên,-30000,"₫30,000",09/05/2026,Expenses,,Bida,
bida với duy,-32000,"₫32,000",08/05/2026,Expenses,,Bida,
bánh + sữa tươi,-35000,"₫35,000",08/05/2026,Expenses,,AV,
cf + phin,-33000,"₫33,000",07/05/2026,Expenses,,Coffee,
bàn học,-415000,"₫415,000",06/05/2026,Expenses,BigM,Home,
xào đồ,-195000,"₫195,000",06/05/2026,Expenses,BigM,Home,
bếp điện,-545000,"₫545,000",06/05/2026,Expenses,BigM,Home,
nhậu vs ẻm,-400000,"₫400,000",06/05/2026,Expenses,,G,
thùng bia,-250000,"₫250,000",06/05/2026,Expenses,,RL,
tiền p c nhậu,68000,"₫68,000",06/05/2026,In-come,,,Anh em
thuốc,-30000,"₫30,000",06/05/2026,Expenses,,Smoking,
xăng,-50000,"₫50,000",06/05/2026,Expenses,,DC,
"cf vs thiện, hào",-30000,"₫30,000",04/05/2026,Expenses,,Coffee,
phí momo,-33000,"₫33,000",04/05/2026,Expenses,Monthly,Utility,
5G,-70000,"₫70,000",04/05/2026,Expenses,Monthly,Utility,
bida với béo,-38000,"₫38,000",04/05/2026,Expenses,,Bida,
hớt tóc,-50000,"₫50,000",04/05/2026,Expenses,,Body,
cafe,-16000,"₫16,000",04/05/2026,Expenses,,Coffee,
"bún riêu, bánh mì",-45000,"₫45,000",04/05/2026,Expenses,,AC,
iCloud,-19000,"₫19,000",03/05/2026,Expenses,Monthly,Utility,
xăng,-50000,"₫50,000",03/05/2026,Expenses,,DC,
Cọc trọ + 2 khóa,-1800000,"₫1,800,000",03/05/2026,Expenses,Vay,Cho vay,
sách thành phố và những bức tường,-100000,"₫100,000",02/05/2026,Expenses,,Mental,
nước mía,-20000,"₫20,000",02/05/2026,Expenses,,AV,
"cf vs linh, bida vs tường",-40000,"₫40,000",02/05/2026,Expenses,,RL,
tiền tuần,350000,"₫350,000",02/05/2026,In-come,,,Family
xăng,-50000,"₫50,000",02/05/2026,Expenses,,DC,
Cầu lông,-50000,"₫50,000",02/05/2026,Expenses,,Badmintion,
cf vs linh,-20000,"₫20,000",01/05/2026,Expenses,,RL,
bida với tín,-26000,"₫26,000",01/05/2026,Expenses,,Bida,
"mua đồ gia dụng, ổ khóa, chỏi ly + 40
  nùi dẻ",-440000,"₫440,000",30/04/2026,Expenses,,Home,
cf,-12000,"₫12,000",30/04/2026,Expenses,,Coffee,
Tiền điện,-80000,"₫80,000",30/04/2026,Expenses,,Home,
ăn vặt nc mía,-27000,"₫27,000",30/04/2026,Expenses,,RL,
Cầu lông,-30000,"₫30,000",30/04/2026,Expenses,,Badmintion,
xăng,-30000,"₫30,000",30/04/2026,Expenses,,DC,
shopee,2630000,"₫2,630,000",29/07/2026,In-come,Vay,,Cho vay
xăng,-30000,"₫30,000",28/04/2026,Expenses,,DC,
tiền nhà,191000,"₫191,000",28/04/2026,In-come,,,Family
sinh tôs,-20000,"₫20,000",28/04/2026,Expenses,,AV,
"bida với béo, nhã",-80000,"₫80,000",28/04/2026,Expenses,,Bida,
"đi chơi vs ẻm: bida, kara, nc, bánh",-233000,"₫233,000",28/04/2026,Expenses,,G,
uống nước với hiếu + như,-25000,"₫25,000",27/04/2026,Expenses,,RL,
trọ tháng 5,-1300000,"₫1,300,000",26/04/2026,Expenses,BigM,Home,
cf,-24000,"₫24,000",26/04/2026,Expenses,,Coffee,
xăng,-30000,"₫30,000",26/04/2026,Expenses,,DC,
đi chơi vs ẻm,-110000,"₫110,000",26/04/2026,Expenses,,G,
thiếu thịnh : tiền cơm,25000,"₫25,000",16/12/2025,In-come,,,Anh em
bida với béo,-57000,"₫57,000",16/12/2025,Expenses,,Bida,
thuốc lá,-25000,"₫25,000",16/12/2025,Expenses,,Smoking,
"cà chua, dưa leo",-27000,"₫27,000",16/12/2025,Expenses,,AC,
"iphone 12 mini, ốp lưng",-3562000,"₫3,562,000",16/12/2025,Expenses,BigY,Utility,
tổng chi phí đi malay,-4063000,"₫4,063,000",16/12/2025,Expenses,BigY,Study,
"hủ tiếu, cơm, bún",-82000,"₫82,000",17/12/2025,Expenses,,AC,
"net, đi chơi đám thiên",-89000,"₫89,000",17/12/2025,Expenses,,RL,
sinh tố dừa,-15000,"₫15,000",17/12/2025,Expenses,,AV,
xăng,-30000,"₫30,000",23/12/2025,Expenses,,DC,
áo khoác,-433000,"₫433,000",23/12/2025,Expenses,BigM,CL,
áo thun,-204000,"₫204,000",23/12/2025,Expenses,BigM,CL,
khăn giấy,-10000,"₫10,000",23/01/2026,Expenses,,Utility,
cafe,-20000,"₫20,000",25/01/2026,Expenses,,Coffee,
4G monthly,-55000,"₫55,000",25/01/2026,Expenses,Monthly,Utility,
tiền tuần,472000,"₫472,000",25/01/2026,In-come,,,Family
"thit kho, trứng, mì, sữa tưới, afc",-150000,"₫150,000",26/01/2026,Expenses,,AC,
"bánh, nc đá",-18000,"₫18,000",26/01/2026,Expenses,,AC,
hớt tóc,-70000,"₫70,000",27/01/2026,Expenses,,Body,
cơm,-30000,"₫30,000",27/01/2026,Expenses,,AC,
gửi xe,-8000,"₫8,000",27/01/2026,Expenses,,Study,
xăng,-40000,"₫40,000",27/01/2026,Expenses,,DC,
nước ktx,-30000,"₫30,000",27/01/2026,Expenses,,AC,
cafe,-16000,"₫16,000",27/01/2026,Expenses,,Coffee,
bida với ân,-55000,"₫55,000",28/01/2026,Expenses,,Bida,
cafe căn tinn + bida,-30000,"₫30,000",28/01/2026,Expenses,,Coffee,
"cơm trưa, hủ tiếu",-45000,"₫45,000",28/01/2026,Expenses,,AC,
cơm gà,-27000,"₫27,000",29/01/2026,Expenses,,AC,
bida với ân,-43000,"₫43,000",29/01/2026,Expenses,,Bida,
bida với béo,-71000,"₫71,000",29/01/2026,Expenses,,Bida,
trà sữa,-24000,"₫24,000",29/01/2026,Expenses,,AV,
chuyển tiền a3,-500000,"₫500,000",30/01/2026,Expenses,BigM,Family,
ktx 3-II tháng 2,-353000,"₫353,000",02/01/2026,Expenses,Monthly,Home,
xăng,-40000,"₫40,000",02/02/2026,Expenses,,DC,
gửi xe,-4000,"₫4,000",02/02/2026,Expenses,,Study,
cơm,-60000,"₫60,000",02/02/2026,Expenses,,AC,
"cà chua, trứng, thịt kho, cơm",-100000,"₫100,000",02/02/2026,Expenses,,AC,
bida với ân,-36000,"₫36,000",02/02/2026,Expenses,,Bida,
sinh tố đu đủ,-15000,"₫15,000",02/02/2026,Expenses,,AV,
bida với ân,-95000,"₫95,000",03/02/2026,Expenses,,Bida,
điện nước tháng 1,-109000,"₫109,000",08/02/2026,Expenses,Monthly,Home,
hủ tiếu,-25000,"₫25,000",09/02/2026,Expenses,,AC,
bida với tường,-18000,"₫18,000",09/02/2026,Expenses,,Bida,
Badmintion,-115000,"₫115,000",14/02/2026,Expenses,,Badmintion,
nạp điện thoại,-20000,"₫20,000",14/02/2026,Expenses,,Utility,
bida với béo,-60000,"₫60,000",03/02/2026,Expenses,,Bida,
gửi xe,-4000,"₫4,000",03/02/2026,Expenses,,Study,
mì ,-48000,"₫48,000",03/02/2026,Expenses,,AC,
trà sữa ,-23000,"₫23,000",03/02/2026,Expenses,,AV,
iCloud,-19000,"₫19,000",03/02/2026,Expenses,Monthly,Utility,
"đò chiên, nước mía",-25000,"₫25,000",14/02/2026,Expenses,,AV,
bida ,-100000,"₫100,000",14/02/2026,Expenses,,Bida,
"nuôi chiên, hủ tiếu",-50000,"₫50,000",14/02/2026,Expenses,,AC,
quỳnh,2400000,"₫2,400,000",16/05/2026,In-come,"BigY, Vay",,Cho vay
học phí 3-III,-12400000,"₫12,400,000",27/06/2026,Expenses,BigY,Study,
phí momo tháng 6,-33000,"₫33,000",01/06/2026,Expenses,Monthly,Utility,
áo khoác what it is,-669000,"₫669,000",14/02/2026,Expenses,BigM,CL,
túi ssg,-330000,"₫330,000",23/12/2025,Expenses,,CL,
"sữa tưới, nước đá",-10000,"₫10,000",23/12/2025,Expenses,,AC,
dầu gọi,-80000,"₫80,000",24/12/2025,Expenses,,Body,
cafe,-50000,"₫50,000",24/12/2025,Expenses,,Coffee,
"mì, sữa tưới, thịt",-119000,"₫119,000",24/12/2025,Expenses,,AC,
tiền tuần,450000,"₫450,000",24/12/2025,In-come,,,Family
bida với béo,-90000,"₫90,000",25/12/2025,Expenses,,Bida,
ăn sáng,-9000,"₫9,000",25/12/2025,Expenses,,AC,
cơm,-46000,"₫46,000",26/12/2025,Expenses,,AC,
bida với béo,-30000,"₫30,000",26/12/2025,Expenses,,Bida,
tàu hủ,-12000,"₫12,000",26/12/2025,Expenses,,AV,
khăn giấy,-8000,"₫8,000",26/12/2025,Expenses,,Utility,
xăng,-50000,"₫50,000",26/12/2025,Expenses,,DC,
4G monthly,-60000,"₫60,000",26/12/2025,Expenses,Monthly,Utility,
tiền tuần,390000,"₫390,000",29/12/2025,In-come,,,Family
"thịt kho, gạo, trứng",-100000,"₫100,000",29/12/2025,Expenses,,AC,
"net với thiên, hào",-50000,"₫50,000",29/12/2025,Expenses,,NET,
bánh mì,-13000,"₫13,000",29/12/2025,Expenses,,AC,
mì cay,-52000,"₫52,000",29/12/2025,Expenses,,AC,
bida với ân,-40000,"₫40,000",29/12/2025,Expenses,,Bida,
gửi xe,-8000,"₫8,000",29/12/2025,Expenses,,Study,
"cơm gà, mì khô, xoi",-81000,"₫81,000",30/12/2025,Expenses,,AC,
net với thiên,-30000,"₫30,000",30/12/2025,Expenses,,NET,
bida với ân,-60000,"₫60,000",30/12/2025,Expenses,,Bida,
xăng,-30000,"₫30,000",30/12/2025,Expenses,,DC,
" 2
  ly cf với đám",-57000,"₫57,000",01/01/2026,Expenses,,RL,
bánh ăn sáng,-26000,"₫26,000",01/01/2026,Expenses,,AC,
mì cô thanh,-27000,"₫27,000",01/01/2026,Expenses,,AC,
áo sư phạm,-100000,"₫100,000",01/01/2026,Expenses,,CL,
ktx 3-II tháng 1 ,-354000,"₫354,000",01/01/2026,Expenses,Monthly,Home,
uống nước,-35000,"₫35,000",05/01/2026,Expenses,,G,
"thịt kho, trứng",-70000,"₫70,000",05/01/2026,Expenses,,AC,
bida với ân,-120000,"₫120,000",05/01/2026,Expenses,,Bida,
sinh tố đu đủ,-15000,"₫15,000",05/01/2026,Expenses,,AV,
"cơm tấm, mì, ăn sáng, cơm",-65000,"₫65,000",07/01/2026,Expenses,,AC,
"ăn sáng, sữa, hủ tiếu",-32000,"₫32,000",08/01/2026,Expenses,,AC,
"viết, văn phòng phẩm",-12000,"₫12,000",08/01/2026,Expenses,,Study,
cơm,-24000,"₫24,000",10/01/2026,Expenses,,AC,
bida,-27000,"₫27,000",10/01/2026,Expenses,,AC,
tiền tuần,520000,"₫520,000",11/01/2026,In-come,,,Family
khăn giấy,-9000,"₫9,000",11/01/2026,Expenses,,AC,
net grey gaming,-103000,"₫103,000",11/01/2026,Expenses,,NET,
bida với ân,-65000,"₫65,000",14/01/2026,Expenses,,Bida,
mì cay,-47000,"₫47,000",14/01/2026,Expenses,,AC,
"cơm trưa, ăn sáng",-35000,"₫35,000",14/01/2026,Expenses,,AC,
cà phê,-12000,"₫12,000",14/01/2026,Expenses,,Coffee,
bida với béo,-45000,"₫45,000",14/01/2026,Expenses,,Bida,
"cơm gà, bánh mì",-37000,"₫37,000",14/01/2026,Expenses,,AC,
tàu hủ,-12000,"₫12,000",14/01/2026,Expenses,,AV,
nạp điện thoại,-20000,"₫20,000",15/01/2026,Expenses,,Utility,
"bida với ân, ",-62000,"₫62,000",15/01/2026,Expenses,,Bida,
cf bida ,-18000,"₫18,000",15/01/2026,Expenses,,Coffee,
"cơm trưa, hủ tiếu",-40000,"₫40,000",15/01/2026,Expenses,,AC,
quyên góp ĐRL,-38000,"₫38,000",15/01/2026,Expenses,,Study,
"mì, bánh, ",-28000,"₫28,000",16/01/2026,Expenses,,AC,
bida với ân,-43000,"₫43,000",16/01/2026,Expenses,,Bida,
coffee,-18000,"₫18,000",16/01/2026,Expenses,,Coffee,
"ăn sáng, sữa tươi",-22000,"₫22,000",18/01/2026,Expenses,,AC,
xăng,-30000,"₫30,000",18/01/2026,Expenses,,DC,
tiền tuần,480000,"₫480,000",18/01/2026,In-come,,,Family
nét,-15000,"₫15,000",18/01/2026,Expenses,,NET,
"hủ tiếu, cơm trưa",-40000,"₫40,000",18/01/2026,Expenses,,AC,
bida với ân,-56000,"₫56,000",18/01/2026,Expenses,,Bida,
caffe,-17000,"₫17,000",18/01/2026,Expenses,,Coffee,
"thịt kho, cam, bánh",-100000,"₫100,000",19/01/2026,Expenses,,AC,
bida vs ân,-58000,"₫58,000",19/01/2026,Expenses,,Bida,
"cơm, ăn sáng",-33000,"₫33,000",19/01/2026,Expenses,,AC,
trà sữa,-23000,"₫23,000",19/01/2026,Expenses,,AV,
cafe căn tin,-12000,"₫12,000",19/01/2026,Expenses,,Coffee,
555 bạc,-26000,"₫26,000",19/01/2026,Expenses,,Smoking,
"cơm trưa, cơm chiều",-59000,"₫59,000",20/01/2026,Expenses,,AC,
bida với ân,-76000,"₫76,000",20/01/2026,Expenses,,Bida,
cf,-12000,"₫12,000",20/01/2026,Expenses,,Coffee,
dock + dây sạc ip,-243000,"₫243,000",21/01/2026,Expenses,BigM,Utility,
coffee căn tin,-12000,"₫12,000",23/01/2026,Expenses,,Coffee,
net với hào,-110000,"₫110,000",23/01/2026,Expenses,,NET,
ăn sáng,-7000,"₫7,000",23/01/2026,Expenses,,AC,
"cà chua, dưa lao",-20000,"₫20,000",23/01/2026,Expenses,,AC,
tân gia nhà việt,-62000,"₫62,000",14/02/2026,Expenses,,RL,
xăng,-50000,"₫50,000",15/02/2026,Expenses,,DC,
cf quán mộc,-14000,"₫14,000",15/02/2026,Expenses,,Coffee,
bida với kiên,-18000,"₫18,000",15/02/2026,Expenses,,Bida,
cân bằng số liệu,113000,"₫113,000",15/02/2026,In-come,,,Family
3 số bạc,-25000,"₫25,000",16/02/2026,Expenses,,Smoking,
cafe,-17000,"₫17,000",16/02/2026,Expenses,,Coffee,
bida với tường,-18000,"₫18,000",17/02/2026,Expenses,,Bida,
hủ tiếu,-35000,"₫35,000",17/02/2026,Expenses,,AC,
xăng,-50000,"₫50,000",17/02/2026,Expenses,,DC,
"bà Nội, cô Tiền",200000,"₫200,000",17/02/2026,In-come,,,Clan
"cafe vs hiếu, như",-16000,"₫16,000",17/02/2026,Expenses,,Coffee,
bida với béo,-28000,"₫28,000",18/02/2026,Expenses,,Bida,
bida với tín,-50000,"₫50,000",18/02/2026,Expenses,,Bida,
hủ tiếu,-30000,"₫30,000",18/02/2026,Expenses,,AC,
lì xì,300000,"₫300,000",19/02/2026,In-come,,,Clan
cafe đánh bài,-65000,"₫65,000",19/02/2026,Expenses,,RL,
mì trộn,-69000,"₫69,000",19/02/2026,Expenses,,AC,
hủ tiếu,-35000,"₫35,000",20/02/2026,Expenses,,AC,
fomo + khánh du,-70000,"₫70,000",20/02/2026,Expenses,,RL,
ăn bài,108000,"₫108,000",20/02/2026,In-come,,,Anh em
bida với béo,-90000,"₫90,000",22/02/2026,Expenses,,Bida,
bida với kiên,-26000,"₫26,000",23/02/2026,Expenses,,Bida,
cà phê căn tin,-15000,"₫15,000",23/02/2026,Expenses,,Coffee,
xăng,-40000,"₫40,000",23/02/2026,Expenses,,DC,
bánh mì,-10000,"₫10,000",23/02/2026,Expenses,,AC,
"trứng, gạo, chà bông, mì",-102000,"₫102,000",23/02/2026,Expenses,,AC,
tiền tuần,200000,"₫200,000",23/02/2026,In-come,,,Family
"bún nem, cơm gà",-47000,"₫47,000",23/02/2026,Expenses,,AC,
vé số,-10000,"₫10,000",23/02/2026,Expenses,,Ngu,
gửi xe,-12000,"₫12,000",24/02/2026,Expenses,,Study,
"cà chua dưa leo, rau muốn",-28000,"₫28,000",24/02/2026,Expenses,,AC,
sinh tố dừa,-15000,"₫15,000",24/02/2026,Expenses,,AV,
cafe,-15000,"₫15,000",24/02/2026,Expenses,,Coffee,
bida với ân,-33000,"₫33,000",24/02/2026,Expenses,,Bida,
mì trộn,-50000,"₫50,000",24/02/2026,Expenses,,AC,
trà sữa gạo + kem,-28000,"₫28,000",24/02/2026,Expenses,,AV,
ăn ốc + nhậu,-290000,"₫290,000",25/02/2026,Expenses,,G,
bida với gấu,-44000,"₫44,000",25/02/2026,Expenses,,Bida,
bida với phi,-92000,"₫92,000",25/02/2026,Expenses,,Bida,
cơm gà,-25000,"₫25,000",25/02/2026,Expenses,,AC,
hủ tiếu,-17000,"₫17,000",27/02/2026,Expenses,,AC,
bida với ân,-50000,"₫50,000",27/02/2026,Expenses,,Bida,
bida với tường,-33000,"₫33,000",27/02/2026,Expenses,,Bida,
xăng,-30000,"₫30,000",27/02/2026,Expenses,,DC,
cf đám hiếu,-15000,"₫15,000",27/02/2026,Expenses,,RL,
cf 365,-20000,"₫20,000",27/02/2026,Expenses,,Coffee,
cơm gà,-27000,"₫27,000",27/02/2026,Expenses,,AC,
bida với ân,-43000,"₫43,000",27/02/2026,Expenses,,Bida,
xăng,-20000,"₫20,000",28/02/2026,Expenses,,DC,
ăn sáng,-6000,"₫6,000",28/02/2026,Expenses,,AC,
bida với ân,-21000,"₫21,000",28/02/2026,Expenses,,Bida,
cf ara,-30000,"₫30,000",28/02/2026,Expenses,,Coffee,
bún đậu,-53000,"₫53,000",28/02/2026,Expenses,,AC,
xăng,-30000,"₫30,000",28/02/2026,Expenses,,DC,
ktx 3-II tháng 3,-353000,"₫353,000",01/03/2026,Expenses,Monthly,Home,
quỹ lớp cấp trại,-120000,"₫120,000",01/03/2026,Expenses,,RL,
bún cua,-30000,"₫30,000",03/03/2026,Expenses,,AC,
cf căn tin,-12000,"₫12,000",03/03/2026,Expenses,,Coffee,
iCloud,-19000,"₫19,000",03/03/2026,Expenses,Monthly,Utility,
bida với ân,-33000,"₫33,000",03/03/2026,Expenses,,Bida,
Smoking,-30000,"₫30,000",03/03/2026,Expenses,,Smoking,
cf trung nguyên,-18000,"₫18,000",03/03/2026,Expenses,,Coffee,
bida với ân,-40000,"₫40,000",04/03/2026,Expenses,,Bida,
"mì trộn, cơm trưa",-73000,"₫73,000",04/03/2026,Expenses,,AC,
trà sữa,-20000,"₫20,000",04/03/2026,Expenses,,AV,
"thịt kho, trái cay",-70000,"₫70,000",06/03/2026,Expenses,,AC,
tiền tuần,470000,"₫470,000",06/03/2026,In-come,,,Family
xăng,-40000,"₫40,000",06/03/2026,Expenses,,DC,
bida với ân,-43000,"₫43,000",08/03/2026,Expenses,,Bida,
sữa chua,-27000,"₫27,000",08/03/2026,Expenses,,AV,
bida với ân,-42000,"₫42,000",09/03/2026,Expenses,,Bida,
trà sữa di sản,-20000,"₫20,000",09/03/2026,Expenses,,AV,
5G,-70000,"₫70,000",09/03/2026,Expenses,Monthly,Utility,
bida với ân,-28000,"₫28,000",10/03/2026,Expenses,,Bida,
bida với ân,-28000,"₫28,000",10/03/2026,Expenses,,Bida,
mì trộn,-48000,"₫48,000",10/03/2026,Expenses,,AC,
NET,-110000,"₫110,000",10/03/2026,Expenses,,NET,
cơm gà,-27000,"₫27,000",10/03/2026,Expenses,,AC,
"cà chua, trứng",-30000,"₫30,000",10/03/2026,Expenses,,AC,
xăng,-20000,"₫20,000",11/03/2026,Expenses,,DC,
nước,-19000,"₫19,000",11/03/2026,Expenses,,AV,
phí thường niên,-66000,"₫66,000",11/03/2026,Expenses,BigM,Utility,
lắc tay cho ẻm,-256000,"₫256,000",12/03/2026,Expenses,BigM,G,
tiền cuối tuần,104000,"₫104,000",13/03/2026,In-come,,,Family
nước suối,-8000,"₫8,000",13/03/2026,Expenses,,AC,
gửi xe,-2000,"₫2,000",13/03/2026,Expenses,,Study,
mi trọn,-48000,"₫48,000",13/03/2026,Expenses,,AC,
cf vs q,-20000,"₫20,000",13/03/2026,Expenses,,Coffee,
q,-25000,"₫25,000",13/03/2026,Expenses,,G,
xăng,-30000,"₫30,000",14/03/2026,Expenses,,DC,
bida với nhã,-23000,"₫23,000",14/03/2026,Expenses,,Bida,
ăn sáng,-6000,"₫6,000",14/03/2026,Expenses,,AC,
gửi xe,-20000,"₫20,000",15/03/2026,Expenses,,Study,
Tiền điện,-42000,"₫42,000",16/03/2026,Expenses,Monthly,Home,
tiền nhà,410000,"₫410,000",16/03/2026,In-come,,,Family
xăng,-30000,"₫30,000",16/03/2026,Expenses,,DC,
cf Learn bài,-25000,"₫25,000",16/03/2026,Expenses,,Coffee,
bida vs ân,-28000,"₫28,000",16/03/2026,Expenses,,Bida,
hủ tiếu,-26000,"₫26,000",16/03/2026,Expenses,,AC,
trà sữa di sản,-20000,"₫20,000",16/03/2026,Expenses,,AV,
xăng,-30000,"₫30,000",18/03/2026,Expenses,,DC,
bida với ân,-65000,"₫65,000",18/03/2026,Expenses,,Bida,
ăn sáng,-12000,"₫12,000",18/03/2026,Expenses,,AC,
cf Learn bài,-25000,"₫25,000",18/03/2026,Expenses,,Coffee,
xăng,-50000,"₫50,000",23/03/2026,Expenses,,DC,
mì trộn,-22000,"₫22,000",23/03/2026,Expenses,,AC,
sting,-15000,"₫15,000",23/03/2026,Expenses,,AV,
tiền tuần,380000,"₫380,000",23/03/2026,In-come,,,Family
bida với ân,-28000,"₫28,000",23/03/2026,Expenses,,Bida,
"trứng, cà chua",-40000,"₫40,000",23/03/2026,Expenses,,AC,
bida với â,-38000,"₫38,000",24/03/2026,Expenses,,Bida,
gửi xe,-8000,"₫8,000",25/03/2026,Expenses,,Study,
cf với quỳnh,-32000,"₫32,000",26/03/2026,Expenses,,G,
mì trộn,-25000,"₫25,000",26/03/2026,Expenses,,AC,
xăng,-20000,"₫20,000",26/03/2026,Expenses,,DC,
xăng,-30000,"₫30,000",27/03/2026,Expenses,,DC,
tiền ruộng -> ktx,1500000,"₫1,500,000",27/03/2026,In-come,BigM,,Family
tiền tuần,500000,"₫500,000",27/03/2026,In-come,,,Family
bún cua,-30000,"₫30,000",27/03/2026,Expenses,,AC,
ẻm,-34000,"₫34,000",29/03/2026,Expenses,,G,
xăng,-40000,"₫40,000",29/03/2026,Expenses,,DC,
bida vs nhã,-29000,"₫29,000",29/03/2026,Expenses,,Bida,
hớt tóc,-50000,"₫50,000",29/03/2026,Expenses,,Body,
mì hoành,-40000,"₫40,000",29/03/2026,Expenses,,AC,
cà phê quận,-30000,"₫30,000",29/03/2026,Expenses,,Coffee,
khăn giấy,-15000,"₫15,000",29/03/2026,Expenses,,Utility,
"trứng, cà chua",-50000,"₫50,000",29/03/2026,Expenses,,AC,
"sữa tắm, lăn nách",-271000,"₫271,000",29/03/2026,Expenses,BigM,Utility,
"ăn sáng, gửi xe",-16000,"₫16,000",31/03/2026,Expenses,,Study,
bida với ân,-25000,"₫25,000",31/03/2026,Expenses,,Bida,
xăng,-40000,"₫40,000",11/01/2026,Expenses,,DC,
cơm,-24000,"₫24,000",10/01/2026,Expenses,,AC,
bida với ân,-50000,"₫50,000",07/02/2026,Expenses,,Bida,
cf,-12000,"₫12,000",07/01/2026,Expenses,,Coffee,
gửi xe,-10000,"₫10,000",05/01/2026,Expenses,,Study,
"bida với tường, kiên",-50000,"₫50,000",04/01/2026,Expenses,,Bida,
"thịt, trứng, gạo,
  cf",-107000,"₫107,000",12/01/2026,Expenses,,AC,
bida,-27000,"₫27,000",10/01/2026,Expenses,,AC,
cơm,-24000,"₫24,000",10/01/2026,Expenses,,AC,
bánh,-10000,"₫10,000",08/01/2026,Expenses,,AV,
điện nước tháng 12,-126000,"₫126,000",08/01/2026,Expenses,Monthly,Home,
bida với ân,-95000,"₫95,000",02/03/2026,Expenses,,Bida,
bida với ân,-66000,"₫66,000",07/02/2026,Expenses,,Bida,
HB Đồng Tháp,1200000,"₫1,200,000",07/02/2026,In-come,BigM,,Salary
bida với béo,-47000,"₫47,000",07/02/2026,Expenses,,Bida,
cafe,-19000,"₫19,000",08/01/2026,Expenses,,Coffee,
hủ tiếu ,-22000,"₫22,000",05/01/2026,Expenses,,AC,
iClound + ,-19000,"₫19,000",04/01/2026,Expenses,Monthly,Utility,
xăng,-50000,"₫50,000",01/04/2026,Expenses,,DC,
Badmintion,-50000,"₫50,000",04/01/2026,Expenses,,Badmintion,
bida với q,-60000,"₫60,000",05/01/2026,Expenses,,Bida,
"uống nước, linh kiên",-35000,"₫35,000",04/01/2026,Expenses,,RL,
"net with thiên, hào",-30000,"₫30,000",07/01/2026,Expenses,,NET,
gửi xe,-8000,"₫8,000",07/01/2026,Expenses,,Study,
cf căn tin,-12000,"₫12,000",05/01/2026,Expenses,,Coffee,
tiền tuần,320000,"₫320,000",05/01/2026,In-come,,,Family
ktx 3-II tháng 4,-353000,"₫353,000",01/04/2026,Expenses,Monthly,Home,
tiền tuần,300000,"₫300,000",03/04/2026,In-come,,,Family
trà sữa,-20000,"₫20,000",03/04/2026,Expenses,,AV,
mì trộn,-48000,"₫48,000",03/04/2026,Expenses,,AC,
iCloud,-19000,"₫19,000",03/04/2026,Expenses,Monthly,Utility,
cf với bánh ăn sáng,-37000,"₫37,000",03/04/2026,Expenses,,AC,
bida với ân,-26000,"₫26,000",03/04/2026,Expenses,,Bida,
cf,-12000,"₫12,000",05/04/2026,Expenses,,Coffee,
sinh nhật với ẻm,-233000,"₫233,000",05/04/2026,Expenses,,G,
bida với béo,-48000,"₫48,000",05/04/2026,Expenses,,Bida,
ẻm,-34000,"₫34,000",19/04/2026,Expenses,,G,
bida với ân,-45000,"₫45,000",17/04/2026,Expenses,,Bida,
bida với kien,-36000,"₫36,000",20/04/2026,Expenses,,Bida,
chuối chien,-12000,"₫12,000",19/04/2026,Expenses,,AC,
xăng,-40000,"₫40,000",20/04/2026,Expenses,,DC,
"khăn giấy, si gum",-17000,"₫17,000",19/04/2026,Expenses,,Utility,
tiền tuần,350000,"₫350,000",21/04/2026,In-come,,,Family
"quán cán , nươcs",-24000,"₫24,000",21/04/2026,Expenses,,Badmintion,
cơm gà,-30000,"₫30,000",21/04/2026,Expenses,,AC,
ăn sáng,-12000,"₫12,000",22/04/2026,Expenses,,AC,
mì trộn vs ân,-48000,"₫48,000",22/04/2026,Expenses,,AC,
đá bánh,-34000,"₫34,000",22/04/2026,Expenses,,Sport,
bida với béo,-47000,"₫47,000",22/04/2026,Expenses,,Bida,
bida với ân,-24000,"₫24,000",22/04/2026,Expenses,,Bida,
đi chơi đám thiên triết,-150000,"₫150,000",22/04/2026,Expenses,,RL,
"nước cam, nước đá",-12000,"₫12,000",22/04/2026,Expenses,,AV,
bida với phước,-38000,"₫38,000",23/04/2026,Expenses,,Bida,
bánh mì c1,-15000,"₫15,000",23/04/2026,Expenses,,AC,
pho Learn bài,-40000,"₫40,000",17/04/2026,Expenses,,Study,
iCloud,-29000,"₫29,000",17/04/2026,Expenses,Monthly,Utility,
"lẩu, kara, nước",-175000,"₫175,000",17/04/2026,Expenses,,RL,
bida với ân,-53000,"₫53,000",18/04/2026,Expenses,,Bida,
học bổng hội việc làm,3000000,"₫3,000,000",18/04/2026,In-come,BigY,,Salary
vé xem phim,-265000,"₫265,000",18/04/2026,Expenses,,G,
5G,-50000,"₫50,000",18/04/2026,Expenses,,Utility,
nước với thiên,-35000,"₫35,000",18/04/2026,Expenses,,RL,
"cơm gà, thịt kho",-60000,"₫60,000",18/04/2026,Expenses,,AC,
hủ tiếu,-17000,"₫17,000",19/04/2026,Expenses,,AC,
cf,-18000,"₫18,000",05/04/2026,Expenses,,Coffee,
comw,-72000,"₫72,000",06/04/2026,Expenses,,AC,
bida với vũ,-22000,"₫22,000",09/04/2026,Expenses,,Bida,
nước cho em,-32000,"₫32,000",14/04/2026,Expenses,,G,
trà dâu tầm,-28000,"₫28,000",14/04/2026,Expenses,,AV,
gửi xe,-16000,"₫16,000",09/04/2026,Expenses,,Study,
"trứng, gạo, thịt, xoài",-150000,"₫150,000",14/04/2026,Expenses,,AC,
mì hoành,-45000,"₫45,000",15/04/2026,Expenses,,AC,
ca cao sữa,-33000,"₫33,000",15/04/2026,Expenses,,G,
xăng,-40000,"₫40,000",09/04/2026,Expenses,,DC,
"trà sữa, trà xanh",-50000,"₫50,000",09/04/2026,Expenses,,AV,
photo,-10000,"₫10,000",09/04/2026,Expenses,,AC,
cf vs ẻm,-70000,"₫70,000",09/04/2026,Expenses,,G,
cơm,-75000,"₫75,000",09/04/2026,Expenses,,AC,
bida với ân,-70000,"₫70,000",09/04/2026,Expenses,,Bida,
cơm,-25000,"₫25,000",14/04/2026,Expenses,,AC,
xăng,-70000,"₫70,000",14/04/2026,Expenses,,DC,
Tiền điện tháng 3,-81000,"₫81,000",09/04/2026,Expenses,,Home,
nước c2,-25000,"₫25,000",13/04/2026,Expenses,,AV,
mẹ cho,980000,"₫980,000",13/04/2026,In-come,,,Family
bida với béo,-41000,"₫41,000",09/04/2026,Expenses,,Bida,
gửi xe,-8000,"₫8,000",14/04/2026,Expenses,,Study,
bida với tường,-18000,"₫18,000",09/02/2026,Expenses,,Bida,
hủ tiếu,-25000,"₫25,000",10/01/2026,Expenses,,AC,
điện nước tháng 1,-109000,"₫109,000",08/02/2026,Expenses,Monthly,Home,
chuối chiên,-13000,"₫13,000",08/02/2026,Expenses,,AC,
ăn với ktx,-121000,"₫121,000",07/02/2026,Expenses,,RL,
"bida với kiên, tín",-79000,"₫79,000",08/02/2026,Expenses,,Bida,
bida trộn với  ân,-48000,"₫48,000",07/02/2026,Expenses,,AC,
iCloud,-19000,"₫19,000",02/03/2026,Expenses,Monthly,Utility,
bida với béo,-60000,"₫60,000",02/03/2026,Expenses,,Bida,
gửi xe,-4000,"₫4,000",02/03/2026,Expenses,,Study,
trà sữa ,-23000,"₫23,000",02/03/2026,Expenses,,AV,
mì ,-48000,"₫48,000",02/03/2026,Expenses,,AC,
áo mưa,-153000,"₫153,000",01/06/2026,Expenses,BigM,Utility,
cảm,-15000,"₫15,000",01/06/2026,Expenses,,AC,
cà chua,-20000,"₫20,000",02/06/2026,Expenses,,AC,
bida với phước,-22000,"₫22,000",02/06/2026,Expenses,,Bida,
bida với ân,-54000,"₫54,000",03/06/2026,Expenses,,Bida,
cơm gà,-29000,"₫29,000",03/06/2026,Expenses,,AC,
trà sữa vs ẻm,-30000,"₫30,000",03/06/2026,Expenses,,AV,
tiền tuần,200000,"₫200,000",05/06/2026,In-come,,,Family
iCloud monthly,-19000,"₫19,000",05/06/2026,Expenses,Monthly,Utility,
xăng,-50000,"₫50,000",06/06/2026,Expenses,,DC,
thùng nước,-11000,"₫11,000",06/06/2026,Expenses,,AC,
paopao,-223000,"₫223,000",06/06/2026,Expenses,BigM,G,
vệ sinh nam,-89000,"₫89,000",06/06/2026,Expenses,BigM,Body,
mì cay với ẻm,-50000,"₫50,000",07/06/2026,Expenses,,AC,
"nước, bida bới ẻm",-60000,"₫60,000",07/06/2026,Expenses,,G,
bida với ân,-47000,"₫47,000",07/06/2026,Expenses,,Bida,
sinh tố sa po,-18000,"₫18,000",07/06/2026,Expenses,,AV,
hớt tóc,-40000,"₫40,000",07/06/2026,Expenses,,Body,
dầu ăn + bánh mì ăn sáng,-37000,"₫37,000",07/06/2026,Expenses,,AC,
bida với ân,-36000,"₫36,000",08/06/2026,Expenses,,Bida,
cơm gà,-28000,"₫28,000",08/06/2026,Expenses,,AC,
stick test,-50000,"₫50,000",08/06/2026,Expenses,,G,
ăn sáng,-20000,"₫20,000",09/06/2026,Expenses,,AC,
bida với ân,-23000,"₫23,000",09/06/2026,Expenses,,Bida,
cơm + nc dừa,-44000,"₫44,000",09/06/2026,Expenses,,AC,
"bida với ân, lớp",-50000,"₫50,000",11/06/2026,Expenses,,Bida,
cf vs thiên,-18000,"₫18,000",11/06/2026,Expenses,,RL,
cơm trưa,-40000,"₫40,000",11/06/2026,Expenses,,AC,
cf căn tin,-25000,"₫25,000",11/06/2026,Expenses,,Coffee,
xăng,-50000,"₫50,000",11/06/2026,Expenses,,DC,
"bánh ngọt, bánh mì",-65000,"₫65,000",11/06/2026,Expenses,,AV,
bida với kiên,-31000,"₫31,000",13/06/2026,Expenses,,Bida,
xăng,-50000,"₫50,000",13/06/2026,Expenses,,DC,
mì hoành,-40000,"₫40,000",13/06/2026,Expenses,,AC,
vé số,-20000,"₫20,000",13/06/2026,Expenses,,Ngu,
bida với ân,-25000,"₫25,000",13/06/2026,Expenses,,Bida,
cf tiệm net,-15000,"₫15,000",13/06/2026,Expenses,,Coffee,
"thịt kho, trứng, bánh mì, cf",-150000,"₫150,000",13/06/2026,Expenses,,AC,
tiền tuần,438000,"₫438,000",13/06/2026,In-come,,,Family
khăn giấy,-86000,"₫86,000",13/06/2026,Expenses,,Home,
bida với béo,-105000,"₫105,000",15/06/2026,Expenses,,Bida,
cf + bida vs q,-70000,"₫70,000",16/06/2026,Expenses,,G,
ăn sáng + nc đá,-20000,"₫20,000",16/06/2026,Expenses,,AC,
switch chuột,-18000,"₫18,000",16/06/2026,Expenses,,Utility,
xăng,-30000,"₫30,000",18/06/2026,Expenses,,DC,
bida với ẻm,-40000,"₫40,000",18/06/2026,Expenses,,Bida,
cơm gà,-30000,"₫30,000",18/06/2026,Expenses,,AC,
nước mia,-20000,"₫20,000",18/06/2026,Expenses,,AC,
gửi xe,-10000,"₫10,000",18/06/2026,Expenses,,Study,
điện thoại cho mẹ,-850000,"₫850,000",12/05/2026,Expenses,Vay,Cho vay,
ngoại cho,200000,"₫200,000",19/06/2026,In-come,,,Clan
Học phí 3-III,10000000,"₫10,000,000",20/06/2026,In-come,BigY,,Family
tiền tuần,550000,"₫550,000",20/06/2026,In-come,,,Family
"thịt, trứng, trái cây",-150000,"₫150,000",20/06/2026,Expenses,,AC,
vé số,-20000,"₫20,000",20/06/2026,Expenses,,Ngu,
cf,-15000,"₫15,000",21/06/2026,Expenses,,Coffee,
bida với béo,-76000,"₫76,000",21/06/2026,Expenses,,Bida,
xăng,-50000,"₫50,000",21/06/2026,Expenses,,DC,
bánh ngọt,-29000,"₫29,000",21/06/2026,Expenses,,AV,
sg bạc,-18000,"₫18,000",21/06/2026,Expenses,,Smoking,
nước mía,-10000,"₫10,000",21/06/2026,Expenses,,AV,
thay ruột xe,-100000,"₫100,000",22/06/2026,Expenses,,Accident,
bida với ân,-115000,"₫115,000",24/06/2026,Expenses,,Bida,
bida với q,-34000,"₫34,000",23/06/2026,Expenses,,Bida,
cơm,-50000,"₫50,000",23/06/2026,Expenses,,AC,
"rau má, trà lựu",-52000,"₫52,000",24/06/2026,Expenses,,AV,
cơm với q,-50000,"₫50,000",26/06/2026,Expenses,,AC,
xăng,-50000,"₫50,000",26/06/2026,Expenses,,DC,
cầu lông,-20000,"₫20,000",26/06/2026,Expenses,,Badmintion,
bida với tường,-20000,"₫20,000",26/06/2026,Expenses,,Bida,
thùng nước + cà chua,-20000,"₫20,000",26/06/2026,Expenses,,AC,
cafe ,-15000,"₫15,000",24/06/2026,Expenses,,Coffee,
"bida với ân, béo",-204000,"₫204,000",29/06/2026,Expenses,,Bida,
tiền tuần,420000,"₫420,000",29/06/2026,In-come,,,Family
"thịt kho, trứng",-100000,"₫100,000",27/06/2026,Expenses,,AC,
sinh tố dừa ,-20000,"₫20,000",29/06/2026,Expenses,,AV,
hớt tóc,-50000,"₫50,000",29/06/2026,Expenses,,Body,
cf đá bánh,-18000,"₫18,000",29/06/2026,Expenses,,RL,
ăn sáng + rau má,-20000,"₫20,000",29/06/2026,Expenses,,AC,
keo + xịt phòng tóc,-160000,"₫160,000",29/06/2026,Expenses,BigM,Body,
2 quần 2 áo đi VT,-600000,"₫600,000",29/06/2026,Expenses,BigM,CL,
nước mía,-10000,"₫10,000",29/06/2026,Expenses,,AC,
bida với ân,-48000,"₫48,000",30/06/2026,Expenses,,Bida,
xịt muỗi,-58000,"₫58,000",30/06/2026,Expenses,,Home,
"cf, nước mía, ép bưởi",-45000,"₫45,000",30/06/2026,Expenses,,AV,
"mì cay, mì trộn",-91000,"₫91,000",30/06/2026,Expenses,,AC,
xăng,-50000,"₫50,000",01/07/2026,Expenses,,DC,
xăng,-50000,"₫50,000",03/07/2026,Expenses,,DC,
iCloud monthly,-19000,"₫19,000",03/07/2026,Expenses,Monthly,Utility,
gạo,-50000,"₫50,000",03/07/2026,Expenses,,AC,
tiền tuần,490000,"₫490,000",03/07/2026,In-come,,,Family
cô hương,200000,"₫200,000",03/07/2026,In-come,,,Clan
nước mía,-10000,"₫10,000",03/07/2026,Expenses,,AC,
tiền nhà tháng 6,-1622000,"₫1,622,000",03/07/2026,Expenses,Monthly,Home,
nạp điện thoại,-20000,"₫20,000",03/07/2026,Expenses,,Utility,
cơm,-53000,"₫53,000",04/07/2026,Expenses,,AC,
bida với béo,-49000,"₫49,000",04/07/2026,Expenses,,Bida,
cafe + sữa,-38000,"₫38,000",04/07/2026,Expenses,,Coffee,
cơm + bánh tráng,-63000,"₫63,000",04/07/2026,Expenses,,AC,
coi phim vs q,-73000,"₫73,000",04/07/2026,Expenses,,G,
4G monthly,-60000,"₫60,000",05/07/2026,Expenses,Monthly,Utility,
cf + sữa,-40000,"₫40,000",06/07/2026,Expenses,,Coffee,
"bánh, cơm 2 buổi, rau má, bánh tiêu",-90000,"₫90,000",06/07/2026,Expenses,,AC,
tiền tuần,400000,"₫400,000",06/07/2026,In-come,,,Family
thịt kho,-100000,"₫100,000",06/07/2026,Expenses,,AC,
bida với ân,-32000,"₫32,000",07/07/2026,Expenses,,Bida,
xăng,-50000,"₫50,000",07/07/2026,Expenses,,DC,
nước suối,-10000,"₫10,000",07/07/2026,Expenses,,AC,
cầu lông,-30000,"₫30,000",07/07/2026,Expenses,,Badmintion,
nước miá + bánh tráng,-20000,"₫20,000",08/07/2026,Expenses,,AC,
bida với ân,-65000,"₫65,000",10/07/2026,Expenses,,Bida,
vá xe,-20000,"₫20,000",10/07/2026,Expenses,,Accident,
hớt tóc,-40000,"₫40,000",10/07/2026,Expenses,,Body,
dép mới,-180000,"₫180,000",10/07/2026,Expenses,BigM,CL,
ga niệm,-45000,"₫45,000",10/07/2026,Expenses,BigM,Home,
"cà chua, nước, ăn sáng",-60000,"₫60,000",10/07/2026,Expenses,,AC,
quỹ lớp,-12000,"₫12,000",09/07/2026,Expenses,,Study,
cf trong trường,-31000,"₫31,000",09/07/2026,Expenses,,Coffee,
cơm sườn,-25000,"₫25,000",08/07/2026,Expenses,,AC,
cầu lông vs tường ,-70000,"₫70,000",12/07/2026,Expenses,,Badmintion,
xăng,-50000,"₫50,000",12/07/2026,Expenses,,DC,
hủ tiếu + bánh bao,-40000,"₫40,000",12/07/2026,Expenses,,AC,
bida với tín,-25000,"₫25,000",12/07/2026,Expenses,,Bida,
xăng,-50000,"₫50,000",13/07/2026,Expenses,,DC,
"thịt kho , trứng",-130000,"₫130,000",13/07/2026,Expenses,,AC,
tiền tuần,477000,"₫477,000",13/07/2026,In-come,,,Family
cơm sườn,-25000,"₫25,000",13/07/2026,Expenses,,AC,
bida với tường,-50000,"₫50,000",14/07/2026,Expenses,,Bida,
tàu hủ,-15000,"₫15,000",14/07/2026,Expenses,,AV,
bánh mì ăn sáng + nc mía,-35000,"₫35,000",14/07/2026,Expenses,,AC,
cf căn tin,-18000,"₫18,000",14/07/2026,Expenses,,Coffee,
cf + sữa đặc,-38000,"₫38,000",15/07/2026,Expenses,,Coffee,
sinh tố đu đủ,-23000,"₫23,000",15/07/2026,Expenses,,AV,
ăn sáng + nc dừa,-30000,"₫30,000",15/07/2026,Expenses,,AC,
bida với ân,-80000,"₫80,000",17/07/2026,Expenses,,Bida,
cf,-17000,"₫17,000",17/07/2026,Expenses,,Coffee,
"ăn sáng + nước mía, cơm sườn",-50000,"₫50,000",17/07/2026,Expenses,,AC,
bida với béo,-29000,"₫29,000",17/07/2026,Expenses,,Bida,
xăng,-70000,"₫70,000",19/07/2026,Expenses,,DC,
cầu lông,-20000,"₫20,000",19/07/2026,Expenses,,Badmintion,
tường,-80000,"₫80,000",06/05/2026,Expenses,Vay,Cho vay,
bida với tường,-20000,"₫20,000",19/07/2026,Expenses,,Bida,
"nước mía, đồ chiên",-20000,"₫20,000",19/07/2026,Expenses,,RL,
xem phim,-150000,"₫150,000",19/07/2026,Expenses,,G,
nước mía + nc đá,-11000,"₫11,000",19/07/2026,Expenses,,AC,
"thịt kho, gạo",-100000,"₫100,000",19/07/2026,Expenses,,AC,
tiền tuần,500000,"₫500,000",19/07/2026,In-come,,,Family
"cơm, ăn sáng, trứng",-80000,"₫80,000",21/07/2026,Expenses,,AC,
cf + sữa đặc,-40000,"₫40,000",21/07/2026,Expenses,,Coffee,
bida với ân,-52000,"₫52,000",21/07/2026,Expenses,,Bida,
bánh canh,-30000,"₫30,000",21/07/2026,Expenses,,AC,
bánh canh q,-30000,"₫30,000",21/07/2026,Expenses,,G,
mẹ cho ,100000,"₫100,000",24/07/2026,In-come,,,Family
cf vs hiếu như,-20000,"₫20,000",24/07/2026,Expenses,,RL,
"nước mía, nước đá, bánh",-20000,"₫20,000",24/07/2026,Expenses,,AV,
nước mía nước dừa,-20000,"₫20,000",24/07/2026,Expenses,,AC,
best ci i,-213000,"₫213,000",25/07/2026,Expenses,,G,
beso bida,-34000,"₫34,000",06/05/2026,Expenses,Vay,Cho vay,
thịt kho + trứng,-100000,"₫100,000",29/07/2026,Expenses,,AC,
tiền tuần,400000,"₫400,000",29/07/2026,In-come,,,Family
acc chatgpt,-70000,"₫70,000",29/07/2026,Expenses,,Ngu,
hào,-70000,"₫70,000",29/07/2026,Expenses,,AC,
"trà, sữa, ",-50000,"₫50,000",29/07/2026,Expenses,,AV,
cơm,-55000,"₫55,000",29/07/2026,Expenses,,AC,
cơm q + nước,-50000,"₫50,000",29/07/2026,Expenses,,G,
bida vơi béo,-33000,"₫33,000",29/07/2026,Expenses,,Bida,
xăng,-50000,"₫50,000",29/07/2026,Expenses,,DC,
cf,-40000,"₫40,000",29/07/2026,Expenses,,Coffee,
sữa ông thọ,-20000,"₫20,000",29/07/2026,Expenses,,AV,
kem đánh răng,-30000,"₫30,000",29/07/2026,Expenses,,Home,
bida với ân,-35000,"₫35,000",30/07/2026,Expenses,,Bida,
ăn sáng + nc đá,-18000,"₫18,000",30/07/2026,Expenses,,AC,
trà lưu ,-25000,"₫25,000",30/07/2026,Expenses,,AV,
in bảng điểm,-10000,"₫10,000",30/07/2026,Expenses,,Study,
bida với ân,-40000,"₫40,000",01/08/2026,Expenses,,Bida,
bún,-25000,"₫25,000",01/08/2026,Expenses,,AC,
bún + nc,-35000,"₫35,000",01/08/2026,Expenses,,G,
xăng,-40000,"₫40,000",01/08/2026,Expenses,,DC,
bida với tường,-30000,"₫30,000",01/08/2026,Expenses,,Bida,
tiền tuần,488000,"₫488,000",01/08/2026,In-come,,,Family
xăng,-50000,"₫50,000",03/08/2026,Expenses,,DC,
cầu lông nc mía,-40000,"₫40,000",03/08/2026,Expenses,,Badmintion,
4G monthly,-70000,"₫70,000",04/08/2026,Expenses,Monthly,Utility,
tiền nhà tháng 7 + khóa mất,-1706000,"₫1,706,000",04/08/2026,Expenses,Monthly,Home,
"chuối, nước",-45000,"₫45,000",04/08/2026,Expenses,,AC,
iCloud monthly,-19000,"₫19,000",04/08/2026,Expenses,Monthly,Utility,
"cacao, mía, …",-30000,"₫30,000",06/08/2026,Expenses,,AV,
cơm + trứng dưa leo,-35000,"₫35,000",06/08/2026,Expenses,,AC,
bida với ân,-50000,"₫50,000",06/08/2026,Expenses,,Bida,
nước đám thiên,-20000,"₫20,000",06/08/2026,Expenses,,RL,
bún đậu vs q,-50000,"₫50,000",06/08/2026,Expenses,,AC,
bida với triết,-20000,"₫20,000",06/08/2026,Expenses,,Bida,
"triết, bida",20000,"₫20,000",06/08/2026,In-come,Vay,,Cho vay
thiên,-12000,"₫12,000",06/08/2026,Expenses,Vay,Cho vay,
in bảng điểm,-60000,"₫60,000",09/08/2026,Expenses,,Study,
bida với ân,-33000,"₫33,000",09/08/2026,Expenses,,Bida,
dép lào,-96000,"₫96,000",09/08/2026,Expenses,,CL,
cf + cầu lông,-40000,"₫40,000",09/08/2026,Expenses,,Badmintion,
xăng,-30000,"₫30,000",09/08/2026,Expenses,,DC,
thịt kho + trứng,-100000,"₫100,000",10/08/2026,Expenses,,AC,
trà ,-35000,"₫35,000",10/08/2026,Expenses,,AC,
tiền tuần,430000,"₫430,000",10/08/2026,In-come,,,Family
xăng,-50000,"₫50,000",10/08/2026,Expenses,,DC,
bánh snack,-12000,"₫12,000",10/08/2026,Expenses,,AV,